[2026-06-18T12:43:35.929Z] OrderImport daemon started pid=482060 node=v23.10.0 interval=30s
[2026-06-18T12:43:35.929Z] OrderImport daemon: cycle start
[2026-06-18T12:43:36.859Z] OrderImport: found 0 file(s)
[2026-06-18T12:43:36.859Z] OrderImport: nothing to do.
[2026-06-18T12:44:05.945Z] OrderImport daemon: cycle start
[2026-06-18T12:44:06.928Z] OrderImport: found 0 file(s)
[2026-06-18T12:44:06.928Z] OrderImport: nothing to do.
[2026-06-18T12:44:35.971Z] OrderImport daemon: cycle start
[2026-06-18T12:44:36.902Z] OrderImport: found 0 file(s)
[2026-06-18T12:44:36.902Z] OrderImport: nothing to do.
[2026-06-18T12:45:06.000Z] OrderImport daemon: cycle start
[2026-06-18T12:45:07.769Z] OrderImport: found 1 file(s)
[2026-06-18T12:45:08.262Z] WARN: 1781099464060_HKL_TCN_271454_20260610_155031.json on FTP is not a valid order JSON (looks like json_parameters_desc). Recovered last good order payload from /mnt/eform/data/orders-in/processed/2026-06-11T12-14-27-473Z__1781099464060_HKL_TCN_271454_20260610_155031.json
[2026-06-18T12:45:12.912Z] Imported order id=2672 for user=TCN positions=2
[2026-06-18T12:45:22.986Z] browserRecalculator: order 2672 → OK: Przeliczono 2 pozycji
[2026-06-18T12:45:23.045Z] Import: restored import params on 2 position(s) for order 2672
[2026-06-18T12:45:23.402Z] Import+recalculate OK for order 2672
[2026-06-18T12:45:24.115Z] Connected to FTP server: serwer2560216.home.pl
[2026-06-18T12:45:24.177Z] FTP upload result: {"code":226,"message":"226-File successfully transferred\n226 0.013 seconds (measured here), 1.12 Mbytes per second"}
[2026-06-18T12:45:24.249Z] zaczynam /home/pawel/projects/eform-project/eform/img/hkl.png
[2026-06-18T12:45:24.300Z] sendDAta {
  "orderno": "47",
  "orderid": 2672,
  "commission": "GROEN DE",
  "client": "TAPIJTCENTRUM NEDERLAND B.V.",
  "organizationIdent": "HKL",
  "userIdent": "TCN",
  "created_date": "18.06.2026",
  "tax": "NL004148496B01",
  "comment": "INDIEN GEEN VOORRAAD SVP PER OMGAANDE BERICHT BESLIST COMMISSIENUMMER EN/OF -NAAM VERMELDEN Komen naast elkaar Totaal aantal commissies: 1 Met vriendelijke groeten, Tapijtcentrum Nederland bv.",
  "sentDate": "18.06.2026",
  "name": "Magazijn Eurogordijn",
  "address": "Sportlaan 31",
  "zip": "5683 CS",
  "city": "Best",
  "country": "NL",
  "email": "<orders@eurogordijn.nl>",
  "phone": "Telefoon:",
  "userStreet": "Hoofdstraat 53",
  "userZip": "5683 AC",
  "userCity": "Best",
  "userCountry": "NL",
  "userPhone": "0031 499 37 32 23",
  "total": "0",
  "total_hidden": "0",
  "items": [
    {
      "posid": 6360,
      "orderpos": 1,
      "product": "59",
      "department": "JALOEZIEËN",
      "product_description": "HOUTENJALOEZIEËN",
      "commission": "GROEN DE",
      "parameters": {
        "AUTOMATYKA___DICT": true,
        "AUTOMATYKA___TITLE": "HUISAUTOMATISERING",
        "BLENDA": "IDD",
        "BLENDA___DESCRIPTION": "IDD",
        "BLENDA___DICT": true,
        "BLENDA___TITLE": "KOOF",
        "BLENDA___VISIBLE": true,
        "CENA": 59.43,
        "CENA_KONCOWA": 59.43,
        "CENA_KONCOWA___DICT": false,
        "CENA_KONCOWA___TITLE": "PRIJS EXCL. BTW [€]",
        "CENA_KONCOWA___VISIBLE": false,
        "CENA_RABAT": 0,
        "CENA_RABAT_S": "",
        "CENA_RABAT___DICT": false,
        "CENA_RABAT___TITLE": "KORTING OP DE ADVIESVERKOOPPRIJS",
        "CENA_S": "59.43(H50PG0)",
        "CENA_SUMA": 59.43,
        "CENA_SUMA___DICT": false,
        "CENA_SUMA___TITLE": "PRIJS INCLUSIEF BTW PER STUK [€]",
        "CENA_SUMA___VISIBLE": true,
        "CENA___DICT": false,
        "CENA___TITLE": "CATALOGUSPRIJS INCLUSIEF BTW [€]",
        "DLUGOSC_STER": 2600,
        "DLUGOSC_STER___DICT": false,
        "DLUGOSC_STER___TITLE": "BEDIENINGSLENGTE [MM]",
        "DLUGOSC_STER___VISIBLE": true,
        "DOPLATA": 0,
        "DOPLATA_EL": 0,
        "DOPLATA_EL_RABAT": 0,
        "DOPLATA_EL_RABAT___DICT": false,
        "DOPLATA_EL_RABAT___TITLE": "KORTING OP DE ADVIESVERKOOPPRIJS VOOR EL",
        "DOPLATA_EL___DICT": false,
        "DOPLATA_EL___TITLE": "PRIJS VOOR EL INCLUSIEF BTW [€]",
        "DOPLATA_S": "",
        "DOPLATA___DICT": false,
        "DOPLATA___TITLE": "MEERPRIJS INCLUSIEF BTW [€]",
        "ILOSC": 1,
        "ILOSC___DICT": false,
        "ILOSC___TITLE": "AANTAL",
        "ILOSC___VISIBLE": true,
        "KOLOR": "5711-50",
        "KOLOR_ALIAS": "8819-50",
        "KOLOR_ALIAS___DESCRIPTION": "PG #0",
        "KOLOR_SYSTE___DICT": false,
        "KOLOR_SYSTE___TITLE": "KLEUR PROFIEL",
        "KOLOR_TEXT___DICT": true,
        "KOLOR_TEXT___TITLE": "KLEUR LADDERKOORD",
        "KOLOR___DESCRIPTION": "PG #0",
        "KOLOR___DICT": true,
        "KOLOR___TITLE": "KLEUR HOUTEN LATTEN",
        "KOLOR___VISIBLE": true,
        "MODEL": "H50",
        "MODEL___DESCRIPTION": "50 MM HOUTEN JALOEZIEËN",
        "MODEL___DICT": true,
        "MODEL___TITLE": "MODEL",
        "MODEL___VISIBLE": true,
        "MONTAZ": "307",
        "MONTAZ_ALIAS": "307",
        "MONTAZ___DESCRIPTION": "SCHAARSTEUN STANDARD",
        "MONTAZ___DICT": true,
        "MONTAZ___TITLE": "INSTALLATIE TYPE",
        "MONTAZ___VISIBLE": true,
        "MOTOR___DICT": true,
        "MOTOR___TITLE": "MOTOR",
        "OCHRONA_CHILD_SAFETY___DICT": true,
        "OCHRONA_CHILD_SAFETY___TITLE": "KINDERVEILIGHEIDSSYSTEEM",
        "OPIS_CENY": "CATALOGUSPRIJS INCLUSIEF BTW [€]=224",
        "OPIS_CENY___DICT": false,
        "OPIS_CENY___TITLE": "OPIS_CENY",
        "OPIS_POZYCJI": "MODEL=H50,BEDIENING=S,BEDIENINGSZIJDE=L,KLEUR HOUTEN LATTEN=8819-50,BEDIENINGSLENGTE [MM]=2600,KOOF=IDD,INSTALLATIE TYPE=307",
        "OPIS_POZYCJI___DICT": false,
        "OPIS_POZYCJI___TITLE": "OPIS_POZYCJI",
        "OPIS_RABATU": "",
        "OPIS_RABATU___DICT": false,
        "OPIS_RABATU___TITLE": "OPIS_RABATU",
        "PILOT___DICT": true,
        "PILOT___TITLE": "AFSTANDSBEDIENING",
        "POW": 0,
        "POW___DICT": false,
        "POW___TITLE": "OPPERVLAKTE [m2]",
        "POW___VISIBLE": true,
        "PROWADZENIE___DICT": true,
        "PROWADZENIE___TITLE": "ZIJGELEIDING",
        "RODZAJ_TEXT___DICT": true,
        "RODZAJ_TEXT___TITLE": "LADDERKOORD",
        "SLOPE_TYPE___DICT": true,
        "SLOPE_TYPE___TITLE": "SLOPE FORM",
        "STEROWANIE": "S",
        "STEROWANIE_EL___DICT": false,
        "STEROWANIE_EL___TITLE": "ELEKTRISCHE BEDIENING",
        "STEROWANIE___DESCRIPTION": "KOORD TREKKEN/DRAAIEN",
        "STEROWANIE___DICT": true,
        "STEROWANIE___TITLE": "BEDIENING",
        "STEROWANIE___VISIBLE": true,
        "STRONA_LADOWANIA___DICT": true,
        "STRONA_LADOWANIA___TITLE": "OPLAADSTOPCONTACTZIJDE",
        "STRONA_STEROWANIA": "L",
        "STRONA_STEROWANIA___DESCRIPTION": "LINKS",
        "STRONA_STEROWANIA___DICT": true,
        "STRONA_STEROWANIA___TITLE": "BEDIENINGSZIJDE",
        "STRONA_STEROWANIA___VISIBLE": true,
        "STRONA_WYJSCIA_PRZEWODU___DICT": true,
        "STRONA_WYJSCIA_PRZEWODU___TITLE": "KABELUITGANGZIJDE",
        "STRSTERSLOP___DICT": true,
        "STRSTERSLOP___TITLE": "BEDIENSEITE S",
        "SUB___CENA": 224,
        "SUB___CENA_KONCOWA": 224,
        "SUB___CENA_KONCOWA___DICT": false,
        "SUB___CENA_KONCOWA___TITLE": "PRIJS EXCL. BTW [€]",
        "SUB___CENA_KONCOWA___VISIBLE": false,
        "SUB___CENA_RABAT": 0,
        "SUB___CENA_RABAT_S": "",
        "SUB___CENA_RABAT___DICT": false,
        "SUB___CENA_RABAT___TITLE": "KORTING OP DE ADVIESVERKOOPPRIJS",
        "SUB___CENA_S": "224(H50PG0)",
        "SUB___CENA_SUMA": 224,
        "SUB___CENA_SUMA___DICT": false,
        "SUB___CENA_SUMA___TITLE": "PRIJS INCLUSIEF BTW PER STUK [€]",
        "SUB___CENA_SUMA___VISIBLE": false,
        "SUB___CENA___DICT": false,
        "SUB___CENA___TITLE": "CATALOGUSPRIJS INCLUSIEF BTW [€]",
        "SUB___DOPLATA": 0,
        "SUB___DOPLATA_EL": 0,
        "SUB___DOPLATA_EL_RABAT": 0,
        "SUB___DOPLATA_EL_RABAT___DICT": false,
        "SUB___DOPLATA_EL_RABAT___TITLE": "KORTING OP DE ADVIESVERKOOPPRIJS VOOR EL",
        "SUB___DOPLATA_EL___DICT": false,
        "SUB___DOPLATA_EL___TITLE": "PRIJS VOOR EL INCLUSIEF BTW [€]",
        "SUB___DOPLATA_S": "",
        "SUB___DOPLATA___DICT": false,
        "SUB___DOPLATA___TITLE": "MEERPRIJS INCLUSIEF BTW [€]",
        "SUB___SUMA_BRUTTO": 224,
        "SUB___SUMA_BRUTTO___DICT": false,
        "SUB___SUMA_BRUTTO___TITLE": "TOTAALPRIJS INCLUSIEF BTW [€]",
        "SUB___SUMA_BRUTTO___VISIBLE": false,
        "SUB___WARTOSC_KONCOWA": 224,
        "SUB___WARTOSC_KONCOWA___DICT": false,
        "SUB___WARTOSC_KONCOWA___TITLE": "TOTAALPRIJS EXCL. BTW [€]",
        "SUB___WARTOSC_KONCOWA___VISIBLE": false,
        "SUMA_BRUTTO": 59.43,
        "SUMA_BRUTTO___DICT": false,
        "SUMA_BRUTTO___TITLE": "TOTAALPRIJS INCLUSIEF BTW [€]",
        "SUMA_BRUTTO___VISIBLE": true,
        "SZEROKOSC": 1320,
        "SZEROKOSC___DICT": false,
        "SZEROKOSC___TITLE": "BREEDTE [MM]",
        "SZEROKOSC___VISIBLE": false,
        "WARTOSC_KONCOWA": 59.43,
        "WARTOSC_KONCOWA___DICT": false,
        "WARTOSC_KONCOWA___TITLE": "TOTAALPRIJS EXCL. BTW [€]",
        "WARTOSC_KONCOWA___VISIBLE": false,
        "WYMIAROWANIE_SLOPOW___DICT": false,
        "WYMIAROWANIE_SLOPOW___TITLE": "AFMETINGEN VOOR SLOPE [MM]",
        "WYSOKOSC": 1860,
        "WYSOKOSC_MONTAZU___DICT": false,
        "WYSOKOSC_MONTAZU___TITLE": "MONTAGEHOOGTE [MM]",
        "WYSOKOSC___DICT": false,
        "WYSOKOSC___TITLE": "HOOGTE [MM]",
        "WYSOKOSC___VISIBLE": false,
        "ZASILANIE___DICT": true,
        "ZASILANIE___TITLE": "VOEDING",
        "uid": "879bea1d2d9a8f4eb2458b62cc4c6de2",
        "uid___VISIBLE": false
      },
      "comment": ""
    },
    {
      "posid": 6361,
      "orderpos": 2,
      "product": "59",
      "department": "JALOEZIEËN",
      "product_description": "HOUTENJALOEZIEËN",
      "commission": "GROEN DE",
      "parameters": {
        "AUTOMATYKA___DICT": true,
        "AUTOMATYKA___TITLE": "HUISAUTOMATISERING",
        "BLENDA": "IDD",
        "BLENDA___DESCRIPTION": "IDD",
        "BLENDA___DICT": true,
        "BLENDA___TITLE": "KOOF",
        "BLENDA___VISIBLE": true,
        "CENA": 59.43,
        "CENA_KONCOWA": 59.43,
        "CENA_KONCOWA___DICT": false,
        "CENA_KONCOWA___TITLE": "PRIJS EXCL. BTW [€]",
        "CENA_KONCOWA___VISIBLE": false,
        "CENA_RABAT": 0,
        "CENA_RABAT_S": "",
        "CENA_RABAT___DICT": false,
        "CENA_RABAT___TITLE": "KORTING OP DE ADVIESVERKOOPPRIJS",
        "CENA_S": "59.43(H50PG0)",
        "CENA_SUMA": 59.43,
        "CENA_SUMA___DICT": false,
        "CENA_SUMA___TITLE": "PRIJS INCLUSIEF BTW PER STUK [€]",
        "CENA_SUMA___VISIBLE": true,
        "CENA___DICT": false,
        "CENA___TITLE": "CATALOGUSPRIJS INCLUSIEF BTW [€]",
        "DLUGOSC_STER": 2600,
        "DLUGOSC_STER___DICT": false,
        "DLUGOSC_STER___TITLE": "BEDIENINGSLENGTE [MM]",
        "DLUGOSC_STER___VISIBLE": true,
        "DOPLATA": 0,
        "DOPLATA_EL": 0,
        "DOPLATA_EL_RABAT": 0,
        "DOPLATA_EL_RABAT___DICT": false,
        "DOPLATA_EL_RABAT___TITLE": "KORTING OP DE ADVIESVERKOOPPRIJS VOOR EL",
        "DOPLATA_EL___DICT": false,
        "DOPLATA_EL___TITLE": "PRIJS VOOR EL INCLUSIEF BTW [€]",
        "DOPLATA_S": "",
        "DOPLATA___DICT": false,
        "DOPLATA___TITLE": "MEERPRIJS INCLUSIEF BTW [€]",
        "ILOSC": 1,
        "ILOSC___DICT": false,
        "ILOSC___TITLE": "AANTAL",
        "ILOSC___VISIBLE": true,
        "KOLOR": "5711-50",
        "KOLOR_ALIAS": "8819-50",
        "KOLOR_ALIAS___DESCRIPTION": "PG #0",
        "KOLOR_SYSTE___DICT": false,
        "KOLOR_SYSTE___TITLE": "KLEUR PROFIEL",
        "KOLOR_TEXT___DICT": true,
        "KOLOR_TEXT___TITLE": "KLEUR LADDERKOORD",
        "KOLOR___DESCRIPTION": "PG #0",
        "KOLOR___DICT": true,
        "KOLOR___TITLE": "KLEUR HOUTEN LATTEN",
        "KOLOR___VISIBLE": true,
        "MODEL": "H50",
        "MODEL___DESCRIPTION": "50 MM HOUTEN JALOEZIEËN",
        "MODEL___DICT": true,
        "MODEL___TITLE": "MODEL",
        "MODEL___VISIBLE": true,
        "MONTAZ": "307",
        "MONTAZ_ALIAS": "307",
        "MONTAZ___DESCRIPTION": "SCHAARSTEUN STANDARD",
        "MONTAZ___DICT": true,
        "MONTAZ___TITLE": "INSTALLATIE TYPE",
        "MONTAZ___VISIBLE": true,
        "MOTOR___DICT": true,
        "MOTOR___TITLE": "MOTOR",
        "OCHRONA_CHILD_SAFETY___DICT": true,
        "OCHRONA_CHILD_SAFETY___TITLE": "KINDERVEILIGHEIDSSYSTEEM",
        "OPIS_CENY": "CATALOGUSPRIJS INCLUSIEF BTW [€]=224",
        "OPIS_CENY___DICT": false,
        "OPIS_CENY___TITLE": "OPIS_CENY",
        "OPIS_POZYCJI": "MODEL=H50,BEDIENING=S,BEDIENINGSZIJDE=R,KLEUR HOUTEN LATTEN=8819-50,BEDIENINGSLENGTE [MM]=2600,KOOF=IDD,INSTALLATIE TYPE=307",
        "OPIS_POZYCJI___DICT": false,
        "OPIS_POZYCJI___TITLE": "OPIS_POZYCJI",
        "OPIS_RABATU": "",
        "OPIS_RABATU___DICT": false,
        "OPIS_RABATU___TITLE": "OPIS_RABATU",
        "PILOT___DICT": true,
        "PILOT___TITLE": "AFSTANDSBEDIENING",
        "POW": 0,
        "POW___DICT": false,
        "POW___TITLE": "OPPERVLAKTE [m2]",
        "POW___VISIBLE": true,
        "PROWADZENIE___DICT": true,
        "PROWADZENIE___TITLE": "ZIJGELEIDING",
        "RODZAJ_TEXT___DICT": true,
        "RODZAJ_TEXT___TITLE": "LADDERKOORD",
        "SLOPE_TYPE___DICT": true,
        "SLOPE_TYPE___TITLE": "SLOPE FORM",
        "STEROWANIE": "S",
        "STEROWANIE_EL___DICT": false,
        "STEROWANIE_EL___TITLE": "ELEKTRISCHE BEDIENING",
        "STEROWANIE___DESCRIPTION": "KOORD TREKKEN/DRAAIEN",
        "STEROWANIE___DICT": true,
        "STEROWANIE___TITLE": "BEDIENING",
        "STEROWANIE___VISIBLE": true,
        "STRONA_LADOWANIA___DICT": true,
        "STRONA_LADOWANIA___TITLE": "OPLAADSTOPCONTACTZIJDE",
        "STRONA_STEROWANIA": "R",
        "STRONA_STEROWANIA___DESCRIPTION": "RECHTS",
        "STRONA_STEROWANIA___DICT": true,
        "STRONA_STEROWANIA___TITLE": "BEDIENINGSZIJDE",
        "STRONA_STEROWANIA___VISIBLE": true,
        "STRONA_WYJSCIA_PRZEWODU___DICT": true,
        "STRONA_WYJSCIA_PRZEWODU___TITLE": "KABELUITGANGZIJDE",
        "STRSTERSLOP___DICT": true,
        "STRSTERSLOP___TITLE": "BEDIENSEITE S",
        "SUB___CENA": 224,
        "SUB___CENA_KONCOWA": 224,
        "SUB___CENA_KONCOWA___DICT": false,
        "SUB___CENA_KONCOWA___TITLE": "PRIJS EXCL. BTW [€]",
        "SUB___CENA_KONCOWA___VISIBLE": false,
        "SUB___CENA_RABAT": 0,
        "SUB___CENA_RABAT_S": "",
        "SUB___CENA_RABAT___DICT": false,
        "SUB___CENA_RABAT___TITLE": "KORTING OP DE ADVIESVERKOOPPRIJS",
        "SUB___CENA_S": "224(H50PG0)",
        "SUB___CENA_SUMA": 224,
        "SUB___CENA_SUMA___DICT": false,
        "SUB___CENA_SUMA___TITLE": "PRIJS INCLUSIEF BTW PER STUK [€]",
        "SUB___CENA_SUMA___VISIBLE": false,
        "SUB___CENA___DICT": false,
        "SUB___CENA___TITLE": "CATALOGUSPRIJS INCLUSIEF BTW [€]",
        "SUB___DOPLATA": 0,
        "SUB___DOPLATA_EL": 0,
        "SUB___DOPLATA_EL_RABAT": 0,
        "SUB___DOPLATA_EL_RABAT___DICT": false,
        "SUB___DOPLATA_EL_RABAT___TITLE": "KORTING OP DE ADVIESVERKOOPPRIJS VOOR EL",
        "SUB___DOPLATA_EL___DICT": false,
        "SUB___DOPLATA_EL___TITLE": "PRIJS VOOR EL INCLUSIEF BTW [€]",
        "SUB___DOPLATA_S": "",
        "SUB___DOPLATA___DICT": false,
        "SUB___DOPLATA___TITLE": "MEERPRIJS INCLUSIEF BTW [€]",
        "SUB___SUMA_BRUTTO": 224,
        "SUB___SUMA_BRUTTO___DICT": false,
        "SUB___SUMA_BRUTTO___TITLE": "TOTAALPRIJS INCLUSIEF BTW [€]",
        "SUB___SUMA_BRUTTO___VISIBLE": false,
        "SUB___WARTOSC_KONCOWA": 224,
        "SUB___WARTOSC_KONCOWA___DICT": false,
        "SUB___WARTOSC_KONCOWA___TITLE": "TOTAALPRIJS EXCL. BTW [€]",
        "SUB___WARTOSC_KONCOWA___VISIBLE": false,
        "SUMA_BRUTTO": 59.43,
        "SUMA_BRUTTO___DICT": false,
        "SUMA_BRUTTO___TITLE": "TOTAALPRIJS INCLUSIEF BTW [€]",
        "SUMA_BRUTTO___VISIBLE": true,
        "SZEROKOSC": 1280,
        "SZEROKOSC___DICT": false,
        "SZEROKOSC___TITLE": "BREEDTE [MM]",
        "SZEROKOSC___VISIBLE": false,
        "WARTOSC_KONCOWA": 59.43,
        "WARTOSC_KONCOWA___DICT": false,
        "WARTOSC_KONCOWA___TITLE": "TOTAALPRIJS EXCL. BTW [€]",
        "WARTOSC_KONCOWA___VISIBLE": false,
        "WYMIAROWANIE_SLOPOW___DICT": false,
        "WYMIAROWANIE_SLOPOW___TITLE": "AFMETINGEN VOOR SLOPE [MM]",
        "WYSOKOSC": 1890,
        "WYSOKOSC_MONTAZU___DICT": false,
        "WYSOKOSC_MONTAZU___TITLE": "MONTAGEHOOGTE [MM]",
        "WYSOKOSC___DICT": false,
        "WYSOKOSC___TITLE": "HOOGTE [MM]",
        "WYSOKOSC___VISIBLE": false,
        "ZASILANIE___DICT": true,
        "ZASILANIE___TITLE": "VOEDING",
        "uid": "879bea1d2d9a8f4eb2458b62cc4c6de2",
        "uid___VISIBLE": false
      },
      "comment": ""
    }
  ]
}
[2026-06-18T12:45:25.477Z] Stylizowany e-mail wysłany: 250 2.0.0 Ok: queued as D6F332B219B pawel.woroniecki@hkl.eu
[2026-06-18T12:45:25.477Z] CC: krzysztof.krawczyk@hkl.eu
[2026-06-18T12:45:26.995Z] Production PDF uploaded to FTP: /orders-pdf/HKL_TCN_47_pdf.pdf
[2026-06-18T12:45:26.995Z] Import send OK for order 2672 (idx=47)
[2026-06-18T12:45:27.375Z] OK    1781099464060_HKL_TCN_271454_20260610_155031.json  ->  order id=2672
[2026-06-18T12:45:27.375Z] OrderImport: 1/1 imported.
[2026-06-18T12:45:28.112Z] ImportMailer: summary sent to pawel.woroniecki@hkl.eu,wiktoria.krawczyk1@gmail.com (1 files, 0 failed)
[2026-06-18T12:45:35.999Z] OrderImport daemon: cycle start
[2026-06-18T12:45:36.915Z] OrderImport: found 0 file(s)
[2026-06-18T12:45:36.916Z] OrderImport: nothing to do.
[2026-06-18T12:46:06.007Z] OrderImport daemon: cycle start
[2026-06-18T12:46:06.963Z] OrderImport: found 0 file(s)
[2026-06-18T12:46:06.963Z] OrderImport: nothing to do.
[2026-06-18T12:46:36.013Z] OrderImport daemon: cycle start
[2026-06-18T12:46:36.914Z] OrderImport: found 0 file(s)
[2026-06-18T12:46:36.914Z] OrderImport: nothing to do.
[2026-06-18T12:47:06.015Z] OrderImport daemon: cycle start
[2026-06-18T12:47:07.001Z] OrderImport: found 0 file(s)
[2026-06-18T12:47:07.001Z] OrderImport: nothing to do.
[2026-06-18T12:47:36.016Z] OrderImport daemon: cycle start
[2026-06-18T12:47:36.919Z] OrderImport: found 0 file(s)
[2026-06-18T12:47:36.919Z] OrderImport: nothing to do.
[2026-06-18T12:48:06.019Z] OrderImport daemon: cycle start
[2026-06-18T12:48:06.919Z] OrderImport: found 0 file(s)
[2026-06-18T12:48:06.919Z] OrderImport: nothing to do.
[2026-06-18T12:48:36.023Z] OrderImport daemon: cycle start
[2026-06-18T12:48:36.900Z] OrderImport: found 0 file(s)
[2026-06-18T12:48:36.900Z] OrderImport: nothing to do.
[2026-06-18T12:49:06.031Z] OrderImport daemon: cycle start
[2026-06-18T12:49:06.935Z] OrderImport: found 0 file(s)
[2026-06-18T12:49:06.936Z] OrderImport: nothing to do.
[2026-06-18T12:49:36.061Z] OrderImport daemon: cycle start
[2026-06-18T12:49:36.961Z] OrderImport: found 0 file(s)
[2026-06-18T12:49:36.961Z] OrderImport: nothing to do.
[2026-06-18T12:50:06.087Z] OrderImport daemon: cycle start
[2026-06-18T12:50:07.474Z] OrderImport: found 1 file(s)
[2026-06-18T12:50:08.237Z] Import failed for HKL_TCN_271421_20260618_103823.json: Alias resolution failed:
Item[1] (group=59): Parametr "KOLOR": wartość "104072" nie znaleziona w translation_dictionary ani client_aliases (grupa 59)
Item[2] (group=59): Parametr "KOLOR": wartość "104072" nie znaleziona w translation_dictionary ani client_aliases (grupa 59)
Item[3] (group=59): Parametr "KOLOR": wartość "104080" nie znaleziona w translation_dictionary ani client_aliases (grupa 59)
[2026-06-18T12:50:08.237Z] Import failure details for HKL_TCN_271421_20260618_103823.json: Alias resolution failed:
Item[1] (group=59): Parametr "KOLOR": wartość "104072" nie znaleziona w translation_dictionary ani client_aliases (grupa 59)
Item[2] (group=59): Parametr "KOLOR": wartość "104072" nie znaleziona w translation_dictionary ani client_aliases (grupa 59)
Item[3] (group=59): Parametr "KOLOR": wartość "104080" nie znaleziona w translation_dictionary ani client_aliases (grupa 59) 
Error: Alias resolution failed:
Item[1] (group=59): Parametr "KOLOR": wartość "104072" nie znaleziona w translation_dictionary ani client_aliases (grupa 59)
Item[2] (group=59): Parametr "KOLOR": wartość "104072" nie znaleziona w translation_dictionary ani client_aliases (grupa 59)
Item[3] (group=59): Parametr "KOLOR": wartość "104080" nie znaleziona w translation_dictionary ani client_aliases (grupa 59)
    at processOneFile (/home/pawel/projects/eform-project/eform/services/orderImport/index.js:126:15)
    at process.processTicksAndRejections (node:internal/process/task_queues:105:5)
    at async runImport (/home/pawel/projects/eform-project/eform/services/orderImport/index.js:270:18)
    at async Timeout.runCycle [as _onTimeout] (/home/pawel/projects/eform-project/eform/scripts/orderImportDaemon.js:71:21)
[2026-06-18T12:50:08.241Z] OrderImport: 0/1 imported.
[2026-06-18T12:50:08.240Z] FAIL  HKL_TCN_271421_20260618_103823.json  ->  Alias resolution failed:
Item[1] (group=59): Parametr "KOLOR": wartość "104072" nie znaleziona w translation_dictionary ani client_aliases (grupa 59)
Item[2] (group=59): Parametr "KOLOR": wartość "104072" nie znaleziona w translation_dictionary ani client_aliases (grupa 59)
Item[3] (group=59): Parametr "KOLOR": wartość "104080" nie znaleziona w translation_dictionary ani client_aliases (grupa 59)
[2026-06-18T12:50:09.982Z] ImportMailer: summary sent to pawel.woroniecki@hkl.eu,wiktoria.krawczyk1@gmail.com (1 files, 1 failed)
[2026-06-18T12:50:36.111Z] OrderImport daemon: cycle start
[2026-06-18T12:50:37.232Z] OrderImport: found 0 file(s)
[2026-06-18T12:50:37.232Z] OrderImport: nothing to do.
[2026-06-18T12:51:06.139Z] OrderImport daemon: cycle start
[2026-06-18T12:51:07.065Z] OrderImport: found 0 file(s)
[2026-06-18T12:51:07.065Z] OrderImport: nothing to do.
[2026-06-18T12:51:36.148Z] OrderImport daemon: cycle start
[2026-06-18T12:51:37.103Z] OrderImport: found 0 file(s)
[2026-06-18T12:51:37.103Z] OrderImport: nothing to do.
[2026-06-18T12:52:06.175Z] OrderImport daemon: cycle start
[2026-06-18T12:52:07.165Z] OrderImport: found 0 file(s)
[2026-06-18T12:52:07.166Z] OrderImport: nothing to do.
[2026-06-18T12:52:36.203Z] OrderImport daemon: cycle start
[2026-06-18T12:52:37.102Z] OrderImport: found 0 file(s)
[2026-06-18T12:52:37.102Z] OrderImport: nothing to do.
[2026-06-18T12:53:06.231Z] OrderImport daemon: cycle start
[2026-06-18T12:53:07.092Z] OrderImport: found 0 file(s)
[2026-06-18T12:53:07.092Z] OrderImport: nothing to do.
[2026-06-18T12:53:36.259Z] OrderImport daemon: cycle start
[2026-06-18T12:53:37.207Z] OrderImport: found 0 file(s)
[2026-06-18T12:53:37.207Z] OrderImport: nothing to do.
[2026-06-18T12:54:06.275Z] OrderImport daemon: cycle start
[2026-06-18T12:54:07.192Z] OrderImport: found 0 file(s)
[2026-06-18T12:54:07.192Z] OrderImport: nothing to do.
[2026-06-18T12:54:36.287Z] OrderImport daemon: cycle start
[2026-06-18T12:54:37.210Z] OrderImport: found 0 file(s)
[2026-06-18T12:54:37.210Z] OrderImport: nothing to do.
[2026-06-18T12:55:06.315Z] OrderImport daemon: cycle start
[2026-06-18T12:55:07.261Z] OrderImport: found 0 file(s)
[2026-06-18T12:55:07.261Z] OrderImport: nothing to do.
[2026-06-18T12:55:36.326Z] OrderImport daemon: cycle start
[2026-06-18T12:55:37.277Z] OrderImport: found 0 file(s)
[2026-06-18T12:55:37.277Z] OrderImport: nothing to do.
[2026-06-18T12:56:06.352Z] OrderImport daemon: cycle start
[2026-06-18T12:56:07.250Z] OrderImport: found 0 file(s)
[2026-06-18T12:56:07.250Z] OrderImport: nothing to do.
[2026-06-18T12:56:36.373Z] OrderImport daemon: cycle start
[2026-06-18T12:56:37.266Z] OrderImport: found 0 file(s)
[2026-06-18T12:56:37.266Z] OrderImport: nothing to do.
[2026-06-18T12:57:06.399Z] OrderImport daemon: cycle start
[2026-06-18T12:57:07.318Z] OrderImport: found 0 file(s)
[2026-06-18T12:57:07.318Z] OrderImport: nothing to do.
[2026-06-18T12:57:36.420Z] OrderImport daemon: cycle start
[2026-06-18T12:57:37.366Z] OrderImport: found 0 file(s)
[2026-06-18T12:57:37.366Z] OrderImport: nothing to do.
[2026-06-18T12:58:06.447Z] OrderImport daemon: cycle start
[2026-06-18T12:58:07.388Z] OrderImport: found 0 file(s)
[2026-06-18T12:58:07.388Z] OrderImport: nothing to do.
[2026-06-18T12:58:36.476Z] OrderImport daemon: cycle start
[2026-06-18T12:58:37.421Z] OrderImport: found 0 file(s)
[2026-06-18T12:58:37.421Z] OrderImport: nothing to do.
[2026-06-18T12:59:06.501Z] OrderImport daemon: cycle start
[2026-06-18T12:59:07.400Z] OrderImport: found 0 file(s)
[2026-06-18T12:59:07.400Z] OrderImport: nothing to do.
[2026-06-18T12:59:36.530Z] OrderImport daemon: cycle start
[2026-06-18T12:59:37.482Z] OrderImport: found 0 file(s)
[2026-06-18T12:59:37.483Z] OrderImport: nothing to do.
[2026-06-18T13:00:06.560Z] OrderImport daemon: cycle start
[2026-06-18T13:00:07.651Z] OrderImport: found 0 file(s)
[2026-06-18T13:00:07.651Z] OrderImport: nothing to do.
[2026-06-18T13:00:36.587Z] OrderImport daemon: cycle start
[2026-06-18T13:00:37.539Z] OrderImport: found 0 file(s)
[2026-06-18T13:00:37.539Z] OrderImport: nothing to do.
[2026-06-18T13:01:06.615Z] OrderImport daemon: cycle start
[2026-06-18T13:01:07.531Z] OrderImport: found 0 file(s)
[2026-06-18T13:01:07.531Z] OrderImport: nothing to do.
[2026-06-18T13:01:36.619Z] OrderImport daemon: cycle start
[2026-06-18T13:01:37.529Z] OrderImport: found 0 file(s)
[2026-06-18T13:01:37.530Z] OrderImport: nothing to do.
[2026-06-18T13:02:06.647Z] OrderImport daemon: cycle start
[2026-06-18T13:02:07.527Z] OrderImport: found 0 file(s)
[2026-06-18T13:02:07.527Z] OrderImport: nothing to do.
[2026-06-18T13:02:36.676Z] OrderImport daemon: cycle start
[2026-06-18T13:02:37.589Z] OrderImport: found 0 file(s)
[2026-06-18T13:02:37.589Z] OrderImport: nothing to do.
[2026-06-18T13:03:06.681Z] OrderImport daemon: cycle start
[2026-06-18T13:03:07.554Z] OrderImport: found 0 file(s)
[2026-06-18T13:03:07.554Z] OrderImport: nothing to do.
[2026-06-18T13:03:36.707Z] OrderImport daemon: cycle start
[2026-06-18T13:03:37.653Z] OrderImport: found 0 file(s)
[2026-06-18T13:03:37.653Z] OrderImport: nothing to do.
[2026-06-18T13:04:06.737Z] OrderImport daemon: cycle start
[2026-06-18T13:04:07.817Z] OrderImport: found 0 file(s)
[2026-06-18T13:04:07.818Z] OrderImport: nothing to do.
[2026-06-18T13:04:36.749Z] OrderImport daemon: cycle start
[2026-06-18T13:04:37.892Z] OrderImport: found 0 file(s)
[2026-06-18T13:04:37.892Z] OrderImport: nothing to do.
[2026-06-18T13:05:06.775Z] OrderImport daemon: cycle start
[2026-06-18T13:05:07.700Z] OrderImport: found 0 file(s)
[2026-06-18T13:05:07.700Z] OrderImport: nothing to do.
[2026-06-18T13:05:36.803Z] OrderImport daemon: cycle start
[2026-06-18T13:05:37.696Z] OrderImport: found 0 file(s)
[2026-06-18T13:05:37.696Z] OrderImport: nothing to do.
[2026-06-18T13:06:06.824Z] OrderImport daemon: cycle start
[2026-06-18T13:06:07.724Z] OrderImport: found 0 file(s)
[2026-06-18T13:06:07.724Z] OrderImport: nothing to do.
[2026-06-18T13:06:36.851Z] OrderImport daemon: cycle start
[2026-06-18T13:06:37.853Z] OrderImport: found 0 file(s)
[2026-06-18T13:06:37.853Z] OrderImport: nothing to do.
[2026-06-18T13:07:06.879Z] OrderImport daemon: cycle start
[2026-06-18T13:07:07.772Z] OrderImport: found 0 file(s)
[2026-06-18T13:07:07.772Z] OrderImport: nothing to do.
[2026-06-18T13:07:36.895Z] OrderImport daemon: cycle start
[2026-06-18T13:07:37.804Z] OrderImport: found 0 file(s)
[2026-06-18T13:07:37.804Z] OrderImport: nothing to do.
[2026-06-18T13:08:06.919Z] OrderImport daemon: cycle start
[2026-06-18T13:08:07.814Z] OrderImport: found 0 file(s)
[2026-06-18T13:08:07.814Z] OrderImport: nothing to do.
[2026-06-18T13:08:36.931Z] OrderImport daemon: cycle start
[2026-06-18T13:08:37.834Z] OrderImport: found 0 file(s)
[2026-06-18T13:08:37.834Z] OrderImport: nothing to do.
[2026-06-18T13:09:06.959Z] OrderImport daemon: cycle start
[2026-06-18T13:09:07.850Z] OrderImport: found 0 file(s)
[2026-06-18T13:09:07.850Z] OrderImport: nothing to do.
[2026-06-18T13:09:36.968Z] OrderImport daemon: cycle start
[2026-06-18T13:09:37.882Z] OrderImport: found 0 file(s)
[2026-06-18T13:09:37.882Z] OrderImport: nothing to do.
[2026-06-18T13:10:06.995Z] OrderImport daemon: cycle start
[2026-06-18T13:10:07.931Z] OrderImport: found 0 file(s)
[2026-06-18T13:10:07.931Z] OrderImport: nothing to do.
[2026-06-18T13:10:37.023Z] OrderImport daemon: cycle start
[2026-06-18T13:10:37.922Z] OrderImport: nothing to do.
[2026-06-18T13:10:37.921Z] OrderImport: found 0 file(s)
[2026-06-18T13:11:07.052Z] OrderImport daemon: cycle start
[2026-06-18T13:11:08.022Z] OrderImport: found 0 file(s)
[2026-06-18T13:11:08.022Z] OrderImport: nothing to do.
[2026-06-18T13:11:37.079Z] OrderImport daemon: cycle start
[2026-06-18T13:11:38.007Z] OrderImport: found 0 file(s)
[2026-06-18T13:11:38.007Z] OrderImport: nothing to do.
[2026-06-18T13:12:07.108Z] OrderImport daemon: cycle start
[2026-06-18T13:12:07.991Z] OrderImport: found 0 file(s)
[2026-06-18T13:12:07.992Z] OrderImport: nothing to do.
[2026-06-18T13:12:37.135Z] OrderImport daemon: cycle start
[2026-06-18T13:12:38.054Z] OrderImport: found 0 file(s)
[2026-06-18T13:12:38.054Z] OrderImport: nothing to do.
[2026-06-18T13:13:07.149Z] OrderImport daemon: cycle start
[2026-06-18T13:13:08.037Z] OrderImport: found 0 file(s)
[2026-06-18T13:13:08.037Z] OrderImport: nothing to do.
[2026-06-18T13:13:37.151Z] OrderImport daemon: cycle start
[2026-06-18T13:13:38.413Z] OrderImport: found 0 file(s)
[2026-06-18T13:13:38.413Z] OrderImport: nothing to do.
[2026-06-18T13:14:07.176Z] OrderImport daemon: cycle start
[2026-06-18T13:14:08.481Z] OrderImport: found 0 file(s)
[2026-06-18T13:14:08.481Z] OrderImport: nothing to do.
[2026-06-18T13:14:37.203Z] OrderImport daemon: cycle start
[2026-06-18T13:14:38.578Z] OrderImport: found 0 file(s)
[2026-06-18T13:14:38.578Z] OrderImport: nothing to do.
[2026-06-18T13:15:07.222Z] OrderImport daemon: cycle start
[2026-06-18T13:15:08.675Z] OrderImport: found 0 file(s)
[2026-06-18T13:15:08.675Z] OrderImport: nothing to do.
[2026-06-18T13:15:37.234Z] OrderImport daemon: cycle start
[2026-06-18T13:15:38.579Z] OrderImport: found 0 file(s)
[2026-06-18T13:15:38.579Z] OrderImport: nothing to do.
[2026-06-18T13:16:07.259Z] OrderImport daemon: cycle start
[2026-06-18T13:16:08.617Z] OrderImport: found 0 file(s)
[2026-06-18T13:16:08.617Z] OrderImport: nothing to do.
[2026-06-18T13:16:37.288Z] OrderImport daemon: cycle start
[2026-06-18T13:16:38.623Z] OrderImport: found 0 file(s)
[2026-06-18T13:16:38.624Z] OrderImport: nothing to do.
[2026-06-18T13:17:07.312Z] OrderImport daemon: cycle start
[2026-06-18T13:17:08.214Z] OrderImport: found 0 file(s)
[2026-06-18T13:17:08.214Z] OrderImport: nothing to do.
[2026-06-18T13:17:37.340Z] OrderImport daemon: cycle start
[2026-06-18T13:17:38.233Z] OrderImport: found 0 file(s)
[2026-06-18T13:17:38.233Z] OrderImport: nothing to do.
[2026-06-18T13:18:07.345Z] OrderImport daemon: cycle start
[2026-06-18T13:18:08.241Z] OrderImport: found 0 file(s)
[2026-06-18T13:18:08.241Z] OrderImport: nothing to do.
[2026-06-18T13:18:37.372Z] OrderImport daemon: cycle start
[2026-06-18T13:18:38.282Z] OrderImport: found 0 file(s)
[2026-06-18T13:18:38.282Z] OrderImport: nothing to do.
[2026-06-18T13:19:07.399Z] OrderImport daemon: cycle start
[2026-06-18T13:19:08.285Z] OrderImport: found 0 file(s)
[2026-06-18T13:19:08.285Z] OrderImport: nothing to do.
[2026-06-18T13:19:37.428Z] OrderImport daemon: cycle start
[2026-06-18T13:19:38.318Z] OrderImport: found 0 file(s)
[2026-06-18T13:19:38.318Z] OrderImport: nothing to do.
[2026-06-18T13:20:07.456Z] OrderImport daemon: cycle start
[2026-06-18T13:20:08.372Z] OrderImport: found 0 file(s)
[2026-06-18T13:20:08.372Z] OrderImport: nothing to do.
[2026-06-18T13:20:37.480Z] OrderImport daemon: cycle start
[2026-06-18T13:20:38.372Z] OrderImport: found 0 file(s)
[2026-06-18T13:20:38.372Z] OrderImport: nothing to do.
[2026-06-18T13:21:07.507Z] OrderImport daemon: cycle start
[2026-06-18T13:21:08.413Z] OrderImport: found 0 file(s)
[2026-06-18T13:21:08.413Z] OrderImport: nothing to do.
[2026-06-18T13:21:37.535Z] OrderImport daemon: cycle start
[2026-06-18T13:21:38.447Z] OrderImport: found 0 file(s)
[2026-06-18T13:21:38.447Z] OrderImport: nothing to do.
[2026-06-18T13:22:07.543Z] OrderImport daemon: cycle start
[2026-06-18T13:22:08.496Z] OrderImport: found 0 file(s)
[2026-06-18T13:22:08.496Z] OrderImport: nothing to do.
[2026-06-18T13:22:37.544Z] OrderImport daemon: cycle start
[2026-06-18T13:22:38.426Z] OrderImport: found 0 file(s)
[2026-06-18T13:22:38.426Z] OrderImport: nothing to do.
[2026-06-18T13:23:07.569Z] OrderImport daemon: cycle start
[2026-06-18T13:23:08.447Z] OrderImport: found 0 file(s)
[2026-06-18T13:23:08.448Z] OrderImport: nothing to do.
[2026-06-18T13:23:37.604Z] OrderImport daemon: cycle start
[2026-06-18T13:23:38.871Z] OrderImport: found 0 file(s)
[2026-06-18T13:23:38.871Z] OrderImport: nothing to do.
[2026-06-18T13:24:07.623Z] OrderImport daemon: cycle start
[2026-06-18T13:24:08.629Z] OrderImport: found 0 file(s)
[2026-06-18T13:24:08.629Z] OrderImport: nothing to do.
[2026-06-18T13:24:37.651Z] OrderImport daemon: cycle start
[2026-06-18T13:24:38.605Z] OrderImport: found 0 file(s)
[2026-06-18T13:24:38.605Z] OrderImport: nothing to do.
[2026-06-18T13:25:07.679Z] OrderImport daemon: cycle start
[2026-06-18T13:25:08.631Z] OrderImport: found 0 file(s)
[2026-06-18T13:25:08.631Z] OrderImport: nothing to do.
[2026-06-18T13:25:37.707Z] OrderImport daemon: cycle start
[2026-06-18T13:25:38.584Z] OrderImport: found 0 file(s)
[2026-06-18T13:25:38.584Z] OrderImport: nothing to do.
[2026-06-18T13:26:07.709Z] OrderImport daemon: cycle start
[2026-06-18T13:26:08.619Z] OrderImport: found 0 file(s)
[2026-06-18T13:26:08.619Z] OrderImport: nothing to do.
[2026-06-18T13:26:37.735Z] OrderImport daemon: cycle start
[2026-06-18T13:26:38.607Z] OrderImport: found 0 file(s)
[2026-06-18T13:26:38.607Z] OrderImport: nothing to do.
[2026-06-18T13:27:07.763Z] OrderImport daemon: cycle start
[2026-06-18T13:27:08.635Z] OrderImport: found 0 file(s)
[2026-06-18T13:27:08.635Z] OrderImport: nothing to do.
[2026-06-18T13:27:37.791Z] OrderImport daemon: cycle start
[2026-06-18T13:27:38.700Z] OrderImport: found 0 file(s)
[2026-06-18T13:27:38.700Z] OrderImport: nothing to do.
[2026-06-18T13:28:07.819Z] OrderImport daemon: cycle start
[2026-06-18T13:28:08.769Z] OrderImport: found 0 file(s)
[2026-06-18T13:28:08.769Z] OrderImport: nothing to do.
[2026-06-18T13:28:37.847Z] OrderImport daemon: cycle start
[2026-06-18T13:28:38.731Z] OrderImport: found 0 file(s)
[2026-06-18T13:28:38.731Z] OrderImport: nothing to do.
[2026-06-18T13:29:07.864Z] OrderImport daemon: cycle start
[2026-06-18T13:29:08.741Z] OrderImport: found 0 file(s)
[2026-06-18T13:29:08.742Z] OrderImport: nothing to do.
[2026-06-18T13:29:37.891Z] OrderImport daemon: cycle start
[2026-06-18T13:29:38.797Z] OrderImport: found 0 file(s)
[2026-06-18T13:29:38.797Z] OrderImport: nothing to do.
[2026-06-18T13:30:07.919Z] OrderImport daemon: cycle start
[2026-06-18T13:30:08.897Z] OrderImport: found 0 file(s)
[2026-06-18T13:30:08.897Z] OrderImport: nothing to do.
[2026-06-18T13:30:37.947Z] OrderImport daemon: cycle start
[2026-06-18T13:30:38.898Z] OrderImport: found 0 file(s)
[2026-06-18T13:30:38.898Z] OrderImport: nothing to do.
[2026-06-18T13:31:07.973Z] OrderImport daemon: cycle start
[2026-06-18T13:31:08.882Z] OrderImport: found 0 file(s)
[2026-06-18T13:31:08.883Z] OrderImport: nothing to do.
[2026-06-18T13:31:38.002Z] OrderImport daemon: cycle start
[2026-06-18T13:31:38.940Z] OrderImport: found 0 file(s)
[2026-06-18T13:31:38.941Z] OrderImport: nothing to do.
[2026-06-18T13:32:08.029Z] OrderImport daemon: cycle start
[2026-06-18T13:32:08.938Z] OrderImport: found 0 file(s)
[2026-06-18T13:32:08.938Z] OrderImport: nothing to do.
[2026-06-18T13:32:38.055Z] OrderImport daemon: cycle start
[2026-06-18T13:32:39.053Z] OrderImport: found 0 file(s)
[2026-06-18T13:32:39.053Z] OrderImport: nothing to do.
[2026-06-18T13:33:08.083Z] OrderImport daemon: cycle start
[2026-06-18T13:33:08.986Z] OrderImport: found 0 file(s)
[2026-06-18T13:33:08.986Z] OrderImport: nothing to do.
[2026-06-18T13:33:38.087Z] OrderImport daemon: cycle start
[2026-06-18T13:33:39.037Z] OrderImport: found 0 file(s)
[2026-06-18T13:33:39.037Z] OrderImport: nothing to do.
[2026-06-18T13:34:08.087Z] OrderImport daemon: cycle start
[2026-06-18T13:34:09.145Z] OrderImport: found 0 file(s)
[2026-06-18T13:34:09.145Z] OrderImport: nothing to do.
[2026-06-18T13:34:38.115Z] OrderImport daemon: cycle start
[2026-06-18T13:34:39.911Z] OrderImport: found 0 file(s)
[2026-06-18T13:34:39.914Z] OrderImport: nothing to do.
[2026-06-18T13:35:08.143Z] OrderImport daemon: cycle start
[2026-06-18T13:35:09.151Z] OrderImport: found 0 file(s)
[2026-06-18T13:35:09.151Z] OrderImport: nothing to do.
[2026-06-18T13:35:38.171Z] OrderImport daemon: cycle start
[2026-06-18T13:35:39.090Z] OrderImport: found 0 file(s)
[2026-06-18T13:35:39.090Z] OrderImport: nothing to do.
[2026-06-18T13:36:08.199Z] OrderImport daemon: cycle start
[2026-06-18T13:36:09.105Z] OrderImport: found 0 file(s)
[2026-06-18T13:36:09.106Z] OrderImport: nothing to do.
[2026-06-18T13:36:38.212Z] OrderImport daemon: cycle start
[2026-06-18T13:36:39.132Z] OrderImport: found 0 file(s)
[2026-06-18T13:36:39.132Z] OrderImport: nothing to do.
[2026-06-18T13:37:08.239Z] OrderImport daemon: cycle start
[2026-06-18T13:37:09.559Z] OrderImport: found 0 file(s)
[2026-06-18T13:37:09.560Z] OrderImport: nothing to do.
[2026-06-18T13:37:38.267Z] OrderImport daemon: cycle start
[2026-06-18T13:37:39.596Z] OrderImport: found 0 file(s)
[2026-06-18T13:37:39.596Z] OrderImport: nothing to do.
[2026-06-18T13:38:08.295Z] OrderImport daemon: cycle start
[2026-06-18T13:38:09.611Z] OrderImport: found 0 file(s)
[2026-06-18T13:38:09.611Z] OrderImport: nothing to do.
[2026-06-18T13:38:38.323Z] OrderImport daemon: cycle start
[2026-06-18T13:38:39.679Z] OrderImport: found 0 file(s)
[2026-06-18T13:38:39.679Z] OrderImport: nothing to do.
[2026-06-18T13:39:08.351Z] OrderImport daemon: cycle start
[2026-06-18T13:39:09.678Z] OrderImport: found 0 file(s)
[2026-06-18T13:39:09.678Z] OrderImport: nothing to do.
[2026-06-18T13:39:38.379Z] OrderImport daemon: cycle start
[2026-06-18T13:39:39.906Z] OrderImport: found 0 file(s)
[2026-06-18T13:39:39.906Z] OrderImport: nothing to do.
[2026-06-18T13:40:08.386Z] OrderImport daemon: cycle start
[2026-06-18T13:40:09.724Z] OrderImport: found 0 file(s)
[2026-06-18T13:40:09.724Z] OrderImport: nothing to do.
[2026-06-18T13:40:38.411Z] OrderImport daemon: cycle start
[2026-06-18T13:40:39.318Z] OrderImport: found 0 file(s)
[2026-06-18T13:40:39.319Z] OrderImport: nothing to do.
[2026-06-18T13:41:08.437Z] OrderImport daemon: cycle start
[2026-06-18T13:41:09.557Z] OrderImport: found 0 file(s)
[2026-06-18T13:41:09.557Z] OrderImport: nothing to do.
[2026-06-18T13:41:38.463Z] OrderImport daemon: cycle start
[2026-06-18T13:41:39.507Z] OrderImport: found 0 file(s)
[2026-06-18T13:41:39.507Z] OrderImport: nothing to do.
[2026-06-18T13:42:08.465Z] OrderImport daemon: cycle start
[2026-06-18T13:42:09.369Z] OrderImport: found 0 file(s)
[2026-06-18T13:42:09.370Z] OrderImport: nothing to do.
[2026-06-18T13:42:38.492Z] OrderImport daemon: cycle start
[2026-06-18T13:42:39.446Z] OrderImport: found 0 file(s)
[2026-06-18T13:42:39.446Z] OrderImport: nothing to do.
[2026-06-18T13:43:08.516Z] OrderImport daemon: cycle start
[2026-06-18T13:43:09.406Z] OrderImport: found 0 file(s)
[2026-06-18T13:43:09.406Z] OrderImport: nothing to do.
[2026-06-18T13:43:38.543Z] OrderImport daemon: cycle start
[2026-06-18T13:43:39.872Z] OrderImport: found 0 file(s)
[2026-06-18T13:43:39.872Z] OrderImport: nothing to do.
[2026-06-18T13:44:08.563Z] OrderImport daemon: cycle start
[2026-06-18T13:44:09.887Z] OrderImport: found 0 file(s)
[2026-06-18T13:44:09.887Z] OrderImport: nothing to do.
[2026-06-18T13:44:38.591Z] OrderImport daemon: cycle start
[2026-06-18T13:44:39.937Z] OrderImport: found 0 file(s)
[2026-06-18T13:44:39.938Z] OrderImport: nothing to do.
[2026-06-18T13:45:08.601Z] OrderImport daemon: cycle start
[2026-06-18T13:45:10.130Z] OrderImport: found 0 file(s)
[2026-06-18T13:45:10.130Z] OrderImport: nothing to do.
[2026-06-18T13:45:38.615Z] OrderImport daemon: cycle start
[2026-06-18T13:45:39.944Z] OrderImport: found 0 file(s)
[2026-06-18T13:45:39.945Z] OrderImport: nothing to do.
[2026-06-18T13:46:08.641Z] OrderImport daemon: cycle start
[2026-06-18T13:46:09.574Z] OrderImport: found 0 file(s)
[2026-06-18T13:46:09.574Z] OrderImport: nothing to do.
[2026-06-18T13:46:38.670Z] OrderImport daemon: cycle start
[2026-06-18T13:46:39.595Z] OrderImport: found 0 file(s)
[2026-06-18T13:46:39.595Z] OrderImport: nothing to do.
[2026-06-18T13:47:08.689Z] OrderImport daemon: cycle start
[2026-06-18T13:47:09.556Z] OrderImport: found 0 file(s)
[2026-06-18T13:47:09.556Z] OrderImport: nothing to do.
[2026-06-18T13:47:38.689Z] OrderImport daemon: cycle start
[2026-06-18T13:47:39.589Z] OrderImport: found 0 file(s)
[2026-06-18T13:47:39.589Z] OrderImport: nothing to do.
[2026-06-18T13:48:08.690Z] OrderImport daemon: cycle start
[2026-06-18T13:48:09.582Z] OrderImport: nothing to do.
[2026-06-18T13:48:09.582Z] OrderImport: found 0 file(s)
[2026-06-18T13:48:38.695Z] OrderImport daemon: cycle start
[2026-06-18T13:48:39.575Z] OrderImport: found 0 file(s)
[2026-06-18T13:48:39.575Z] OrderImport: nothing to do.
[2026-06-18T13:49:08.719Z] OrderImport daemon: cycle start
[2026-06-18T13:49:09.621Z] OrderImport: found 0 file(s)
[2026-06-18T13:49:09.621Z] OrderImport: nothing to do.
[2026-06-18T13:49:38.731Z] OrderImport daemon: cycle start
[2026-06-18T13:49:39.618Z] OrderImport: found 0 file(s)
[2026-06-18T13:49:39.618Z] OrderImport: nothing to do.
[2026-06-18T13:50:08.760Z] OrderImport daemon: cycle start
[2026-06-18T13:50:09.667Z] OrderImport: found 0 file(s)
[2026-06-18T13:50:09.667Z] OrderImport: nothing to do.
[2026-06-18T13:50:38.769Z] OrderImport daemon: cycle start
[2026-06-18T13:50:39.664Z] OrderImport: found 0 file(s)
[2026-06-18T13:50:39.664Z] OrderImport: nothing to do.
[2026-06-18T13:51:08.788Z] OrderImport daemon: cycle start
[2026-06-18T13:51:09.649Z] OrderImport: found 0 file(s)
[2026-06-18T13:51:09.649Z] OrderImport: nothing to do.
[2026-06-18T13:51:38.815Z] OrderImport daemon: cycle start
[2026-06-18T13:51:39.755Z] OrderImport: found 0 file(s)
[2026-06-18T13:51:39.755Z] OrderImport: nothing to do.
[2026-06-18T13:52:08.823Z] OrderImport daemon: cycle start
[2026-06-18T13:52:09.698Z] OrderImport: found 0 file(s)
[2026-06-18T13:52:09.698Z] OrderImport: nothing to do.
[2026-06-18T13:52:38.851Z] OrderImport daemon: cycle start
[2026-06-18T13:52:39.785Z] OrderImport: found 0 file(s)
[2026-06-18T13:52:39.785Z] OrderImport: nothing to do.
[2026-06-18T13:53:08.880Z] OrderImport daemon: cycle start
[2026-06-18T13:53:09.785Z] OrderImport: found 0 file(s)
[2026-06-18T13:53:09.785Z] OrderImport: nothing to do.
[2026-06-18T13:53:38.909Z] OrderImport daemon: cycle start
[2026-06-18T13:53:39.859Z] OrderImport: found 0 file(s)
[2026-06-18T13:53:39.859Z] OrderImport: nothing to do.
[2026-06-18T13:54:08.935Z] OrderImport daemon: cycle start
[2026-06-18T13:54:09.824Z] OrderImport: found 0 file(s)
[2026-06-18T13:54:09.824Z] OrderImport: nothing to do.
[2026-06-18T13:54:38.945Z] OrderImport daemon: cycle start
[2026-06-18T13:54:39.819Z] OrderImport: found 0 file(s)
[2026-06-18T13:54:39.820Z] OrderImport: nothing to do.
[2026-06-18T13:55:08.973Z] OrderImport daemon: cycle start
[2026-06-18T13:55:09.890Z] OrderImport: found 0 file(s)
[2026-06-18T13:55:09.890Z] OrderImport: nothing to do.
[2026-06-18T13:55:38.999Z] OrderImport daemon: cycle start
[2026-06-18T13:55:39.988Z] OrderImport: found 0 file(s)
[2026-06-18T13:55:39.989Z] OrderImport: nothing to do.
[2026-06-18T13:56:09.019Z] OrderImport daemon: cycle start
[2026-06-18T13:56:09.930Z] OrderImport: found 0 file(s)
[2026-06-18T13:56:09.930Z] OrderImport: nothing to do.
[2026-06-18T13:56:39.047Z] OrderImport daemon: cycle start
[2026-06-18T13:56:39.944Z] OrderImport: found 0 file(s)
[2026-06-18T13:56:39.944Z] OrderImport: nothing to do.
[2026-06-18T13:57:09.076Z] OrderImport daemon: cycle start
[2026-06-18T13:57:09.992Z] OrderImport: found 0 file(s)
[2026-06-18T13:57:09.992Z] OrderImport: nothing to do.
[2026-06-18T13:57:39.103Z] OrderImport daemon: cycle start
[2026-06-18T13:57:39.984Z] OrderImport: found 0 file(s)
[2026-06-18T13:57:39.984Z] OrderImport: nothing to do.
[2026-06-18T13:58:09.131Z] OrderImport daemon: cycle start
[2026-06-18T13:58:10.041Z] OrderImport: found 0 file(s)
[2026-06-18T13:58:10.041Z] OrderImport: nothing to do.
[2026-06-18T13:58:39.160Z] OrderImport daemon: cycle start
[2026-06-18T13:58:40.055Z] OrderImport: found 0 file(s)
[2026-06-18T13:58:40.055Z] OrderImport: nothing to do.
[2026-06-18T13:59:09.187Z] OrderImport daemon: cycle start
[2026-06-18T13:59:10.133Z] OrderImport: found 0 file(s)
[2026-06-18T13:59:10.133Z] OrderImport: nothing to do.
[2026-06-18T13:59:39.214Z] OrderImport daemon: cycle start
[2026-06-18T13:59:40.127Z] OrderImport: found 0 file(s)
[2026-06-18T13:59:40.128Z] OrderImport: nothing to do.
[2026-06-18T14:00:09.240Z] OrderImport daemon: cycle start
[2026-06-18T14:00:10.206Z] OrderImport: found 0 file(s)
[2026-06-18T14:00:10.206Z] OrderImport: nothing to do.
[2026-06-18T14:00:39.261Z] OrderImport daemon: cycle start
[2026-06-18T14:00:40.177Z] OrderImport: found 0 file(s)
[2026-06-18T14:00:40.177Z] OrderImport: nothing to do.
[2026-06-18T14:01:09.263Z] OrderImport daemon: cycle start
[2026-06-18T14:01:10.123Z] OrderImport: found 0 file(s)
[2026-06-18T14:01:10.123Z] OrderImport: nothing to do.
[2026-06-18T14:01:39.293Z] OrderImport daemon: cycle start
[2026-06-18T14:01:40.176Z] OrderImport: found 0 file(s)
[2026-06-18T14:01:40.176Z] OrderImport: nothing to do.
[2026-06-18T14:02:09.296Z] OrderImport daemon: cycle start
[2026-06-18T14:02:10.184Z] OrderImport: found 0 file(s)
[2026-06-18T14:02:10.184Z] OrderImport: nothing to do.
[2026-06-18T14:02:39.313Z] OrderImport daemon: cycle start
[2026-06-18T14:02:40.224Z] OrderImport: found 0 file(s)
[2026-06-18T14:02:40.224Z] OrderImport: nothing to do.
[2026-06-18T14:03:09.342Z] OrderImport daemon: cycle start
[2026-06-18T14:03:10.252Z] OrderImport: found 0 file(s)
[2026-06-18T14:03:10.252Z] OrderImport: nothing to do.
[2026-06-18T14:03:39.342Z] OrderImport daemon: cycle start
[2026-06-18T14:03:40.264Z] OrderImport: found 0 file(s)
[2026-06-18T14:03:40.264Z] OrderImport: nothing to do.
[2026-06-18T14:04:09.367Z] OrderImport daemon: cycle start
[2026-06-18T14:04:10.274Z] OrderImport: found 0 file(s)
[2026-06-18T14:04:10.274Z] OrderImport: nothing to do.
[2026-06-18T14:04:39.395Z] OrderImport daemon: cycle start
[2026-06-18T14:04:40.333Z] OrderImport: found 0 file(s)
[2026-06-18T14:04:40.334Z] OrderImport: nothing to do.
[2026-06-18T14:05:09.423Z] OrderImport daemon: cycle start
[2026-06-18T14:05:10.295Z] OrderImport: found 0 file(s)
[2026-06-18T14:05:10.295Z] OrderImport: nothing to do.
[2026-06-18T14:05:39.451Z] OrderImport daemon: cycle start
[2026-06-18T14:05:40.342Z] OrderImport: found 0 file(s)
[2026-06-18T14:05:40.342Z] OrderImport: nothing to do.
[2026-06-18T14:06:09.455Z] OrderImport daemon: cycle start
[2026-06-18T14:06:10.407Z] OrderImport: found 0 file(s)
[2026-06-18T14:06:10.407Z] OrderImport: nothing to do.
[2026-06-18T14:06:39.482Z] OrderImport daemon: cycle start
[2026-06-18T14:06:40.374Z] OrderImport: found 0 file(s)
[2026-06-18T14:06:40.374Z] OrderImport: nothing to do.
[2026-06-18T14:07:09.502Z] OrderImport daemon: cycle start
[2026-06-18T14:07:10.404Z] OrderImport: found 0 file(s)
[2026-06-18T14:07:10.404Z] OrderImport: nothing to do.
[2026-06-18T14:07:39.511Z] OrderImport daemon: cycle start
[2026-06-18T14:07:40.413Z] OrderImport: found 0 file(s)
[2026-06-18T14:07:40.413Z] OrderImport: nothing to do.
[2026-06-18T14:08:09.538Z] OrderImport daemon: cycle start
[2026-06-18T14:08:10.440Z] OrderImport: found 0 file(s)
[2026-06-18T14:08:10.440Z] OrderImport: nothing to do.
[2026-06-18T14:08:39.563Z] OrderImport daemon: cycle start
[2026-06-18T14:08:40.459Z] OrderImport: found 0 file(s)
[2026-06-18T14:08:40.460Z] OrderImport: nothing to do.
[2026-06-18T14:09:09.591Z] OrderImport daemon: cycle start
[2026-06-18T14:09:10.468Z] OrderImport: found 0 file(s)
[2026-06-18T14:09:10.468Z] OrderImport: nothing to do.
[2026-06-18T14:09:39.615Z] OrderImport daemon: cycle start
[2026-06-18T14:09:40.495Z] OrderImport: found 0 file(s)
[2026-06-18T14:09:40.495Z] OrderImport: nothing to do.
[2026-06-18T14:10:09.627Z] OrderImport daemon: cycle start
[2026-06-18T14:10:10.541Z] OrderImport: found 0 file(s)
[2026-06-18T14:10:10.542Z] OrderImport: nothing to do.
[2026-06-18T14:10:39.656Z] OrderImport daemon: cycle start
[2026-06-18T14:10:40.567Z] OrderImport: found 0 file(s)
[2026-06-18T14:10:40.567Z] OrderImport: nothing to do.
[2026-06-18T14:11:09.674Z] OrderImport daemon: cycle start
[2026-06-18T14:11:10.570Z] OrderImport: found 0 file(s)
[2026-06-18T14:11:10.570Z] OrderImport: nothing to do.
[2026-06-18T14:11:39.686Z] OrderImport daemon: cycle start
[2026-06-18T14:11:40.543Z] OrderImport: found 0 file(s)
[2026-06-18T14:11:40.543Z] OrderImport: nothing to do.
[2026-06-18T14:12:09.715Z] OrderImport daemon: cycle start
[2026-06-18T14:12:11.054Z] OrderImport: found 0 file(s)
[2026-06-18T14:12:11.055Z] OrderImport: nothing to do.
[2026-06-18T14:12:39.734Z] OrderImport daemon: cycle start
[2026-06-18T14:12:41.033Z] OrderImport: found 0 file(s)
[2026-06-18T14:12:41.033Z] OrderImport: nothing to do.
[2026-06-18T14:13:09.739Z] OrderImport daemon: cycle start
[2026-06-18T14:13:11.024Z] OrderImport: found 0 file(s)
[2026-06-18T14:13:11.024Z] OrderImport: nothing to do.
[2026-06-18T14:13:39.766Z] OrderImport daemon: cycle start
[2026-06-18T14:13:41.070Z] OrderImport: found 0 file(s)
[2026-06-18T14:13:41.070Z] OrderImport: nothing to do.
[2026-06-18T14:14:09.794Z] OrderImport daemon: cycle start
[2026-06-18T14:14:11.121Z] OrderImport: found 0 file(s)
[2026-06-18T14:14:11.121Z] OrderImport: nothing to do.
[2026-06-18T14:14:39.801Z] OrderImport daemon: cycle start
[2026-06-18T14:14:41.123Z] OrderImport: found 0 file(s)
[2026-06-18T14:14:41.123Z] OrderImport: nothing to do.
[2026-06-18T14:15:09.823Z] OrderImport daemon: cycle start
[2026-06-18T14:15:11.174Z] OrderImport: found 0 file(s)
[2026-06-18T14:15:11.174Z] OrderImport: nothing to do.
[2026-06-18T14:15:39.825Z] OrderImport daemon: cycle start
[2026-06-18T14:15:40.709Z] OrderImport: found 0 file(s)
[2026-06-18T14:15:40.709Z] OrderImport: nothing to do.
[2026-06-18T14:16:09.851Z] OrderImport daemon: cycle start
[2026-06-18T14:16:10.760Z] OrderImport: found 0 file(s)
[2026-06-18T14:16:10.760Z] OrderImport: nothing to do.
[2026-06-18T14:16:39.879Z] OrderImport daemon: cycle start
[2026-06-18T14:16:40.756Z] OrderImport: nothing to do.
[2026-06-18T14:16:40.756Z] OrderImport: found 0 file(s)
[2026-06-18T14:17:09.907Z] OrderImport daemon: cycle start
[2026-06-18T14:17:10.807Z] OrderImport: found 0 file(s)
[2026-06-18T14:17:10.807Z] OrderImport: nothing to do.
[2026-06-18T14:17:39.925Z] OrderImport daemon: cycle start
[2026-06-18T14:17:40.850Z] OrderImport: found 0 file(s)
[2026-06-18T14:17:40.850Z] OrderImport: nothing to do.
[2026-06-18T14:18:09.951Z] OrderImport daemon: cycle start
[2026-06-18T14:18:10.868Z] OrderImport: found 0 file(s)
[2026-06-18T14:18:10.868Z] OrderImport: nothing to do.
[2026-06-18T14:18:39.980Z] OrderImport daemon: cycle start
[2026-06-18T14:18:40.863Z] OrderImport: found 0 file(s)
[2026-06-18T14:18:40.863Z] OrderImport: nothing to do.
[2026-06-18T14:19:10.009Z] OrderImport daemon: cycle start
[2026-06-18T14:19:10.936Z] OrderImport: found 0 file(s)
[2026-06-18T14:19:10.936Z] OrderImport: nothing to do.
[2026-06-18T14:19:40.037Z] OrderImport daemon: cycle start
[2026-06-18T14:19:40.920Z] OrderImport: found 0 file(s)
[2026-06-18T14:19:40.920Z] OrderImport: nothing to do.
[2026-06-18T14:20:10.063Z] OrderImport daemon: cycle start
[2026-06-18T14:20:10.968Z] OrderImport: found 0 file(s)
[2026-06-18T14:20:10.968Z] OrderImport: nothing to do.
[2026-06-18T14:20:40.091Z] OrderImport daemon: cycle start
[2026-06-18T14:20:40.992Z] OrderImport: found 0 file(s)
[2026-06-18T14:20:40.992Z] OrderImport: nothing to do.
[2026-06-18T14:21:10.119Z] OrderImport daemon: cycle start
[2026-06-18T14:21:10.991Z] OrderImport: found 0 file(s)
[2026-06-18T14:21:10.991Z] OrderImport: nothing to do.
[2026-06-18T14:21:40.143Z] OrderImport daemon: cycle start
[2026-06-18T14:21:41.031Z] OrderImport: found 0 file(s)
[2026-06-18T14:21:41.032Z] OrderImport: nothing to do.
[2026-06-18T14:22:10.171Z] OrderImport daemon: cycle start
[2026-06-18T14:22:11.050Z] OrderImport: found 0 file(s)
[2026-06-18T14:22:11.050Z] OrderImport: nothing to do.
[2026-06-18T14:22:40.199Z] OrderImport daemon: cycle start
[2026-06-18T14:22:41.113Z] OrderImport: found 0 file(s)
[2026-06-18T14:22:41.113Z] OrderImport: nothing to do.
[2026-06-18T14:23:10.227Z] OrderImport daemon: cycle start
[2026-06-18T14:23:11.094Z] OrderImport: found 0 file(s)
[2026-06-18T14:23:11.095Z] OrderImport: nothing to do.
[2026-06-18T14:23:40.228Z] OrderImport daemon: cycle start
[2026-06-18T14:23:41.106Z] OrderImport: found 0 file(s)
[2026-06-18T14:23:41.106Z] OrderImport: nothing to do.
[2026-06-18T14:24:10.255Z] OrderImport daemon: cycle start
[2026-06-18T14:24:11.574Z] OrderImport: found 0 file(s)
[2026-06-18T14:24:11.574Z] OrderImport: nothing to do.
[2026-06-18T14:24:40.284Z] OrderImport daemon: cycle start
[2026-06-18T14:24:41.589Z] OrderImport: found 0 file(s)
[2026-06-18T14:24:41.589Z] OrderImport: nothing to do.
[2026-06-18T14:25:10.297Z] OrderImport daemon: cycle start
[2026-06-18T14:25:11.617Z] OrderImport: found 0 file(s)
[2026-06-18T14:25:11.617Z] OrderImport: nothing to do.
[2026-06-18T14:25:40.320Z] OrderImport daemon: cycle start
[2026-06-18T14:25:41.614Z] OrderImport: found 0 file(s)
[2026-06-18T14:25:41.614Z] OrderImport: nothing to do.
[2026-06-18T14:26:10.347Z] OrderImport daemon: cycle start
[2026-06-18T14:26:11.661Z] OrderImport: found 0 file(s)
[2026-06-18T14:26:11.661Z] OrderImport: nothing to do.
[2026-06-18T14:26:40.369Z] OrderImport daemon: cycle start
[2026-06-18T14:26:41.686Z] OrderImport: found 0 file(s)
[2026-06-18T14:26:41.686Z] OrderImport: nothing to do.
[2026-06-18T14:27:10.376Z] OrderImport daemon: cycle start
[2026-06-18T14:27:11.685Z] OrderImport: found 0 file(s)
[2026-06-18T14:27:11.685Z] OrderImport: nothing to do.
[2026-06-18T14:27:40.403Z] OrderImport daemon: cycle start
[2026-06-18T14:27:41.778Z] OrderImport: found 0 file(s)
[2026-06-18T14:27:41.778Z] OrderImport: nothing to do.
[2026-06-18T14:28:10.416Z] OrderImport daemon: cycle start
[2026-06-18T14:28:11.414Z] OrderImport: found 0 file(s)
[2026-06-18T14:28:11.414Z] OrderImport: nothing to do.
[2026-06-18T14:28:40.432Z] OrderImport daemon: cycle start
[2026-06-18T14:28:41.299Z] OrderImport: found 0 file(s)
[2026-06-18T14:28:41.299Z] OrderImport: nothing to do.
[2026-06-18T14:29:10.446Z] OrderImport daemon: cycle start
[2026-06-18T14:29:11.317Z] OrderImport: found 0 file(s)
[2026-06-18T14:29:11.317Z] OrderImport: nothing to do.
[2026-06-18T14:29:40.474Z] OrderImport daemon: cycle start
[2026-06-18T14:29:41.408Z] OrderImport: found 0 file(s)
[2026-06-18T14:29:41.408Z] OrderImport: nothing to do.
[2026-06-18T14:30:10.502Z] OrderImport daemon: cycle start
[2026-06-18T14:30:11.411Z] OrderImport: found 0 file(s)
[2026-06-18T14:30:11.411Z] OrderImport: nothing to do.
[2026-06-18T14:30:40.527Z] OrderImport daemon: cycle start
[2026-06-18T14:30:41.445Z] OrderImport: found 0 file(s)
[2026-06-18T14:30:41.445Z] OrderImport: nothing to do.
[2026-06-18T14:31:10.531Z] OrderImport daemon: cycle start
[2026-06-18T14:31:11.507Z] OrderImport: found 0 file(s)
[2026-06-18T14:31:11.507Z] OrderImport: nothing to do.
[2026-06-18T14:31:40.552Z] OrderImport daemon: cycle start
[2026-06-18T14:31:41.903Z] OrderImport: found 0 file(s)
[2026-06-18T14:31:41.903Z] OrderImport: nothing to do.
[2026-06-18T14:32:10.580Z] OrderImport daemon: cycle start
[2026-06-18T14:32:11.605Z] OrderImport: found 0 file(s)
[2026-06-18T14:32:11.605Z] OrderImport: nothing to do.
[2026-06-18T14:32:40.607Z] OrderImport daemon: cycle start
[2026-06-18T14:32:41.524Z] OrderImport: found 0 file(s)
[2026-06-18T14:32:41.524Z] OrderImport: nothing to do.
[2026-06-18T14:33:10.637Z] OrderImport daemon: cycle start
[2026-06-18T14:33:11.535Z] OrderImport: found 0 file(s)
[2026-06-18T14:33:11.535Z] OrderImport: nothing to do.
[2026-06-18T14:33:40.663Z] OrderImport daemon: cycle start
[2026-06-18T14:33:41.640Z] OrderImport: found 0 file(s)
[2026-06-18T14:33:41.640Z] OrderImport: nothing to do.
[2026-06-18T14:34:10.691Z] OrderImport daemon: cycle start
[2026-06-18T14:34:11.578Z] OrderImport: found 0 file(s)
[2026-06-18T14:34:11.578Z] OrderImport: nothing to do.
[2026-06-18T14:34:40.719Z] OrderImport daemon: cycle start
[2026-06-18T14:34:41.627Z] OrderImport: found 0 file(s)
[2026-06-18T14:34:41.627Z] OrderImport: nothing to do.
[2026-06-18T14:35:10.748Z] OrderImport daemon: cycle start
[2026-06-18T14:35:11.644Z] OrderImport: found 0 file(s)
[2026-06-18T14:35:11.644Z] OrderImport: nothing to do.
[2026-06-18T14:35:40.775Z] OrderImport daemon: cycle start
[2026-06-18T14:35:41.707Z] OrderImport: found 0 file(s)
[2026-06-18T14:35:41.708Z] OrderImport: nothing to do.
[2026-06-18T14:36:10.804Z] OrderImport daemon: cycle start
[2026-06-18T14:36:11.755Z] OrderImport: found 0 file(s)
[2026-06-18T14:36:11.756Z] OrderImport: nothing to do.
[2026-06-18T14:36:40.831Z] OrderImport daemon: cycle start
[2026-06-18T14:36:41.711Z] OrderImport: found 0 file(s)
[2026-06-18T14:36:41.711Z] OrderImport: nothing to do.
[2026-06-18T14:37:10.859Z] OrderImport daemon: cycle start
[2026-06-18T14:37:11.756Z] OrderImport: found 0 file(s)
[2026-06-18T14:37:11.756Z] OrderImport: nothing to do.
[2026-06-18T14:37:40.888Z] OrderImport daemon: cycle start
[2026-06-18T14:37:41.829Z] OrderImport: found 0 file(s)
[2026-06-18T14:37:41.829Z] OrderImport: nothing to do.
[2026-06-18T14:38:10.912Z] OrderImport daemon: cycle start
[2026-06-18T14:38:11.787Z] OrderImport: found 0 file(s)
[2026-06-18T14:38:11.788Z] OrderImport: nothing to do.
[2026-06-18T14:38:40.930Z] OrderImport daemon: cycle start
[2026-06-18T14:38:41.829Z] OrderImport: found 0 file(s)
[2026-06-18T14:38:41.829Z] OrderImport: nothing to do.
[2026-06-18T14:39:10.959Z] OrderImport daemon: cycle start
[2026-06-18T14:39:11.838Z] OrderImport: found 0 file(s)
[2026-06-18T14:39:11.838Z] OrderImport: nothing to do.
[2026-06-18T14:39:40.972Z] OrderImport daemon: cycle start
[2026-06-18T14:39:41.871Z] OrderImport: found 0 file(s)
[2026-06-18T14:39:41.871Z] OrderImport: nothing to do.
[2026-06-18T14:40:10.999Z] OrderImport daemon: cycle start
[2026-06-18T14:40:11.911Z] OrderImport: found 0 file(s)
[2026-06-18T14:40:11.911Z] OrderImport: nothing to do.
[2026-06-18T14:40:41.007Z] OrderImport daemon: cycle start
[2026-06-18T14:40:41.909Z] OrderImport: found 0 file(s)
[2026-06-18T14:40:41.909Z] OrderImport: nothing to do.
[2026-06-18T14:41:11.035Z] OrderImport daemon: cycle start
[2026-06-18T14:41:12.017Z] OrderImport: found 0 file(s)
[2026-06-18T14:41:12.017Z] OrderImport: nothing to do.
[2026-06-18T14:41:41.049Z] OrderImport daemon: cycle start
[2026-06-18T14:41:41.952Z] OrderImport: found 0 file(s)
[2026-06-18T14:41:41.952Z] OrderImport: nothing to do.
[2026-06-18T14:42:11.078Z] OrderImport daemon: cycle start
[2026-06-18T14:42:11.974Z] OrderImport: found 0 file(s)
[2026-06-18T14:42:11.974Z] OrderImport: nothing to do.
[2026-06-18T14:42:41.106Z] OrderImport daemon: cycle start
[2026-06-18T14:42:42.003Z] OrderImport: found 0 file(s)
[2026-06-18T14:42:42.003Z] OrderImport: nothing to do.
[2026-06-18T14:43:11.119Z] OrderImport daemon: cycle start
[2026-06-18T14:43:12.013Z] OrderImport: found 0 file(s)
[2026-06-18T14:43:12.013Z] OrderImport: nothing to do.
[2026-06-18T14:43:41.148Z] OrderImport daemon: cycle start
[2026-06-18T14:43:42.037Z] OrderImport: found 0 file(s)
[2026-06-18T14:43:42.037Z] OrderImport: nothing to do.
[2026-06-18T14:44:11.175Z] OrderImport daemon: cycle start
[2026-06-18T14:44:12.032Z] OrderImport: found 0 file(s)
[2026-06-18T14:44:12.032Z] OrderImport: nothing to do.
[2026-06-18T14:44:41.203Z] OrderImport daemon: cycle start
[2026-06-18T14:44:42.116Z] OrderImport: found 0 file(s)
[2026-06-18T14:44:42.116Z] OrderImport: nothing to do.
[2026-06-18T14:45:11.209Z] OrderImport daemon: cycle start
[2026-06-18T14:45:12.126Z] OrderImport: found 0 file(s)
[2026-06-18T14:45:12.126Z] OrderImport: nothing to do.
[2026-06-18T14:45:41.231Z] OrderImport daemon: cycle start
[2026-06-18T14:45:42.141Z] OrderImport: found 0 file(s)
[2026-06-18T14:45:42.141Z] OrderImport: nothing to do.
[2026-06-18T14:46:11.256Z] OrderImport daemon: cycle start
[2026-06-18T14:46:12.652Z] OrderImport: found 0 file(s)
[2026-06-18T14:46:12.652Z] OrderImport: nothing to do.
[2026-06-18T14:46:41.283Z] OrderImport daemon: cycle start
[2026-06-18T14:46:42.635Z] OrderImport: found 0 file(s)
[2026-06-18T14:46:42.635Z] OrderImport: nothing to do.
[2026-06-18T14:47:11.295Z] OrderImport daemon: cycle start
[2026-06-18T14:47:12.628Z] OrderImport: found 0 file(s)
[2026-06-18T14:47:12.628Z] OrderImport: nothing to do.
[2026-06-18T14:47:41.296Z] OrderImport daemon: cycle start
[2026-06-18T14:47:42.600Z] OrderImport: found 0 file(s)
[2026-06-18T14:47:42.600Z] OrderImport: nothing to do.
[2026-06-18T14:48:11.323Z] OrderImport daemon: cycle start
[2026-06-18T14:48:12.709Z] OrderImport: found 0 file(s)
[2026-06-18T14:48:12.709Z] OrderImport: nothing to do.
[2026-06-18T14:48:41.351Z] OrderImport daemon: cycle start
[2026-06-18T14:48:42.690Z] OrderImport: found 0 file(s)
[2026-06-18T14:48:42.690Z] OrderImport: nothing to do.
[2026-06-18T14:49:11.379Z] OrderImport daemon: cycle start
[2026-06-18T14:49:12.264Z] OrderImport: found 0 file(s)
[2026-06-18T14:49:12.264Z] OrderImport: nothing to do.
[2026-06-18T14:49:41.408Z] OrderImport daemon: cycle start
[2026-06-18T14:49:42.334Z] OrderImport: found 0 file(s)
[2026-06-18T14:49:42.334Z] OrderImport: nothing to do.
[2026-06-18T14:50:11.430Z] OrderImport daemon: cycle start
[2026-06-18T14:50:12.343Z] OrderImport: found 0 file(s)
[2026-06-18T14:50:12.343Z] OrderImport: nothing to do.
[2026-06-18T14:50:41.455Z] OrderImport daemon: cycle start
[2026-06-18T14:50:42.349Z] OrderImport: found 0 file(s)
[2026-06-18T14:50:42.349Z] OrderImport: nothing to do.
[2026-06-18T14:51:11.484Z] OrderImport daemon: cycle start
[2026-06-18T14:51:12.409Z] OrderImport: nothing to do.
[2026-06-18T14:51:12.408Z] OrderImport: found 0 file(s)
[2026-06-18T14:51:41.511Z] OrderImport daemon: cycle start
[2026-06-18T14:51:42.406Z] OrderImport: found 0 file(s)
[2026-06-18T14:51:42.407Z] OrderImport: nothing to do.
[2026-06-18T14:52:11.539Z] OrderImport daemon: cycle start
[2026-06-18T14:52:12.433Z] OrderImport: found 0 file(s)
[2026-06-18T14:52:12.434Z] OrderImport: nothing to do.
[2026-06-18T14:52:41.567Z] OrderImport daemon: cycle start
[2026-06-18T14:52:42.472Z] OrderImport: found 0 file(s)
[2026-06-18T14:52:42.472Z] OrderImport: nothing to do.
[2026-06-18T14:53:11.595Z] OrderImport daemon: cycle start
[2026-06-18T14:53:12.537Z] OrderImport: found 0 file(s)
[2026-06-18T14:53:12.537Z] OrderImport: nothing to do.
[2026-06-18T14:53:41.623Z] OrderImport daemon: cycle start
[2026-06-18T14:53:42.524Z] OrderImport: found 0 file(s)
[2026-06-18T14:53:42.524Z] OrderImport: nothing to do.
[2026-06-18T14:54:11.651Z] OrderImport daemon: cycle start
[2026-06-18T14:54:12.524Z] OrderImport: found 0 file(s)
[2026-06-18T14:54:12.524Z] OrderImport: nothing to do.
[2026-06-18T14:54:41.679Z] OrderImport daemon: cycle start
[2026-06-18T14:54:42.546Z] OrderImport: nothing to do.
[2026-06-18T14:54:42.546Z] OrderImport: found 0 file(s)
[2026-06-18T14:55:11.681Z] OrderImport daemon: cycle start
[2026-06-18T14:55:12.579Z] OrderImport: found 0 file(s)
[2026-06-18T14:55:12.579Z] OrderImport: nothing to do.
[2026-06-18T14:55:41.709Z] OrderImport daemon: cycle start
[2026-06-18T14:55:42.593Z] OrderImport: found 0 file(s)
[2026-06-18T14:55:42.593Z] OrderImport: nothing to do.
[2026-06-18T14:56:11.735Z] OrderImport daemon: cycle start
[2026-06-18T14:56:12.611Z] OrderImport: found 0 file(s)
[2026-06-18T14:56:12.611Z] OrderImport: nothing to do.
[2026-06-18T14:56:41.763Z] OrderImport daemon: cycle start
[2026-06-18T14:56:42.680Z] OrderImport: found 0 file(s)
[2026-06-18T14:56:42.680Z] OrderImport: nothing to do.
[2026-06-18T14:57:11.770Z] OrderImport daemon: cycle start
[2026-06-18T14:57:12.661Z] OrderImport: found 0 file(s)
[2026-06-18T14:57:12.661Z] OrderImport: nothing to do.
[2026-06-18T14:57:41.797Z] OrderImport daemon: cycle start
[2026-06-18T14:57:42.717Z] OrderImport: found 0 file(s)
[2026-06-18T14:57:42.717Z] OrderImport: nothing to do.
[2026-06-18T14:58:11.821Z] OrderImport daemon: cycle start
[2026-06-18T14:58:12.755Z] OrderImport: found 0 file(s)
[2026-06-18T14:58:12.755Z] OrderImport: nothing to do.
[2026-06-18T14:58:41.840Z] OrderImport daemon: cycle start
[2026-06-18T14:58:42.791Z] OrderImport: found 0 file(s)
[2026-06-18T14:58:42.791Z] OrderImport: nothing to do.
[2026-06-18T14:59:11.845Z] OrderImport daemon: cycle start
[2026-06-18T14:59:12.762Z] OrderImport: found 0 file(s)
[2026-06-18T14:59:12.763Z] OrderImport: nothing to do.
[2026-06-18T14:59:41.871Z] OrderImport daemon: cycle start
[2026-06-18T14:59:42.792Z] OrderImport: found 0 file(s)
[2026-06-18T14:59:42.793Z] OrderImport: nothing to do.
[2026-06-18T15:00:11.899Z] OrderImport daemon: cycle start
[2026-06-18T15:00:12.811Z] OrderImport: found 0 file(s)
[2026-06-18T15:00:12.811Z] OrderImport: nothing to do.
[2026-06-18T15:00:41.926Z] OrderImport daemon: cycle start
[2026-06-18T15:00:42.837Z] OrderImport: found 0 file(s)
[2026-06-18T15:00:42.837Z] OrderImport: nothing to do.
[2026-06-18T15:01:11.947Z] OrderImport daemon: cycle start
[2026-06-18T15:01:12.824Z] OrderImport: found 0 file(s)
[2026-06-18T15:01:12.824Z] OrderImport: nothing to do.
[2026-06-18T15:01:41.962Z] OrderImport daemon: cycle start
[2026-06-18T15:01:42.903Z] OrderImport: found 0 file(s)
[2026-06-18T15:01:42.903Z] OrderImport: nothing to do.
[2026-06-18T15:02:11.988Z] OrderImport daemon: cycle start
[2026-06-18T15:02:12.900Z] OrderImport: found 0 file(s)
[2026-06-18T15:02:12.900Z] OrderImport: nothing to do.
[2026-06-18T15:02:42.003Z] OrderImport daemon: cycle start
[2026-06-18T15:02:42.904Z] OrderImport: found 0 file(s)
[2026-06-18T15:02:42.905Z] OrderImport: nothing to do.
[2026-06-18T15:03:12.017Z] OrderImport daemon: cycle start
[2026-06-18T15:03:12.913Z] OrderImport: found 0 file(s)
[2026-06-18T15:03:12.913Z] OrderImport: nothing to do.
[2026-06-18T15:03:42.018Z] OrderImport daemon: cycle start
[2026-06-18T15:03:42.905Z] OrderImport: found 0 file(s)
[2026-06-18T15:03:42.905Z] OrderImport: nothing to do.
[2026-06-18T15:04:12.047Z] OrderImport daemon: cycle start
[2026-06-18T15:04:12.947Z] OrderImport: found 0 file(s)
[2026-06-18T15:04:12.947Z] OrderImport: nothing to do.
[2026-06-18T15:04:42.075Z] OrderImport daemon: cycle start
[2026-06-18T15:04:42.995Z] OrderImport: found 0 file(s)
[2026-06-18T15:04:42.995Z] OrderImport: nothing to do.
[2026-06-18T15:05:12.103Z] OrderImport daemon: cycle start
[2026-06-18T15:05:13.000Z] OrderImport: found 0 file(s)
[2026-06-18T15:05:13.000Z] OrderImport: nothing to do.
[2026-06-18T15:05:42.126Z] OrderImport daemon: cycle start
[2026-06-18T15:05:42.979Z] OrderImport: found 0 file(s)
[2026-06-18T15:05:42.979Z] OrderImport: nothing to do.
[2026-06-18T15:06:12.132Z] OrderImport daemon: cycle start
[2026-06-18T15:06:12.999Z] OrderImport: found 0 file(s)
[2026-06-18T15:06:13.000Z] OrderImport: nothing to do.
[2026-06-18T15:06:42.159Z] OrderImport daemon: cycle start
[2026-06-18T15:06:43.063Z] OrderImport: found 0 file(s)
[2026-06-18T15:06:43.064Z] OrderImport: nothing to do.
[2026-06-18T15:07:12.177Z] OrderImport daemon: cycle start
[2026-06-18T15:07:13.084Z] OrderImport: found 0 file(s)
[2026-06-18T15:07:13.084Z] OrderImport: nothing to do.
[2026-06-18T15:07:42.205Z] OrderImport daemon: cycle start
[2026-06-18T15:07:43.125Z] OrderImport: found 0 file(s)
[2026-06-18T15:07:43.125Z] OrderImport: nothing to do.
[2026-06-18T15:08:12.231Z] OrderImport daemon: cycle start
[2026-06-18T15:08:13.111Z] OrderImport: found 0 file(s)
[2026-06-18T15:08:13.111Z] OrderImport: nothing to do.
[2026-06-18T15:08:42.260Z] OrderImport daemon: cycle start
[2026-06-18T15:08:43.139Z] OrderImport: found 0 file(s)
[2026-06-18T15:08:43.139Z] OrderImport: nothing to do.
[2026-06-18T15:09:12.274Z] OrderImport daemon: cycle start
[2026-06-18T15:09:13.304Z] OrderImport: found 0 file(s)
[2026-06-18T15:09:13.304Z] OrderImport: nothing to do.
[2026-06-18T15:09:42.299Z] OrderImport daemon: cycle start
[2026-06-18T15:09:43.221Z] OrderImport: found 0 file(s)
[2026-06-18T15:09:43.221Z] OrderImport: nothing to do.
[2026-06-18T15:10:12.327Z] OrderImport daemon: cycle start
[2026-06-18T15:10:13.276Z] OrderImport: found 0 file(s)
[2026-06-18T15:10:13.276Z] OrderImport: nothing to do.
[2026-06-18T15:10:42.355Z] OrderImport daemon: cycle start
[2026-06-18T15:10:43.245Z] OrderImport: found 0 file(s)
[2026-06-18T15:10:43.245Z] OrderImport: nothing to do.
[2026-06-18T15:11:12.383Z] OrderImport daemon: cycle start
[2026-06-18T15:11:13.285Z] OrderImport: found 0 file(s)
[2026-06-18T15:11:13.285Z] OrderImport: nothing to do.
[2026-06-18T15:11:42.412Z] OrderImport daemon: cycle start
[2026-06-18T15:11:43.317Z] OrderImport: found 0 file(s)
[2026-06-18T15:11:43.317Z] OrderImport: nothing to do.
[2026-06-18T15:12:12.439Z] OrderImport daemon: cycle start
[2026-06-18T15:12:13.365Z] OrderImport: found 0 file(s)
[2026-06-18T15:12:13.365Z] OrderImport: nothing to do.
[2026-06-18T15:12:42.467Z] OrderImport daemon: cycle start
[2026-06-18T15:12:43.367Z] OrderImport: found 0 file(s)
[2026-06-18T15:12:43.367Z] OrderImport: nothing to do.
[2026-06-18T15:13:12.495Z] OrderImport daemon: cycle start
[2026-06-18T15:13:13.455Z] OrderImport: found 0 file(s)
[2026-06-18T15:13:13.455Z] OrderImport: nothing to do.
[2026-06-18T15:13:42.523Z] OrderImport daemon: cycle start
[2026-06-18T15:13:43.406Z] OrderImport: found 0 file(s)
[2026-06-18T15:13:43.406Z] OrderImport: nothing to do.
[2026-06-18T15:14:12.531Z] OrderImport daemon: cycle start
[2026-06-18T15:14:13.449Z] OrderImport: found 0 file(s)
[2026-06-18T15:14:13.449Z] OrderImport: nothing to do.
[2026-06-18T15:14:42.560Z] OrderImport daemon: cycle start
[2026-06-18T15:14:43.468Z] OrderImport: found 0 file(s)
[2026-06-18T15:14:43.468Z] OrderImport: nothing to do.
[2026-06-18T15:15:12.584Z] OrderImport daemon: cycle start
[2026-06-18T15:15:13.527Z] OrderImport: found 0 file(s)
[2026-06-18T15:15:13.527Z] OrderImport: nothing to do.
[2026-06-18T15:15:42.611Z] OrderImport daemon: cycle start
[2026-06-18T15:15:43.512Z] OrderImport: found 0 file(s)
[2026-06-18T15:15:43.512Z] OrderImport: nothing to do.
[2026-06-18T15:16:12.640Z] OrderImport daemon: cycle start
[2026-06-18T15:16:13.491Z] OrderImport: found 0 file(s)
[2026-06-18T15:16:13.491Z] OrderImport: nothing to do.
[2026-06-18T15:16:42.668Z] OrderImport daemon: cycle start
[2026-06-18T15:16:44.047Z] OrderImport: found 0 file(s)
[2026-06-18T15:16:44.048Z] OrderImport: nothing to do.
[2026-06-18T15:17:12.697Z] OrderImport daemon: cycle start
[2026-06-18T15:17:13.998Z] OrderImport: found 0 file(s)
[2026-06-18T15:17:13.998Z] OrderImport: nothing to do.
[2026-06-18T15:17:42.723Z] OrderImport daemon: cycle start
[2026-06-18T15:17:44.014Z] OrderImport: found 0 file(s)
[2026-06-18T15:17:44.014Z] OrderImport: nothing to do.
[2026-06-18T15:18:12.748Z] OrderImport daemon: cycle start
[2026-06-18T15:18:14.049Z] OrderImport: found 0 file(s)
[2026-06-18T15:18:14.049Z] OrderImport: nothing to do.
[2026-06-18T15:18:42.774Z] OrderImport daemon: cycle start
[2026-06-18T15:18:43.694Z] OrderImport: nothing to do.
[2026-06-18T15:18:43.694Z] OrderImport: found 0 file(s)
[2026-06-18T15:19:12.799Z] OrderImport daemon: cycle start
[2026-06-18T15:19:13.708Z] OrderImport: found 0 file(s)
[2026-06-18T15:19:13.708Z] OrderImport: nothing to do.
[2026-06-18T15:19:42.828Z] OrderImport daemon: cycle start
[2026-06-18T15:19:43.708Z] OrderImport: nothing to do.
[2026-06-18T15:19:43.707Z] OrderImport: found 0 file(s)
[2026-06-18T15:20:12.848Z] OrderImport daemon: cycle start
[2026-06-18T15:20:13.757Z] OrderImport: found 0 file(s)
[2026-06-18T15:20:13.757Z] OrderImport: nothing to do.
[2026-06-18T15:20:42.871Z] OrderImport daemon: cycle start
[2026-06-18T15:20:43.789Z] OrderImport: nothing to do.
[2026-06-18T15:20:43.789Z] OrderImport: found 0 file(s)
[2026-06-18T15:21:12.895Z] OrderImport daemon: cycle start
[2026-06-18T15:21:13.792Z] OrderImport: found 0 file(s)
[2026-06-18T15:21:13.793Z] OrderImport: nothing to do.
[2026-06-18T15:21:42.924Z] OrderImport daemon: cycle start
[2026-06-18T15:21:43.816Z] OrderImport: found 0 file(s)
[2026-06-18T15:21:43.816Z] OrderImport: nothing to do.
[2026-06-18T15:22:12.951Z] OrderImport daemon: cycle start
[2026-06-18T15:22:13.822Z] OrderImport: found 0 file(s)
[2026-06-18T15:22:13.822Z] OrderImport: nothing to do.
[2026-06-18T15:22:42.979Z] OrderImport daemon: cycle start
[2026-06-18T15:22:43.883Z] OrderImport: found 0 file(s)
[2026-06-18T15:22:43.883Z] OrderImport: nothing to do.
[2026-06-18T15:23:12.982Z] OrderImport daemon: cycle start
[2026-06-18T15:23:13.898Z] OrderImport: found 0 file(s)
[2026-06-18T15:23:13.898Z] OrderImport: nothing to do.
[2026-06-18T15:23:43.007Z] OrderImport daemon: cycle start
[2026-06-18T15:23:43.894Z] OrderImport: found 0 file(s)
[2026-06-18T15:23:43.894Z] OrderImport: nothing to do.
[2026-06-18T15:24:13.013Z] OrderImport daemon: cycle start
[2026-06-18T15:24:13.879Z] OrderImport: found 0 file(s)
[2026-06-18T15:24:13.879Z] OrderImport: nothing to do.
[2026-06-18T15:24:43.030Z] OrderImport daemon: cycle start
[2026-06-18T15:24:43.904Z] OrderImport: found 0 file(s)
[2026-06-18T15:24:43.904Z] OrderImport: nothing to do.
[2026-06-18T15:25:13.055Z] OrderImport daemon: cycle start
[2026-06-18T15:25:13.959Z] OrderImport: found 0 file(s)
[2026-06-18T15:25:13.959Z] OrderImport: nothing to do.
[2026-06-18T15:25:43.085Z] OrderImport daemon: cycle start
[2026-06-18T15:25:43.953Z] OrderImport: found 0 file(s)
[2026-06-18T15:25:43.953Z] OrderImport: nothing to do.
[2026-06-18T15:26:13.095Z] OrderImport daemon: cycle start
[2026-06-18T15:26:13.992Z] OrderImport: found 0 file(s)
[2026-06-18T15:26:13.992Z] OrderImport: nothing to do.
[2026-06-18T15:26:43.117Z] OrderImport daemon: cycle start
[2026-06-18T15:26:44.026Z] OrderImport: found 0 file(s)
[2026-06-18T15:26:44.026Z] OrderImport: nothing to do.
[2026-06-18T15:27:13.137Z] OrderImport daemon: cycle start
[2026-06-18T15:27:14.052Z] OrderImport: found 0 file(s)
[2026-06-18T15:27:14.052Z] OrderImport: nothing to do.
[2026-06-18T15:27:43.163Z] OrderImport daemon: cycle start
[2026-06-18T15:27:44.076Z] OrderImport: found 0 file(s)
[2026-06-18T15:27:44.076Z] OrderImport: nothing to do.
[2026-06-18T15:28:13.191Z] OrderImport daemon: cycle start
[2026-06-18T15:28:14.092Z] OrderImport: found 0 file(s)
[2026-06-18T15:28:14.092Z] OrderImport: nothing to do.
[2026-06-18T15:28:43.220Z] OrderImport daemon: cycle start
[2026-06-18T15:28:44.109Z] OrderImport: found 0 file(s)
[2026-06-18T15:28:44.109Z] OrderImport: nothing to do.
[2026-06-18T15:29:13.249Z] OrderImport daemon: cycle start
[2026-06-18T15:29:14.169Z] OrderImport: found 0 file(s)
[2026-06-18T15:29:14.169Z] OrderImport: nothing to do.
[2026-06-18T15:29:43.253Z] OrderImport daemon: cycle start
[2026-06-18T15:29:44.144Z] OrderImport: found 0 file(s)
[2026-06-18T15:29:44.144Z] OrderImport: nothing to do.
[2026-06-18T15:30:13.277Z] OrderImport daemon: cycle start
[2026-06-18T15:30:14.186Z] OrderImport: found 0 file(s)
[2026-06-18T15:30:14.186Z] OrderImport: nothing to do.
[2026-06-18T15:30:43.303Z] OrderImport daemon: cycle start
[2026-06-18T15:30:44.191Z] OrderImport: found 0 file(s)
[2026-06-18T15:30:44.192Z] OrderImport: nothing to do.
[2026-06-18T15:31:13.331Z] OrderImport daemon: cycle start
[2026-06-18T15:31:14.218Z] OrderImport: found 0 file(s)
[2026-06-18T15:31:14.218Z] OrderImport: nothing to do.
[2026-06-18T15:31:43.359Z] OrderImport daemon: cycle start
[2026-06-18T15:31:44.271Z] OrderImport: found 0 file(s)
[2026-06-18T15:31:44.271Z] OrderImport: nothing to do.
[2026-06-18T15:32:13.387Z] OrderImport daemon: cycle start
[2026-06-18T15:32:14.252Z] OrderImport: found 0 file(s)
[2026-06-18T15:32:14.252Z] OrderImport: nothing to do.
[2026-06-18T15:32:43.392Z] OrderImport daemon: cycle start
[2026-06-18T15:32:44.251Z] OrderImport: found 0 file(s)
[2026-06-18T15:32:44.251Z] OrderImport: nothing to do.
[2026-06-18T15:33:13.421Z] OrderImport daemon: cycle start
[2026-06-18T15:33:14.318Z] OrderImport: found 0 file(s)
[2026-06-18T15:33:14.318Z] OrderImport: nothing to do.
[2026-06-18T15:33:43.447Z] OrderImport daemon: cycle start
[2026-06-18T15:33:44.450Z] OrderImport: found 0 file(s)
[2026-06-18T15:33:44.450Z] OrderImport: nothing to do.
[2026-06-18T15:34:13.475Z] OrderImport daemon: cycle start
[2026-06-18T15:34:14.348Z] OrderImport: found 0 file(s)
[2026-06-18T15:34:14.348Z] OrderImport: nothing to do.
[2026-06-18T15:34:43.503Z] OrderImport daemon: cycle start
[2026-06-18T15:34:44.408Z] OrderImport: found 0 file(s)
[2026-06-18T15:34:44.408Z] OrderImport: nothing to do.
[2026-06-18T15:35:13.531Z] OrderImport daemon: cycle start
[2026-06-18T15:35:14.396Z] OrderImport: found 0 file(s)
[2026-06-18T15:35:14.396Z] OrderImport: nothing to do.
[2026-06-18T15:35:43.546Z] OrderImport daemon: cycle start
[2026-06-18T15:35:44.418Z] OrderImport: found 0 file(s)
[2026-06-18T15:35:44.418Z] OrderImport: nothing to do.
[2026-06-18T15:36:13.559Z] OrderImport daemon: cycle start
[2026-06-18T15:36:14.465Z] OrderImport: found 0 file(s)
[2026-06-18T15:36:14.465Z] OrderImport: nothing to do.
[2026-06-18T15:36:43.587Z] OrderImport daemon: cycle start
[2026-06-18T15:36:44.454Z] OrderImport: found 0 file(s)
[2026-06-18T15:36:44.454Z] OrderImport: nothing to do.
[2026-06-18T15:37:13.592Z] OrderImport daemon: cycle start
[2026-06-18T15:37:14.473Z] OrderImport: found 0 file(s)
[2026-06-18T15:37:14.473Z] OrderImport: nothing to do.
[2026-06-18T15:37:43.620Z] OrderImport daemon: cycle start
[2026-06-18T15:37:44.529Z] OrderImport: found 0 file(s)
[2026-06-18T15:37:44.530Z] OrderImport: nothing to do.
[2026-06-18T15:38:13.647Z] OrderImport daemon: cycle start
[2026-06-18T15:38:14.545Z] OrderImport: found 0 file(s)
[2026-06-18T15:38:14.545Z] OrderImport: nothing to do.
[2026-06-18T15:38:43.675Z] OrderImport daemon: cycle start
[2026-06-18T15:38:44.589Z] OrderImport: found 0 file(s)
[2026-06-18T15:38:44.589Z] OrderImport: nothing to do.
[2026-06-18T15:39:13.681Z] OrderImport daemon: cycle start
[2026-06-18T15:39:14.620Z] OrderImport: found 0 file(s)
[2026-06-18T15:39:14.620Z] OrderImport: nothing to do.
[2026-06-18T15:39:43.698Z] OrderImport daemon: cycle start
[2026-06-18T15:39:44.615Z] OrderImport: found 0 file(s)
[2026-06-18T15:39:44.615Z] OrderImport: nothing to do.
[2026-06-18T15:40:13.703Z] OrderImport daemon: cycle start
[2026-06-18T15:40:14.612Z] OrderImport: found 0 file(s)
[2026-06-18T15:40:14.612Z] OrderImport: nothing to do.
[2026-06-18T15:40:43.732Z] OrderImport daemon: cycle start
[2026-06-18T15:40:44.631Z] OrderImport: found 0 file(s)
[2026-06-18T15:40:44.631Z] OrderImport: nothing to do.
[2026-06-18T15:41:13.760Z] OrderImport daemon: cycle start
[2026-06-18T15:41:14.645Z] OrderImport: found 0 file(s)
[2026-06-18T15:41:14.645Z] OrderImport: nothing to do.
[2026-06-18T15:41:43.787Z] OrderImport daemon: cycle start
[2026-06-18T15:41:44.641Z] OrderImport: found 0 file(s)
[2026-06-18T15:41:44.641Z] OrderImport: nothing to do.
[2026-06-18T15:42:13.800Z] OrderImport daemon: cycle start
[2026-06-18T15:42:14.698Z] OrderImport: found 0 file(s)
[2026-06-18T15:42:14.698Z] OrderImport: nothing to do.
[2026-06-18T15:42:43.822Z] OrderImport daemon: cycle start
[2026-06-18T15:42:44.712Z] OrderImport: found 0 file(s)
[2026-06-18T15:42:44.712Z] OrderImport: nothing to do.
[2026-06-18T15:43:13.822Z] OrderImport daemon: cycle start
[2026-06-18T15:43:14.712Z] OrderImport: found 0 file(s)
[2026-06-18T15:43:14.712Z] OrderImport: nothing to do.
[2026-06-18T15:43:43.825Z] OrderImport daemon: cycle start
[2026-06-18T15:43:44.727Z] OrderImport: found 0 file(s)
[2026-06-18T15:43:44.727Z] OrderImport: nothing to do.
[2026-06-18T15:44:13.827Z] OrderImport daemon: cycle start
[2026-06-18T15:44:14.755Z] OrderImport: found 0 file(s)
[2026-06-18T15:44:14.755Z] OrderImport: nothing to do.
[2026-06-18T15:44:43.855Z] OrderImport daemon: cycle start
[2026-06-18T15:44:45.160Z] OrderImport: found 0 file(s)
[2026-06-18T15:44:45.160Z] OrderImport: nothing to do.
[2026-06-18T15:45:13.883Z] OrderImport daemon: cycle start
[2026-06-18T15:45:15.187Z] OrderImport: found 0 file(s)
[2026-06-18T15:45:15.187Z] OrderImport: nothing to do.
[2026-06-18T15:45:43.911Z] OrderImport daemon: cycle start
[2026-06-18T15:45:45.221Z] OrderImport: found 0 file(s)
[2026-06-18T15:45:45.221Z] OrderImport: nothing to do.
[2026-06-18T15:46:13.939Z] OrderImport daemon: cycle start
[2026-06-18T15:46:15.246Z] OrderImport: found 0 file(s)
[2026-06-18T15:46:15.247Z] OrderImport: nothing to do.
[2026-06-18T15:46:43.956Z] OrderImport daemon: cycle start
[2026-06-18T15:46:44.848Z] OrderImport: found 0 file(s)
[2026-06-18T15:46:44.848Z] OrderImport: nothing to do.
[2026-06-18T15:47:13.966Z] OrderImport daemon: cycle start
[2026-06-18T15:47:14.842Z] OrderImport: found 0 file(s)
[2026-06-18T15:47:14.842Z] OrderImport: nothing to do.
[2026-06-18T15:47:43.991Z] OrderImport daemon: cycle start
[2026-06-18T15:47:44.901Z] OrderImport: found 0 file(s)
[2026-06-18T15:47:44.901Z] OrderImport: nothing to do.
[2026-06-18T15:48:14.019Z] OrderImport daemon: cycle start
[2026-06-18T15:48:14.915Z] OrderImport: found 0 file(s)
[2026-06-18T15:48:14.915Z] OrderImport: nothing to do.
[2026-06-18T15:48:44.047Z] OrderImport daemon: cycle start
[2026-06-18T15:48:44.951Z] OrderImport: found 0 file(s)
[2026-06-18T15:48:44.951Z] OrderImport: nothing to do.
[2026-06-18T15:49:14.071Z] OrderImport daemon: cycle start
[2026-06-18T15:49:14.947Z] OrderImport: found 0 file(s)
[2026-06-18T15:49:14.948Z] OrderImport: nothing to do.
[2026-06-18T15:49:44.079Z] OrderImport daemon: cycle start
[2026-06-18T15:49:44.974Z] OrderImport: found 0 file(s)
[2026-06-18T15:49:44.974Z] OrderImport: nothing to do.
[2026-06-18T15:50:14.108Z] OrderImport daemon: cycle start
[2026-06-18T15:50:15.041Z] OrderImport: found 0 file(s)
[2026-06-18T15:50:15.041Z] OrderImport: nothing to do.
[2026-06-18T15:50:44.135Z] OrderImport daemon: cycle start
[2026-06-18T15:50:45.040Z] OrderImport: found 0 file(s)
[2026-06-18T15:50:45.040Z] OrderImport: nothing to do.
[2026-06-18T15:51:14.139Z] OrderImport daemon: cycle start
[2026-06-18T15:51:15.073Z] OrderImport: found 0 file(s)
[2026-06-18T15:51:15.073Z] OrderImport: nothing to do.
[2026-06-18T15:51:44.152Z] OrderImport daemon: cycle start
[2026-06-18T15:51:45.099Z] OrderImport: found 0 file(s)
[2026-06-18T15:51:45.099Z] OrderImport: nothing to do.
[2026-06-18T15:52:14.179Z] OrderImport daemon: cycle start
[2026-06-18T15:52:15.072Z] OrderImport: found 0 file(s)
[2026-06-18T15:52:15.072Z] OrderImport: nothing to do.
[2026-06-18T15:52:44.204Z] OrderImport daemon: cycle start
[2026-06-18T15:52:45.093Z] OrderImport: found 0 file(s)
[2026-06-18T15:52:45.093Z] OrderImport: nothing to do.
[2026-06-18T15:53:14.204Z] OrderImport daemon: cycle start
[2026-06-18T15:53:15.075Z] OrderImport: found 0 file(s)
[2026-06-18T15:53:15.075Z] OrderImport: nothing to do.
[2026-06-18T15:53:44.231Z] OrderImport daemon: cycle start
[2026-06-18T15:53:45.088Z] OrderImport: found 0 file(s)
[2026-06-18T15:53:45.088Z] OrderImport: nothing to do.
[2026-06-18T15:54:14.259Z] OrderImport daemon: cycle start
[2026-06-18T15:54:15.188Z] OrderImport: found 0 file(s)
[2026-06-18T15:54:15.188Z] OrderImport: nothing to do.
[2026-06-18T15:54:44.274Z] OrderImport daemon: cycle start
[2026-06-18T15:54:45.168Z] OrderImport: found 0 file(s)
[2026-06-18T15:54:45.168Z] OrderImport: nothing to do.
[2026-06-18T15:55:14.302Z] OrderImport daemon: cycle start
[2026-06-18T15:55:15.172Z] OrderImport: found 0 file(s)
[2026-06-18T15:55:15.172Z] OrderImport: nothing to do.
[2026-06-18T15:55:44.327Z] OrderImport daemon: cycle start
[2026-06-18T15:55:45.246Z] OrderImport: found 0 file(s)
[2026-06-18T15:55:45.246Z] OrderImport: nothing to do.
[2026-06-18T15:56:14.356Z] OrderImport daemon: cycle start
[2026-06-18T15:56:15.241Z] OrderImport: found 0 file(s)
[2026-06-18T15:56:15.241Z] OrderImport: nothing to do.
[2026-06-18T15:56:44.380Z] OrderImport daemon: cycle start
[2026-06-18T15:56:45.275Z] OrderImport: found 0 file(s)
[2026-06-18T15:56:45.275Z] OrderImport: nothing to do.
[2026-06-18T15:57:14.407Z] OrderImport daemon: cycle start
[2026-06-18T15:57:15.290Z] OrderImport: found 0 file(s)
[2026-06-18T15:57:15.290Z] OrderImport: nothing to do.
[2026-06-18T15:57:44.435Z] OrderImport daemon: cycle start
[2026-06-18T15:57:45.294Z] OrderImport: nothing to do.
[2026-06-18T15:57:45.294Z] OrderImport: found 0 file(s)
[2026-06-18T15:58:14.464Z] OrderImport daemon: cycle start
[2026-06-18T15:58:15.346Z] OrderImport: found 0 file(s)
[2026-06-18T15:58:15.346Z] OrderImport: nothing to do.
[2026-06-18T15:58:44.491Z] OrderImport daemon: cycle start
[2026-06-18T15:58:45.361Z] OrderImport: found 0 file(s)
[2026-06-18T15:58:45.361Z] OrderImport: nothing to do.
[2026-06-18T15:59:14.520Z] OrderImport daemon: cycle start
[2026-06-18T15:59:15.397Z] OrderImport: found 0 file(s)
[2026-06-18T15:59:15.397Z] OrderImport: nothing to do.
[2026-06-18T15:59:44.547Z] OrderImport daemon: cycle start
[2026-06-18T15:59:45.460Z] OrderImport: found 0 file(s)
[2026-06-18T15:59:45.460Z] OrderImport: nothing to do.
[2026-06-18T16:00:14.573Z] OrderImport daemon: cycle start
[2026-06-18T16:00:15.526Z] OrderImport: found 0 file(s)
[2026-06-18T16:00:15.526Z] OrderImport: nothing to do.
[2026-06-18T16:00:44.602Z] OrderImport daemon: cycle start
[2026-06-18T16:00:45.509Z] OrderImport: found 0 file(s)
[2026-06-18T16:00:45.509Z] OrderImport: nothing to do.
[2026-06-18T16:01:14.627Z] OrderImport daemon: cycle start
[2026-06-18T16:01:15.582Z] OrderImport: found 0 file(s)
[2026-06-18T16:01:15.582Z] OrderImport: nothing to do.
[2026-06-18T16:01:44.627Z] OrderImport daemon: cycle start
[2026-06-18T16:01:45.584Z] OrderImport: found 0 file(s)
[2026-06-18T16:01:45.584Z] OrderImport: nothing to do.
[2026-06-18T16:02:14.648Z] OrderImport daemon: cycle start
[2026-06-18T16:02:15.603Z] OrderImport: found 0 file(s)
[2026-06-18T16:02:15.603Z] OrderImport: nothing to do.
[2026-06-18T16:02:44.675Z] OrderImport daemon: cycle start
[2026-06-18T16:02:45.554Z] OrderImport: found 0 file(s)
[2026-06-18T16:02:45.555Z] OrderImport: nothing to do.
[2026-06-18T16:03:14.703Z] OrderImport daemon: cycle start
[2026-06-18T16:03:15.567Z] OrderImport: found 0 file(s)
[2026-06-18T16:03:15.567Z] OrderImport: nothing to do.
[2026-06-18T16:03:44.731Z] OrderImport daemon: cycle start
[2026-06-18T16:03:45.638Z] OrderImport: found 0 file(s)
[2026-06-18T16:03:45.638Z] OrderImport: nothing to do.
[2026-06-18T16:04:14.759Z] OrderImport daemon: cycle start
[2026-06-18T16:04:15.662Z] OrderImport: found 0 file(s)
[2026-06-18T16:04:15.663Z] OrderImport: nothing to do.
[2026-06-18T16:04:44.767Z] OrderImport daemon: cycle start
[2026-06-18T16:04:45.670Z] OrderImport: found 0 file(s)
[2026-06-18T16:04:45.670Z] OrderImport: nothing to do.
[2026-06-18T16:05:14.785Z] OrderImport daemon: cycle start
[2026-06-18T16:05:15.700Z] OrderImport: found 0 file(s)
[2026-06-18T16:05:15.700Z] OrderImport: nothing to do.
[2026-06-18T16:05:44.811Z] OrderImport daemon: cycle start
[2026-06-18T16:05:45.705Z] OrderImport: found 0 file(s)
[2026-06-18T16:05:45.705Z] OrderImport: nothing to do.
[2026-06-18T16:06:14.839Z] OrderImport daemon: cycle start
[2026-06-18T16:06:15.738Z] OrderImport: found 0 file(s)
[2026-06-18T16:06:15.738Z] OrderImport: nothing to do.
[2026-06-18T16:06:44.867Z] OrderImport daemon: cycle start
[2026-06-18T16:06:45.759Z] OrderImport: found 0 file(s)
[2026-06-18T16:06:45.759Z] OrderImport: nothing to do.
[2026-06-18T16:07:14.896Z] OrderImport daemon: cycle start
[2026-06-18T16:07:15.815Z] OrderImport: found 0 file(s)
[2026-06-18T16:07:15.815Z] OrderImport: nothing to do.
[2026-06-18T16:07:44.899Z] OrderImport daemon: cycle start
[2026-06-18T16:07:45.782Z] OrderImport: found 0 file(s)
[2026-06-18T16:07:45.782Z] OrderImport: nothing to do.
[2026-06-18T16:08:14.905Z] OrderImport daemon: cycle start
[2026-06-18T16:08:15.786Z] OrderImport: found 0 file(s)
[2026-06-18T16:08:15.787Z] OrderImport: nothing to do.
[2026-06-18T16:08:44.931Z] OrderImport daemon: cycle start
[2026-06-18T16:08:45.839Z] OrderImport: found 0 file(s)
[2026-06-18T16:08:45.839Z] OrderImport: nothing to do.
[2026-06-18T16:09:14.959Z] OrderImport daemon: cycle start
[2026-06-18T16:09:15.864Z] OrderImport: found 0 file(s)
[2026-06-18T16:09:15.864Z] OrderImport: nothing to do.
[2026-06-18T16:09:44.965Z] OrderImport daemon: cycle start
[2026-06-18T16:09:45.873Z] OrderImport: found 0 file(s)
[2026-06-18T16:09:45.873Z] OrderImport: nothing to do.
[2026-06-18T16:10:14.981Z] OrderImport daemon: cycle start
[2026-06-18T16:10:15.905Z] OrderImport: found 0 file(s)
[2026-06-18T16:10:15.905Z] OrderImport: nothing to do.
[2026-06-18T16:10:45.007Z] OrderImport daemon: cycle start
[2026-06-18T16:10:45.906Z] OrderImport: found 0 file(s)
[2026-06-18T16:10:45.906Z] OrderImport: nothing to do.
[2026-06-18T16:11:15.012Z] OrderImport daemon: cycle start
[2026-06-18T16:11:15.990Z] OrderImport: found 0 file(s)
[2026-06-18T16:11:15.990Z] OrderImport: nothing to do.
[2026-06-18T16:11:45.021Z] OrderImport daemon: cycle start
[2026-06-18T16:11:45.904Z] OrderImport: found 0 file(s)
[2026-06-18T16:11:45.904Z] OrderImport: nothing to do.
[2026-06-18T16:12:15.050Z] OrderImport daemon: cycle start
[2026-06-18T16:12:15.937Z] OrderImport: found 0 file(s)
[2026-06-18T16:12:15.937Z] OrderImport: nothing to do.
[2026-06-18T16:12:45.079Z] OrderImport daemon: cycle start
[2026-06-18T16:12:45.990Z] OrderImport: found 0 file(s)
[2026-06-18T16:12:45.990Z] OrderImport: nothing to do.
[2026-06-18T16:13:15.107Z] OrderImport daemon: cycle start
[2026-06-18T16:13:16.027Z] OrderImport: found 0 file(s)
[2026-06-18T16:13:16.027Z] OrderImport: nothing to do.
[2026-06-18T16:13:45.135Z] OrderImport daemon: cycle start
[2026-06-18T16:13:46.016Z] OrderImport: found 0 file(s)
[2026-06-18T16:13:46.016Z] OrderImport: nothing to do.
[2026-06-18T16:14:15.163Z] OrderImport daemon: cycle start
[2026-06-18T16:14:16.048Z] OrderImport: found 0 file(s)
[2026-06-18T16:14:16.048Z] OrderImport: nothing to do.
[2026-06-18T16:14:45.191Z] OrderImport daemon: cycle start
[2026-06-18T16:14:46.096Z] OrderImport: found 0 file(s)
[2026-06-18T16:14:46.096Z] OrderImport: nothing to do.
[2026-06-18T16:15:15.220Z] OrderImport daemon: cycle start
[2026-06-18T16:15:16.162Z] OrderImport: found 0 file(s)
[2026-06-18T16:15:16.162Z] OrderImport: nothing to do.
[2026-06-18T16:15:45.247Z] OrderImport daemon: cycle start
[2026-06-18T16:15:46.143Z] OrderImport: found 0 file(s)
[2026-06-18T16:15:46.143Z] OrderImport: nothing to do.
[2026-06-18T16:16:15.275Z] OrderImport daemon: cycle start
[2026-06-18T16:16:16.155Z] OrderImport: found 0 file(s)
[2026-06-18T16:16:16.155Z] OrderImport: nothing to do.
[2026-06-18T16:16:45.300Z] OrderImport daemon: cycle start
[2026-06-18T16:16:46.181Z] OrderImport: found 0 file(s)
[2026-06-18T16:16:46.182Z] OrderImport: nothing to do.
[2026-06-18T16:17:15.327Z] OrderImport daemon: cycle start
[2026-06-18T16:17:16.210Z] OrderImport: found 0 file(s)
[2026-06-18T16:17:16.210Z] OrderImport: nothing to do.
[2026-06-18T16:17:45.355Z] OrderImport daemon: cycle start
[2026-06-18T16:17:46.274Z] OrderImport: found 0 file(s)
[2026-06-18T16:17:46.274Z] OrderImport: nothing to do.
[2026-06-18T16:18:15.382Z] OrderImport daemon: cycle start
[2026-06-18T16:18:16.292Z] OrderImport: found 0 file(s)
[2026-06-18T16:18:16.292Z] OrderImport: nothing to do.
[2026-06-18T16:18:45.411Z] OrderImport daemon: cycle start
[2026-06-18T16:18:46.320Z] OrderImport: found 0 file(s)
[2026-06-18T16:18:46.320Z] OrderImport: nothing to do.
[2026-06-18T16:19:15.436Z] OrderImport daemon: cycle start
[2026-06-18T16:19:16.346Z] OrderImport: found 0 file(s)
[2026-06-18T16:19:16.346Z] OrderImport: nothing to do.
[2026-06-18T16:19:45.464Z] OrderImport daemon: cycle start
[2026-06-18T16:19:46.394Z] OrderImport: found 0 file(s)
[2026-06-18T16:19:46.394Z] OrderImport: nothing to do.
[2026-06-18T16:20:15.492Z] OrderImport daemon: cycle start
[2026-06-18T16:20:16.395Z] OrderImport: found 0 file(s)
[2026-06-18T16:20:16.396Z] OrderImport: nothing to do.
[2026-06-18T16:20:45.519Z] OrderImport daemon: cycle start
[2026-06-18T16:20:46.431Z] OrderImport: found 0 file(s)
[2026-06-18T16:20:46.431Z] OrderImport: nothing to do.
[2026-06-18T16:21:15.548Z] OrderImport daemon: cycle start
[2026-06-18T16:21:16.432Z] OrderImport: found 0 file(s)
[2026-06-18T16:21:16.432Z] OrderImport: nothing to do.
[2026-06-18T16:21:45.572Z] OrderImport daemon: cycle start
[2026-06-18T16:21:46.485Z] OrderImport: found 0 file(s)
[2026-06-18T16:21:46.485Z] OrderImport: nothing to do.
[2026-06-18T16:22:15.600Z] OrderImport daemon: cycle start
[2026-06-18T16:22:16.476Z] OrderImport: found 0 file(s)
[2026-06-18T16:22:16.476Z] OrderImport: nothing to do.
[2026-06-18T16:22:45.611Z] OrderImport daemon: cycle start
[2026-06-18T16:22:46.522Z] OrderImport: found 0 file(s)
[2026-06-18T16:22:46.522Z] OrderImport: nothing to do.
[2026-06-18T16:23:15.639Z] OrderImport daemon: cycle start
[2026-06-18T16:23:16.514Z] OrderImport: found 0 file(s)
[2026-06-18T16:23:16.514Z] OrderImport: nothing to do.
[2026-06-18T16:23:45.668Z] OrderImport daemon: cycle start
[2026-06-18T16:23:46.587Z] OrderImport: found 0 file(s)
[2026-06-18T16:23:46.587Z] OrderImport: nothing to do.
[2026-06-18T16:24:15.695Z] OrderImport daemon: cycle start
[2026-06-18T16:24:16.585Z] OrderImport: found 0 file(s)
[2026-06-18T16:24:16.585Z] OrderImport: nothing to do.
[2026-06-18T16:24:45.723Z] OrderImport daemon: cycle start
[2026-06-18T16:24:46.632Z] OrderImport: found 0 file(s)
[2026-06-18T16:24:46.632Z] OrderImport: nothing to do.
[2026-06-18T16:25:15.728Z] OrderImport daemon: cycle start
[2026-06-18T16:25:16.630Z] OrderImport: found 0 file(s)
[2026-06-18T16:25:16.630Z] OrderImport: nothing to do.
[2026-06-18T16:25:45.742Z] OrderImport daemon: cycle start
[2026-06-18T16:25:46.663Z] OrderImport: found 0 file(s)
[2026-06-18T16:25:46.663Z] OrderImport: nothing to do.
[2026-06-18T16:26:15.771Z] OrderImport daemon: cycle start
[2026-06-18T16:26:16.684Z] OrderImport: found 0 file(s)
[2026-06-18T16:26:16.684Z] OrderImport: nothing to do.
[2026-06-18T16:26:45.779Z] OrderImport daemon: cycle start
[2026-06-18T16:26:46.674Z] OrderImport: found 0 file(s)
[2026-06-18T16:26:46.675Z] OrderImport: nothing to do.
[2026-06-18T16:27:15.803Z] OrderImport daemon: cycle start
[2026-06-18T16:27:16.725Z] OrderImport: found 0 file(s)
[2026-06-18T16:27:16.725Z] OrderImport: nothing to do.
[2026-06-18T16:27:45.831Z] OrderImport daemon: cycle start
[2026-06-18T16:27:46.709Z] OrderImport: found 0 file(s)
[2026-06-18T16:27:46.709Z] OrderImport: nothing to do.
[2026-06-18T16:28:15.860Z] OrderImport daemon: cycle start
[2026-06-18T16:28:16.753Z] OrderImport: found 0 file(s)
[2026-06-18T16:28:16.753Z] OrderImport: nothing to do.
[2026-06-18T16:28:45.880Z] OrderImport daemon: cycle start
[2026-06-18T16:28:46.779Z] OrderImport: found 0 file(s)
[2026-06-18T16:28:46.779Z] OrderImport: nothing to do.
[2026-06-18T16:29:15.899Z] OrderImport daemon: cycle start
[2026-06-18T16:29:16.847Z] OrderImport: found 0 file(s)
[2026-06-18T16:29:16.847Z] OrderImport: nothing to do.
[2026-06-18T16:29:45.927Z] OrderImport daemon: cycle start
[2026-06-18T16:29:46.869Z] OrderImport: found 0 file(s)
[2026-06-18T16:29:46.869Z] OrderImport: nothing to do.
[2026-06-18T16:30:15.955Z] OrderImport daemon: cycle start
[2026-06-18T16:30:16.833Z] OrderImport: found 0 file(s)
[2026-06-18T16:30:16.833Z] OrderImport: nothing to do.
[2026-06-18T16:30:45.983Z] OrderImport daemon: cycle start
[2026-06-18T16:30:46.864Z] OrderImport: found 0 file(s)
[2026-06-18T16:30:46.864Z] OrderImport: nothing to do.
[2026-06-18T16:31:16.011Z] OrderImport daemon: cycle start
[2026-06-18T16:31:16.879Z] OrderImport: found 0 file(s)
[2026-06-18T16:31:16.879Z] OrderImport: nothing to do.
[2026-06-18T16:31:46.039Z] OrderImport daemon: cycle start
[2026-06-18T16:31:46.943Z] OrderImport: found 0 file(s)
[2026-06-18T16:31:46.943Z] OrderImport: nothing to do.
[2026-06-18T16:32:16.067Z] OrderImport daemon: cycle start
[2026-06-18T16:32:16.973Z] OrderImport: found 0 file(s)
[2026-06-18T16:32:16.973Z] OrderImport: nothing to do.
[2026-06-18T16:32:46.095Z] OrderImport daemon: cycle start
[2026-06-18T16:32:46.975Z] OrderImport: found 0 file(s)
[2026-06-18T16:32:46.975Z] OrderImport: nothing to do.
[2026-06-18T16:33:16.110Z] OrderImport daemon: cycle start
[2026-06-18T16:33:16.997Z] OrderImport: found 0 file(s)
[2026-06-18T16:33:16.997Z] OrderImport: nothing to do.
[2026-06-18T16:33:46.133Z] OrderImport daemon: cycle start
[2026-06-18T16:33:47.029Z] OrderImport: found 0 file(s)
[2026-06-18T16:33:47.029Z] OrderImport: nothing to do.
[2026-06-18T16:34:16.140Z] OrderImport daemon: cycle start
[2026-06-18T16:34:17.057Z] OrderImport: found 0 file(s)
[2026-06-18T16:34:17.058Z] OrderImport: nothing to do.
[2026-06-18T16:34:46.167Z] OrderImport daemon: cycle start
[2026-06-18T16:34:47.130Z] OrderImport: found 0 file(s)
[2026-06-18T16:34:47.130Z] OrderImport: nothing to do.
[2026-06-18T16:35:16.195Z] OrderImport daemon: cycle start
[2026-06-18T16:35:17.071Z] OrderImport: found 0 file(s)
[2026-06-18T16:35:17.071Z] OrderImport: nothing to do.
[2026-06-18T16:35:46.224Z] OrderImport daemon: cycle start
[2026-06-18T16:35:47.141Z] OrderImport: found 0 file(s)
[2026-06-18T16:35:47.141Z] OrderImport: nothing to do.
[2026-06-18T16:36:16.252Z] OrderImport daemon: cycle start
[2026-06-18T16:36:17.185Z] OrderImport: found 0 file(s)
[2026-06-18T16:36:17.185Z] OrderImport: nothing to do.
[2026-06-18T16:36:46.279Z] OrderImport daemon: cycle start
[2026-06-18T16:36:47.165Z] OrderImport: found 0 file(s)
[2026-06-18T16:36:47.165Z] OrderImport: nothing to do.
[2026-06-18T16:37:16.298Z] OrderImport daemon: cycle start
[2026-06-18T16:37:17.248Z] OrderImport: found 0 file(s)
[2026-06-18T16:37:17.248Z] OrderImport: nothing to do.
[2026-06-18T16:37:46.323Z] OrderImport daemon: cycle start
[2026-06-18T16:37:47.232Z] OrderImport: found 0 file(s)
[2026-06-18T16:37:47.232Z] OrderImport: nothing to do.
[2026-06-18T16:38:16.333Z] OrderImport daemon: cycle start
[2026-06-18T16:38:17.204Z] OrderImport: found 0 file(s)
[2026-06-18T16:38:17.204Z] OrderImport: nothing to do.
[2026-06-18T16:38:46.359Z] OrderImport daemon: cycle start
[2026-06-18T16:38:47.256Z] OrderImport: found 0 file(s)
[2026-06-18T16:38:47.256Z] OrderImport: nothing to do.
[2026-06-18T16:39:16.368Z] OrderImport daemon: cycle start
[2026-06-18T16:39:17.294Z] OrderImport: found 0 file(s)
[2026-06-18T16:39:17.294Z] OrderImport: nothing to do.
[2026-06-18T16:39:46.396Z] OrderImport daemon: cycle start
[2026-06-18T16:39:47.276Z] OrderImport: found 0 file(s)
[2026-06-18T16:39:47.276Z] OrderImport: nothing to do.
[2026-06-18T16:40:16.423Z] OrderImport daemon: cycle start
[2026-06-18T16:40:17.284Z] OrderImport: found 0 file(s)
[2026-06-18T16:40:17.285Z] OrderImport: nothing to do.
[2026-06-18T16:40:46.452Z] OrderImport daemon: cycle start
[2026-06-18T16:40:47.359Z] OrderImport: found 0 file(s)
[2026-06-18T16:40:47.359Z] OrderImport: nothing to do.
[2026-06-18T16:41:16.479Z] OrderImport daemon: cycle start
[2026-06-18T16:41:17.389Z] OrderImport: found 0 file(s)
[2026-06-18T16:41:17.389Z] OrderImport: nothing to do.
[2026-06-18T16:41:46.507Z] OrderImport daemon: cycle start
[2026-06-18T16:41:47.421Z] OrderImport: found 0 file(s)
[2026-06-18T16:41:47.421Z] OrderImport: nothing to do.
[2026-06-18T16:42:16.537Z] OrderImport daemon: cycle start
[2026-06-18T16:42:17.423Z] OrderImport: found 0 file(s)
[2026-06-18T16:42:17.423Z] OrderImport: nothing to do.
[2026-06-18T16:42:46.564Z] OrderImport daemon: cycle start
[2026-06-18T16:42:47.468Z] OrderImport: found 0 file(s)
[2026-06-18T16:42:47.468Z] OrderImport: nothing to do.
[2026-06-18T16:43:16.587Z] OrderImport daemon: cycle start
[2026-06-18T16:43:17.466Z] OrderImport: found 0 file(s)
[2026-06-18T16:43:17.466Z] OrderImport: nothing to do.
[2026-06-18T16:43:46.615Z] OrderImport daemon: cycle start
[2026-06-18T16:43:47.509Z] OrderImport: nothing to do.
[2026-06-18T16:43:47.509Z] OrderImport: found 0 file(s)
[2026-06-18T16:44:16.643Z] OrderImport daemon: cycle start
[2026-06-18T16:44:17.567Z] OrderImport: found 0 file(s)
[2026-06-18T16:44:17.568Z] OrderImport: nothing to do.
[2026-06-18T16:44:46.671Z] OrderImport daemon: cycle start
[2026-06-18T16:44:47.577Z] OrderImport: found 0 file(s)
[2026-06-18T16:44:47.577Z] OrderImport: nothing to do.
[2026-06-18T16:45:16.699Z] OrderImport daemon: cycle start
[2026-06-18T16:45:17.626Z] OrderImport: found 0 file(s)
[2026-06-18T16:45:17.626Z] OrderImport: nothing to do.
[2026-06-18T16:45:46.709Z] OrderImport daemon: cycle start
[2026-06-18T16:45:47.613Z] OrderImport: found 0 file(s)
[2026-06-18T16:45:47.613Z] OrderImport: nothing to do.
[2026-06-18T16:46:16.709Z] OrderImport daemon: cycle start
[2026-06-18T16:46:17.627Z] OrderImport: found 0 file(s)
[2026-06-18T16:46:17.627Z] OrderImport: nothing to do.
[2026-06-18T16:46:46.736Z] OrderImport daemon: cycle start
[2026-06-18T16:46:47.655Z] OrderImport: found 0 file(s)
[2026-06-18T16:46:47.655Z] OrderImport: nothing to do.
[2026-06-18T16:47:16.759Z] OrderImport daemon: cycle start
[2026-06-18T16:47:17.643Z] OrderImport: found 0 file(s)
[2026-06-18T16:47:17.644Z] OrderImport: nothing to do.
[2026-06-18T16:47:46.761Z] OrderImport daemon: cycle start
[2026-06-18T16:47:47.716Z] OrderImport: found 0 file(s)
[2026-06-18T16:47:47.717Z] OrderImport: nothing to do.
[2026-06-18T16:48:16.784Z] OrderImport daemon: cycle start
[2026-06-18T16:48:17.670Z] OrderImport: found 0 file(s)
[2026-06-18T16:48:17.671Z] OrderImport: nothing to do.
[2026-06-18T16:48:46.814Z] OrderImport daemon: cycle start
[2026-06-18T16:48:47.720Z] OrderImport: found 0 file(s)
[2026-06-18T16:48:47.721Z] OrderImport: nothing to do.
[2026-06-18T16:49:16.842Z] OrderImport daemon: cycle start
[2026-06-18T16:49:17.764Z] OrderImport: nothing to do.
[2026-06-18T16:49:17.764Z] OrderImport: found 0 file(s)
[2026-06-18T16:49:46.871Z] OrderImport daemon: cycle start
[2026-06-18T16:49:47.786Z] OrderImport: found 0 file(s)
[2026-06-18T16:49:47.786Z] OrderImport: nothing to do.
[2026-06-18T16:50:16.889Z] OrderImport daemon: cycle start
[2026-06-18T16:50:17.791Z] OrderImport: nothing to do.
[2026-06-18T16:50:17.791Z] OrderImport: found 0 file(s)
[2026-06-18T16:50:46.916Z] OrderImport daemon: cycle start
[2026-06-18T16:50:47.802Z] OrderImport: found 0 file(s)
[2026-06-18T16:50:47.802Z] OrderImport: nothing to do.
[2026-06-18T16:51:16.944Z] OrderImport daemon: cycle start
[2026-06-18T16:51:17.831Z] OrderImport: found 0 file(s)
[2026-06-18T16:51:17.831Z] OrderImport: nothing to do.
[2026-06-18T16:51:46.971Z] OrderImport daemon: cycle start
[2026-06-18T16:51:47.928Z] OrderImport: found 0 file(s)
[2026-06-18T16:51:47.928Z] OrderImport: nothing to do.
[2026-06-18T16:52:16.973Z] OrderImport daemon: cycle start
[2026-06-18T16:52:17.882Z] OrderImport: found 0 file(s)
[2026-06-18T16:52:17.882Z] OrderImport: nothing to do.
[2026-06-18T16:52:47.003Z] OrderImport daemon: cycle start
[2026-06-18T16:52:47.904Z] OrderImport: found 0 file(s)
[2026-06-18T16:52:47.904Z] OrderImport: nothing to do.
[2026-06-18T16:53:17.031Z] OrderImport daemon: cycle start
[2026-06-18T16:53:17.896Z] OrderImport: found 0 file(s)
[2026-06-18T16:53:17.896Z] OrderImport: nothing to do.
[2026-06-18T16:53:47.059Z] OrderImport daemon: cycle start
[2026-06-18T16:53:48.004Z] OrderImport: found 0 file(s)
[2026-06-18T16:53:48.004Z] OrderImport: nothing to do.
[2026-06-18T16:54:17.075Z] OrderImport daemon: cycle start
[2026-06-18T16:54:17.980Z] OrderImport: found 0 file(s)
[2026-06-18T16:54:17.980Z] OrderImport: nothing to do.
[2026-06-18T16:54:47.099Z] OrderImport daemon: cycle start
[2026-06-18T16:54:48.020Z] OrderImport: found 0 file(s)
[2026-06-18T16:54:48.020Z] OrderImport: nothing to do.
[2026-06-18T16:55:17.127Z] OrderImport daemon: cycle start
[2026-06-18T16:55:18.041Z] OrderImport: found 0 file(s)
[2026-06-18T16:55:18.041Z] OrderImport: nothing to do.
[2026-06-18T16:55:47.143Z] OrderImport daemon: cycle start
[2026-06-18T16:55:48.095Z] OrderImport: found 0 file(s)
[2026-06-18T16:55:48.095Z] OrderImport: nothing to do.
[2026-06-18T16:56:17.150Z] OrderImport daemon: cycle start
[2026-06-18T16:56:18.070Z] OrderImport: found 0 file(s)
[2026-06-18T16:56:18.070Z] OrderImport: nothing to do.
[2026-06-18T16:56:47.164Z] OrderImport daemon: cycle start
[2026-06-18T16:56:48.091Z] OrderImport: found 0 file(s)
[2026-06-18T16:56:48.091Z] OrderImport: nothing to do.
[2026-06-18T16:57:17.163Z] OrderImport daemon: cycle start
[2026-06-18T16:57:18.053Z] OrderImport: found 0 file(s)
[2026-06-18T16:57:18.054Z] OrderImport: nothing to do.
[2026-06-18T16:57:47.183Z] OrderImport daemon: cycle start
[2026-06-18T16:57:48.054Z] OrderImport: nothing to do.
[2026-06-18T16:57:48.054Z] OrderImport: found 0 file(s)
[2026-06-18T16:58:17.191Z] OrderImport daemon: cycle start
[2026-06-18T16:58:18.080Z] OrderImport: found 0 file(s)
[2026-06-18T16:58:18.080Z] OrderImport: nothing to do.
[2026-06-18T16:58:47.219Z] OrderImport daemon: cycle start
[2026-06-18T16:58:48.149Z] OrderImport: found 0 file(s)
[2026-06-18T16:58:48.149Z] OrderImport: nothing to do.
[2026-06-18T16:59:17.223Z] OrderImport daemon: cycle start
[2026-06-18T16:59:18.126Z] OrderImport: nothing to do.
[2026-06-18T16:59:18.126Z] OrderImport: found 0 file(s)
[2026-06-18T16:59:47.250Z] OrderImport daemon: cycle start
[2026-06-18T16:59:48.155Z] OrderImport: found 0 file(s)
[2026-06-18T16:59:48.155Z] OrderImport: nothing to do.
[2026-06-18T17:00:17.276Z] OrderImport daemon: cycle start
[2026-06-18T17:00:18.596Z] OrderImport: found 0 file(s)
[2026-06-18T17:00:18.596Z] OrderImport: nothing to do.
[2026-06-18T17:00:47.285Z] OrderImport daemon: cycle start
[2026-06-18T17:00:48.627Z] OrderImport: found 0 file(s)
[2026-06-18T17:00:48.627Z] OrderImport: nothing to do.
[2026-06-18T17:01:17.311Z] OrderImport daemon: cycle start
[2026-06-18T17:01:18.646Z] OrderImport: found 0 file(s)
[2026-06-18T17:01:18.646Z] OrderImport: nothing to do.
[2026-06-18T17:01:47.327Z] OrderImport daemon: cycle start
[2026-06-18T17:01:48.620Z] OrderImport: found 0 file(s)
[2026-06-18T17:01:48.620Z] OrderImport: nothing to do.
[2026-06-18T17:02:17.355Z] OrderImport daemon: cycle start
[2026-06-18T17:02:18.658Z] OrderImport: found 0 file(s)
[2026-06-18T17:02:18.658Z] OrderImport: nothing to do.
[2026-06-18T17:02:47.381Z] OrderImport daemon: cycle start
[2026-06-18T17:02:48.719Z] OrderImport: found 0 file(s)
[2026-06-18T17:02:48.719Z] OrderImport: nothing to do.
[2026-06-18T17:03:17.394Z] OrderImport daemon: cycle start
[2026-06-18T17:03:18.719Z] OrderImport: found 0 file(s)
[2026-06-18T17:03:18.719Z] OrderImport: nothing to do.
[2026-06-18T17:03:47.395Z] OrderImport daemon: cycle start
[2026-06-18T17:03:48.738Z] OrderImport: found 0 file(s)
[2026-06-18T17:03:48.738Z] OrderImport: nothing to do.
[2026-06-18T17:04:17.423Z] OrderImport daemon: cycle start
[2026-06-18T17:04:18.725Z] OrderImport: found 0 file(s)
[2026-06-18T17:04:18.725Z] OrderImport: nothing to do.
[2026-06-18T17:04:47.451Z] OrderImport daemon: cycle start
[2026-06-18T17:04:48.772Z] OrderImport: found 0 file(s)
[2026-06-18T17:04:48.772Z] OrderImport: nothing to do.
[2026-06-18T17:05:17.476Z] OrderImport daemon: cycle start
[2026-06-18T17:05:18.801Z] OrderImport: nothing to do.
[2026-06-18T17:05:18.801Z] OrderImport: found 0 file(s)
[2026-06-18T17:05:47.502Z] OrderImport daemon: cycle start
[2026-06-18T17:05:48.838Z] OrderImport: found 0 file(s)
[2026-06-18T17:05:48.838Z] OrderImport: nothing to do.
[2026-06-18T17:06:17.530Z] OrderImport daemon: cycle start
[2026-06-18T17:06:18.634Z] OrderImport: found 0 file(s)
[2026-06-18T17:06:18.634Z] OrderImport: nothing to do.
[2026-06-18T17:06:47.555Z] OrderImport daemon: cycle start
[2026-06-18T17:06:48.444Z] OrderImport: found 0 file(s)
[2026-06-18T17:06:48.444Z] OrderImport: nothing to do.
[2026-06-18T17:07:17.583Z] OrderImport daemon: cycle start
[2026-06-18T17:07:18.471Z] OrderImport: found 0 file(s)
[2026-06-18T17:07:18.471Z] OrderImport: nothing to do.
[2026-06-18T17:07:47.603Z] OrderImport daemon: cycle start
[2026-06-18T17:07:48.482Z] OrderImport: found 0 file(s)
[2026-06-18T17:07:48.483Z] OrderImport: nothing to do.
[2026-06-18T17:08:17.631Z] OrderImport daemon: cycle start
[2026-06-18T17:08:18.541Z] OrderImport: found 0 file(s)
[2026-06-18T17:08:18.541Z] OrderImport: nothing to do.
[2026-06-18T17:08:47.660Z] OrderImport daemon: cycle start
[2026-06-18T17:08:48.560Z] OrderImport: found 0 file(s)
[2026-06-18T17:08:48.560Z] OrderImport: nothing to do.
[2026-06-18T17:09:17.690Z] OrderImport daemon: cycle start
[2026-06-18T17:09:18.579Z] OrderImport: found 0 file(s)
[2026-06-18T17:09:18.580Z] OrderImport: nothing to do.
[2026-06-18T17:09:47.710Z] OrderImport daemon: cycle start
[2026-06-18T17:09:48.611Z] OrderImport: found 0 file(s)
[2026-06-18T17:09:48.611Z] OrderImport: nothing to do.
[2026-06-18T17:10:17.739Z] OrderImport daemon: cycle start
[2026-06-18T17:10:18.645Z] OrderImport: found 0 file(s)
[2026-06-18T17:10:18.646Z] OrderImport: nothing to do.
[2026-06-18T17:10:47.762Z] OrderImport daemon: cycle start
[2026-06-18T17:10:48.665Z] OrderImport: found 0 file(s)
[2026-06-18T17:10:48.665Z] OrderImport: nothing to do.
[2026-06-18T17:11:17.781Z] OrderImport daemon: cycle start
[2026-06-18T17:11:18.686Z] OrderImport: found 0 file(s)
[2026-06-18T17:11:18.686Z] OrderImport: nothing to do.
[2026-06-18T17:11:47.807Z] OrderImport daemon: cycle start
[2026-06-18T17:11:48.725Z] OrderImport: found 0 file(s)
[2026-06-18T17:11:48.725Z] OrderImport: nothing to do.
[2026-06-18T17:12:17.835Z] OrderImport daemon: cycle start
[2026-06-18T17:12:18.746Z] OrderImport: found 0 file(s)
[2026-06-18T17:12:18.746Z] OrderImport: nothing to do.
[2026-06-18T17:12:47.840Z] OrderImport daemon: cycle start
[2026-06-18T17:12:48.735Z] OrderImport: found 0 file(s)
[2026-06-18T17:12:48.735Z] OrderImport: nothing to do.
[2026-06-18T17:13:17.867Z] OrderImport daemon: cycle start
[2026-06-18T17:13:18.752Z] OrderImport: found 0 file(s)
[2026-06-18T17:13:18.752Z] OrderImport: nothing to do.
[2026-06-18T17:13:47.877Z] OrderImport daemon: cycle start
[2026-06-18T17:13:48.729Z] OrderImport: found 0 file(s)
[2026-06-18T17:13:48.730Z] OrderImport: nothing to do.
[2026-06-18T17:14:17.903Z] OrderImport daemon: cycle start
[2026-06-18T17:14:18.790Z] OrderImport: found 0 file(s)
[2026-06-18T17:14:18.790Z] OrderImport: nothing to do.
[2026-06-18T17:14:47.923Z] OrderImport daemon: cycle start
[2026-06-18T17:14:48.833Z] OrderImport: found 0 file(s)
[2026-06-18T17:14:48.833Z] OrderImport: nothing to do.
[2026-06-18T17:15:17.943Z] OrderImport daemon: cycle start
[2026-06-18T17:15:18.849Z] OrderImport: found 0 file(s)
[2026-06-18T17:15:18.849Z] OrderImport: nothing to do.
[2026-06-18T17:15:47.972Z] OrderImport daemon: cycle start
[2026-06-18T17:15:48.857Z] OrderImport: found 0 file(s)
[2026-06-18T17:15:48.857Z] OrderImport: nothing to do.
[2026-06-18T17:16:18.002Z] OrderImport daemon: cycle start
[2026-06-18T17:16:18.881Z] OrderImport: nothing to do.
[2026-06-18T17:16:18.881Z] OrderImport: found 0 file(s)
[2026-06-18T17:16:48.027Z] OrderImport daemon: cycle start
[2026-06-18T17:16:48.982Z] OrderImport: found 0 file(s)
[2026-06-18T17:16:48.982Z] OrderImport: nothing to do.
[2026-06-18T17:17:18.055Z] OrderImport daemon: cycle start
[2026-06-18T17:17:18.943Z] OrderImport: found 0 file(s)
[2026-06-18T17:17:18.943Z] OrderImport: nothing to do.
[2026-06-18T17:17:48.083Z] OrderImport daemon: cycle start
[2026-06-18T17:17:49.014Z] OrderImport: found 0 file(s)
[2026-06-18T17:17:49.014Z] OrderImport: nothing to do.
[2026-06-18T17:18:18.111Z] OrderImport daemon: cycle start
[2026-06-18T17:18:19.026Z] OrderImport: found 0 file(s)
[2026-06-18T17:18:19.026Z] OrderImport: nothing to do.
[2026-06-18T17:18:48.112Z] OrderImport daemon: cycle start
[2026-06-18T17:18:49.030Z] OrderImport: found 0 file(s)
[2026-06-18T17:18:49.030Z] OrderImport: nothing to do.
[2026-06-18T17:19:18.139Z] OrderImport daemon: cycle start
[2026-06-18T17:19:19.491Z] OrderImport: found 0 file(s)
[2026-06-18T17:19:19.491Z] OrderImport: nothing to do.
[2026-06-18T17:19:48.141Z] OrderImport daemon: cycle start
[2026-06-18T17:19:49.456Z] OrderImport: found 0 file(s)
[2026-06-18T17:19:49.456Z] OrderImport: nothing to do.
[2026-06-18T17:20:18.169Z] OrderImport daemon: cycle start
[2026-06-18T17:20:19.487Z] OrderImport: found 0 file(s)
[2026-06-18T17:20:19.487Z] OrderImport: nothing to do.
[2026-06-18T17:20:48.168Z] OrderImport daemon: cycle start
[2026-06-18T17:20:49.474Z] OrderImport: found 0 file(s)
[2026-06-18T17:20:49.474Z] OrderImport: nothing to do.
[2026-06-18T17:21:18.196Z] OrderImport daemon: cycle start
[2026-06-18T17:21:19.535Z] OrderImport: found 0 file(s)
[2026-06-18T17:21:19.535Z] OrderImport: nothing to do.
[2026-06-18T17:21:48.223Z] OrderImport daemon: cycle start
[2026-06-18T17:21:49.127Z] OrderImport: found 0 file(s)
[2026-06-18T17:21:49.127Z] OrderImport: nothing to do.
[2026-06-18T17:22:18.251Z] OrderImport daemon: cycle start
[2026-06-18T17:22:19.147Z] OrderImport: found 0 file(s)
[2026-06-18T17:22:19.147Z] OrderImport: nothing to do.
[2026-06-18T17:22:48.279Z] OrderImport daemon: cycle start
[2026-06-18T17:22:49.177Z] OrderImport: found 0 file(s)
[2026-06-18T17:22:49.177Z] OrderImport: nothing to do.
[2026-06-18T17:23:18.284Z] OrderImport daemon: cycle start
[2026-06-18T17:23:19.163Z] OrderImport: found 0 file(s)
[2026-06-18T17:23:19.163Z] OrderImport: nothing to do.
[2026-06-18T17:23:48.311Z] OrderImport daemon: cycle start
[2026-06-18T17:23:49.214Z] OrderImport: found 0 file(s)
[2026-06-18T17:23:49.214Z] OrderImport: nothing to do.
[2026-06-18T17:24:18.339Z] OrderImport daemon: cycle start
[2026-06-18T17:24:19.240Z] OrderImport: found 0 file(s)
[2026-06-18T17:24:19.240Z] OrderImport: nothing to do.
[2026-06-18T17:24:48.367Z] OrderImport daemon: cycle start
[2026-06-18T17:24:49.266Z] OrderImport: found 0 file(s)
[2026-06-18T17:24:49.266Z] OrderImport: nothing to do.
[2026-06-18T17:25:18.396Z] OrderImport daemon: cycle start
[2026-06-18T17:25:19.314Z] OrderImport: found 0 file(s)
[2026-06-18T17:25:19.314Z] OrderImport: nothing to do.
[2026-06-18T17:25:48.404Z] OrderImport daemon: cycle start
[2026-06-18T17:25:49.350Z] OrderImport: found 0 file(s)
[2026-06-18T17:25:49.350Z] OrderImport: nothing to do.
[2026-06-18T17:26:18.427Z] OrderImport daemon: cycle start
[2026-06-18T17:26:19.311Z] OrderImport: found 0 file(s)
[2026-06-18T17:26:19.311Z] OrderImport: nothing to do.
[2026-06-18T17:26:48.456Z] OrderImport daemon: cycle start
[2026-06-18T17:26:49.334Z] OrderImport: found 0 file(s)
[2026-06-18T17:26:49.334Z] OrderImport: nothing to do.
[2026-06-18T17:27:18.485Z] OrderImport daemon: cycle start
[2026-06-18T17:27:19.390Z] OrderImport: found 0 file(s)
[2026-06-18T17:27:19.390Z] OrderImport: nothing to do.
[2026-06-18T17:27:48.513Z] OrderImport daemon: cycle start
[2026-06-18T17:27:49.399Z] OrderImport: found 0 file(s)
[2026-06-18T17:27:49.399Z] OrderImport: nothing to do.
[2026-06-18T17:28:18.539Z] OrderImport daemon: cycle start
[2026-06-18T17:28:19.476Z] OrderImport: found 0 file(s)
[2026-06-18T17:28:19.476Z] OrderImport: nothing to do.
[2026-06-18T17:28:48.567Z] OrderImport daemon: cycle start
[2026-06-18T17:28:49.449Z] OrderImport: found 0 file(s)
[2026-06-18T17:28:49.449Z] OrderImport: nothing to do.
[2026-06-18T17:29:18.595Z] OrderImport daemon: cycle start
[2026-06-18T17:29:19.502Z] OrderImport: found 0 file(s)
[2026-06-18T17:29:19.502Z] OrderImport: nothing to do.
[2026-06-18T17:29:48.606Z] OrderImport daemon: cycle start
[2026-06-18T17:29:49.503Z] OrderImport: found 0 file(s)
[2026-06-18T17:29:49.503Z] OrderImport: nothing to do.
[2026-06-18T17:30:18.631Z] OrderImport daemon: cycle start
[2026-06-18T17:30:19.535Z] OrderImport: found 0 file(s)
[2026-06-18T17:30:19.536Z] OrderImport: nothing to do.
[2026-06-18T17:30:48.660Z] OrderImport daemon: cycle start
[2026-06-18T17:30:49.550Z] OrderImport: found 0 file(s)
[2026-06-18T17:30:49.550Z] OrderImport: nothing to do.
[2026-06-18T17:31:18.689Z] OrderImport daemon: cycle start
[2026-06-18T17:31:19.544Z] OrderImport: found 0 file(s)
[2026-06-18T17:31:19.544Z] OrderImport: nothing to do.
[2026-06-18T17:31:48.707Z] OrderImport daemon: cycle start
[2026-06-18T17:31:49.614Z] OrderImport: nothing to do.
[2026-06-18T17:31:49.614Z] OrderImport: found 0 file(s)
[2026-06-18T17:32:18.735Z] OrderImport daemon: cycle start
[2026-06-18T17:32:19.599Z] OrderImport: found 0 file(s)
[2026-06-18T17:32:19.599Z] OrderImport: nothing to do.
[2026-06-18T17:32:48.742Z] OrderImport daemon: cycle start
[2026-06-18T17:32:49.624Z] OrderImport: found 0 file(s)
[2026-06-18T17:32:49.624Z] OrderImport: nothing to do.
[2026-06-18T17:33:18.769Z] OrderImport daemon: cycle start
[2026-06-18T17:33:19.650Z] OrderImport: found 0 file(s)
[2026-06-18T17:33:19.650Z] OrderImport: nothing to do.
[2026-06-18T17:33:48.797Z] OrderImport daemon: cycle start
[2026-06-18T17:33:49.728Z] OrderImport: found 0 file(s)
[2026-06-18T17:33:49.728Z] OrderImport: nothing to do.
[2026-06-18T17:34:18.825Z] OrderImport daemon: cycle start
[2026-06-18T17:34:19.712Z] OrderImport: nothing to do.
[2026-06-18T17:34:19.712Z] OrderImport: found 0 file(s)
[2026-06-18T17:34:48.852Z] OrderImport daemon: cycle start
[2026-06-18T17:34:49.744Z] OrderImport: found 0 file(s)
[2026-06-18T17:34:49.744Z] OrderImport: nothing to do.
[2026-06-18T17:35:18.879Z] OrderImport daemon: cycle start
[2026-06-18T17:35:19.786Z] OrderImport: found 0 file(s)
[2026-06-18T17:35:19.786Z] OrderImport: nothing to do.
[2026-06-18T17:35:48.907Z] OrderImport daemon: cycle start
[2026-06-18T17:35:49.838Z] OrderImport: found 0 file(s)
[2026-06-18T17:35:49.838Z] OrderImport: nothing to do.
[2026-06-18T17:36:18.935Z] OrderImport daemon: cycle start
[2026-06-18T17:36:19.865Z] OrderImport: found 0 file(s)
[2026-06-18T17:36:19.865Z] OrderImport: nothing to do.
[2026-06-18T17:36:48.964Z] OrderImport daemon: cycle start
[2026-06-18T17:36:49.860Z] OrderImport: found 0 file(s)
[2026-06-18T17:36:49.860Z] OrderImport: nothing to do.
[2026-06-18T17:37:18.987Z] OrderImport daemon: cycle start
[2026-06-18T17:37:19.865Z] OrderImport: found 0 file(s)
[2026-06-18T17:37:19.865Z] OrderImport: nothing to do.
[2026-06-18T17:37:49.011Z] OrderImport daemon: cycle start
[2026-06-18T17:37:49.892Z] OrderImport: found 0 file(s)
[2026-06-18T17:37:49.892Z] OrderImport: nothing to do.
[2026-06-18T17:38:19.039Z] OrderImport daemon: cycle start
[2026-06-18T17:38:19.944Z] OrderImport: found 0 file(s)
[2026-06-18T17:38:19.944Z] OrderImport: nothing to do.
[2026-06-18T17:38:49.067Z] OrderImport daemon: cycle start
[2026-06-18T17:38:50.009Z] OrderImport: found 0 file(s)
[2026-06-18T17:38:50.009Z] OrderImport: nothing to do.
[2026-06-18T17:39:19.095Z] OrderImport daemon: cycle start
[2026-06-18T17:39:19.995Z] OrderImport: found 0 file(s)
[2026-06-18T17:39:19.995Z] OrderImport: nothing to do.
[2026-06-18T17:39:49.123Z] OrderImport daemon: cycle start
[2026-06-18T17:39:50.053Z] OrderImport: found 0 file(s)
[2026-06-18T17:39:50.053Z] OrderImport: nothing to do.
[2026-06-18T17:40:19.152Z] OrderImport daemon: cycle start
[2026-06-18T17:40:20.022Z] OrderImport: found 0 file(s)
[2026-06-18T17:40:20.022Z] OrderImport: nothing to do.
[2026-06-18T17:40:49.165Z] OrderImport daemon: cycle start
[2026-06-18T17:40:50.069Z] OrderImport: found 0 file(s)
[2026-06-18T17:40:50.069Z] OrderImport: nothing to do.
[2026-06-18T17:41:19.192Z] OrderImport daemon: cycle start
[2026-06-18T17:41:20.076Z] OrderImport: found 0 file(s)
[2026-06-18T17:41:20.076Z] OrderImport: nothing to do.
[2026-06-18T17:41:49.202Z] OrderImport daemon: cycle start
[2026-06-18T17:41:50.093Z] OrderImport: found 0 file(s)
[2026-06-18T17:41:50.093Z] OrderImport: nothing to do.
[2026-06-18T17:42:19.227Z] OrderImport daemon: cycle start
[2026-06-18T17:42:20.148Z] OrderImport: found 0 file(s)
[2026-06-18T17:42:20.148Z] OrderImport: nothing to do.
[2026-06-18T17:42:49.253Z] OrderImport daemon: cycle start
[2026-06-18T17:42:50.136Z] OrderImport: found 0 file(s)
[2026-06-18T17:42:50.136Z] OrderImport: nothing to do.
[2026-06-18T17:43:19.279Z] OrderImport daemon: cycle start
[2026-06-18T17:43:20.173Z] OrderImport: found 0 file(s)
[2026-06-18T17:43:20.173Z] OrderImport: nothing to do.
[2026-06-18T17:43:49.308Z] OrderImport daemon: cycle start
[2026-06-18T17:43:50.266Z] OrderImport: found 0 file(s)
[2026-06-18T17:43:50.267Z] OrderImport: nothing to do.
[2026-06-18T17:44:19.335Z] OrderImport daemon: cycle start
[2026-06-18T17:44:20.199Z] OrderImport: found 0 file(s)
[2026-06-18T17:44:20.199Z] OrderImport: nothing to do.
[2026-06-18T17:44:49.363Z] OrderImport daemon: cycle start
[2026-06-18T17:44:50.294Z] OrderImport: found 0 file(s)
[2026-06-18T17:44:50.294Z] OrderImport: nothing to do.
[2026-06-18T17:45:19.391Z] OrderImport daemon: cycle start
[2026-06-18T17:45:20.297Z] OrderImport: nothing to do.
[2026-06-18T17:45:20.297Z] OrderImport: found 0 file(s)
[2026-06-18T17:45:49.419Z] OrderImport daemon: cycle start
[2026-06-18T17:45:50.392Z] OrderImport: found 0 file(s)
[2026-06-18T17:45:50.392Z] OrderImport: nothing to do.
[2026-06-18T17:46:19.447Z] OrderImport daemon: cycle start
[2026-06-18T17:46:20.346Z] OrderImport: found 0 file(s)
[2026-06-18T17:46:20.346Z] OrderImport: nothing to do.
[2026-06-18T17:46:49.475Z] OrderImport daemon: cycle start
[2026-06-18T17:46:50.356Z] OrderImport: found 0 file(s)
[2026-06-18T17:46:50.356Z] OrderImport: nothing to do.
[2026-06-18T17:47:19.499Z] OrderImport daemon: cycle start
[2026-06-18T17:47:20.393Z] OrderImport: found 0 file(s)
[2026-06-18T17:47:20.393Z] OrderImport: nothing to do.
[2026-06-18T17:47:49.527Z] OrderImport daemon: cycle start
[2026-06-18T17:47:50.407Z] OrderImport: found 0 file(s)
[2026-06-18T17:47:50.407Z] OrderImport: nothing to do.
[2026-06-18T17:48:19.555Z] OrderImport daemon: cycle start
[2026-06-18T17:48:20.454Z] OrderImport: found 0 file(s)
[2026-06-18T17:48:20.454Z] OrderImport: nothing to do.
[2026-06-18T17:48:49.583Z] OrderImport daemon: cycle start
[2026-06-18T17:48:50.494Z] OrderImport: found 0 file(s)
[2026-06-18T17:48:50.495Z] OrderImport: nothing to do.
[2026-06-18T17:49:19.611Z] OrderImport daemon: cycle start
[2026-06-18T17:49:20.505Z] OrderImport: found 0 file(s)
[2026-06-18T17:49:20.505Z] OrderImport: nothing to do.
[2026-06-18T17:49:49.617Z] OrderImport daemon: cycle start
[2026-06-18T17:49:50.488Z] OrderImport: found 0 file(s)
[2026-06-18T17:49:50.488Z] OrderImport: nothing to do.
[2026-06-18T17:50:19.627Z] OrderImport daemon: cycle start
[2026-06-18T17:50:20.495Z] OrderImport: found 0 file(s)
[2026-06-18T17:50:20.495Z] OrderImport: nothing to do.
[2026-06-18T17:50:49.655Z] OrderImport daemon: cycle start
[2026-06-18T17:50:50.529Z] OrderImport: nothing to do.
[2026-06-18T17:50:50.529Z] OrderImport: found 0 file(s)
[2026-06-18T17:51:19.681Z] OrderImport daemon: cycle start
[2026-06-18T17:51:20.580Z] OrderImport: found 0 file(s)
[2026-06-18T17:51:20.580Z] OrderImport: nothing to do.
[2026-06-18T17:51:49.707Z] OrderImport daemon: cycle start
[2026-06-18T17:51:50.585Z] OrderImport: found 0 file(s)
[2026-06-18T17:51:50.585Z] OrderImport: nothing to do.
[2026-06-18T17:52:19.710Z] OrderImport daemon: cycle start
[2026-06-18T17:52:20.645Z] OrderImport: found 0 file(s)
[2026-06-18T17:52:20.645Z] OrderImport: nothing to do.
[2026-06-18T17:52:49.738Z] OrderImport daemon: cycle start
[2026-06-18T17:52:50.613Z] OrderImport: found 0 file(s)
[2026-06-18T17:52:50.613Z] OrderImport: nothing to do.
[2026-06-18T17:53:19.763Z] OrderImport daemon: cycle start
[2026-06-18T17:53:20.659Z] OrderImport: found 0 file(s)
[2026-06-18T17:53:20.659Z] OrderImport: nothing to do.
[2026-06-18T17:53:49.767Z] OrderImport daemon: cycle start
[2026-06-18T17:53:50.657Z] OrderImport: found 0 file(s)
[2026-06-18T17:53:50.658Z] OrderImport: nothing to do.
[2026-06-18T17:54:19.767Z] OrderImport daemon: cycle start
[2026-06-18T17:54:20.642Z] OrderImport: found 0 file(s)
[2026-06-18T17:54:20.642Z] OrderImport: nothing to do.
[2026-06-18T17:54:49.795Z] OrderImport daemon: cycle start
[2026-06-18T17:54:50.700Z] OrderImport: found 0 file(s)
[2026-06-18T17:54:50.700Z] OrderImport: nothing to do.
[2026-06-18T17:55:19.796Z] OrderImport daemon: cycle start
[2026-06-18T17:55:20.712Z] OrderImport: nothing to do.
[2026-06-18T17:55:20.711Z] OrderImport: found 0 file(s)
[2026-06-18T17:55:49.823Z] OrderImport daemon: cycle start
[2026-06-18T17:55:50.731Z] OrderImport: found 0 file(s)
[2026-06-18T17:55:50.731Z] OrderImport: nothing to do.
[2026-06-18T17:56:19.851Z] OrderImport daemon: cycle start
[2026-06-18T17:56:20.798Z] OrderImport: found 0 file(s)
[2026-06-18T17:56:20.798Z] OrderImport: nothing to do.
[2026-06-18T17:56:49.877Z] OrderImport daemon: cycle start
[2026-06-18T17:56:50.779Z] OrderImport: found 0 file(s)
[2026-06-18T17:56:50.779Z] OrderImport: nothing to do.
[2026-06-18T17:57:19.903Z] OrderImport daemon: cycle start
[2026-06-18T17:57:20.783Z] OrderImport: found 0 file(s)
[2026-06-18T17:57:20.783Z] OrderImport: nothing to do.
[2026-06-18T17:57:49.931Z] OrderImport daemon: cycle start
[2026-06-18T17:57:50.891Z] OrderImport: found 0 file(s)
[2026-06-18T17:57:50.891Z] OrderImport: nothing to do.
[2026-06-18T17:58:19.960Z] OrderImport daemon: cycle start
[2026-06-18T17:58:20.873Z] OrderImport: found 0 file(s)
[2026-06-18T17:58:20.873Z] OrderImport: nothing to do.
[2026-06-18T17:58:49.987Z] OrderImport daemon: cycle start
[2026-06-18T17:58:50.958Z] OrderImport: found 0 file(s)
[2026-06-18T17:58:50.958Z] OrderImport: nothing to do.
[2026-06-18T17:59:20.015Z] OrderImport daemon: cycle start
[2026-06-18T17:59:20.930Z] OrderImport: found 0 file(s)
[2026-06-18T17:59:20.930Z] OrderImport: nothing to do.
[2026-06-18T17:59:50.044Z] OrderImport daemon: cycle start
[2026-06-18T17:59:50.921Z] OrderImport: found 0 file(s)
[2026-06-18T17:59:50.921Z] OrderImport: nothing to do.
[2026-06-18T18:00:20.071Z] OrderImport daemon: cycle start
[2026-06-18T18:00:20.961Z] OrderImport: found 0 file(s)
[2026-06-18T18:00:20.961Z] OrderImport: nothing to do.
[2026-06-18T18:00:50.099Z] OrderImport daemon: cycle start
[2026-06-18T18:00:51.029Z] OrderImport: found 0 file(s)
[2026-06-18T18:00:51.029Z] OrderImport: nothing to do.
[2026-06-18T18:01:20.127Z] OrderImport daemon: cycle start
[2026-06-18T18:01:21.038Z] OrderImport: found 0 file(s)
[2026-06-18T18:01:21.038Z] OrderImport: nothing to do.
[2026-06-18T18:01:50.138Z] OrderImport daemon: cycle start
[2026-06-18T18:01:51.049Z] OrderImport: found 0 file(s)
[2026-06-18T18:01:51.049Z] OrderImport: nothing to do.
[2026-06-18T18:02:20.140Z] OrderImport daemon: cycle start
[2026-06-18T18:02:21.082Z] OrderImport: found 0 file(s)
[2026-06-18T18:02:21.083Z] OrderImport: nothing to do.
[2026-06-18T18:02:50.167Z] OrderImport daemon: cycle start
[2026-06-18T18:02:51.075Z] OrderImport: found 0 file(s)
[2026-06-18T18:02:51.075Z] OrderImport: nothing to do.
[2026-06-18T18:03:20.195Z] OrderImport daemon: cycle start
[2026-06-18T18:03:21.134Z] OrderImport: found 0 file(s)
[2026-06-18T18:03:21.135Z] OrderImport: nothing to do.
[2026-06-18T18:03:50.215Z] OrderImport daemon: cycle start
[2026-06-18T18:03:51.126Z] OrderImport: found 0 file(s)
[2026-06-18T18:03:51.126Z] OrderImport: nothing to do.
[2026-06-18T18:04:20.243Z] OrderImport daemon: cycle start
[2026-06-18T18:04:21.156Z] OrderImport: found 0 file(s)
[2026-06-18T18:04:21.157Z] OrderImport: nothing to do.
[2026-06-18T18:04:50.272Z] OrderImport daemon: cycle start
[2026-06-18T18:04:51.176Z] OrderImport: found 0 file(s)
[2026-06-18T18:04:51.176Z] OrderImport: nothing to do.
[2026-06-18T18:05:20.292Z] OrderImport daemon: cycle start
[2026-06-18T18:05:21.222Z] OrderImport: found 0 file(s)
[2026-06-18T18:05:21.222Z] OrderImport: nothing to do.
[2026-06-18T18:05:50.320Z] OrderImport daemon: cycle start
[2026-06-18T18:05:51.248Z] OrderImport: found 0 file(s)
[2026-06-18T18:05:51.248Z] OrderImport: nothing to do.
[2026-06-18T18:06:20.325Z] OrderImport daemon: cycle start
[2026-06-18T18:06:21.201Z] OrderImport: found 0 file(s)
[2026-06-18T18:06:21.201Z] OrderImport: nothing to do.
[2026-06-18T18:06:50.352Z] OrderImport daemon: cycle start
[2026-06-18T18:06:51.295Z] OrderImport: found 0 file(s)
[2026-06-18T18:06:51.295Z] OrderImport: nothing to do.
[2026-06-18T18:07:20.369Z] OrderImport daemon: cycle start
[2026-06-18T18:07:21.287Z] OrderImport: found 0 file(s)
[2026-06-18T18:07:21.287Z] OrderImport: nothing to do.
[2026-06-18T18:07:50.398Z] OrderImport daemon: cycle start
[2026-06-18T18:07:51.315Z] OrderImport: found 0 file(s)
[2026-06-18T18:07:51.315Z] OrderImport: nothing to do.
[2026-06-18T18:08:20.423Z] OrderImport daemon: cycle start
[2026-06-18T18:08:21.308Z] OrderImport: found 0 file(s)
[2026-06-18T18:08:21.308Z] OrderImport: nothing to do.
[2026-06-18T18:08:50.451Z] OrderImport daemon: cycle start
[2026-06-18T18:08:51.381Z] OrderImport: found 0 file(s)
[2026-06-18T18:08:51.381Z] OrderImport: nothing to do.
[2026-06-18T18:09:20.479Z] OrderImport daemon: cycle start
[2026-06-18T18:09:21.418Z] OrderImport: found 0 file(s)
[2026-06-18T18:09:21.418Z] OrderImport: nothing to do.
[2026-06-18T18:09:50.486Z] OrderImport daemon: cycle start
[2026-06-18T18:09:51.413Z] OrderImport: nothing to do.
[2026-06-18T18:09:51.413Z] OrderImport: found 0 file(s)
[2026-06-18T18:10:20.505Z] OrderImport daemon: cycle start
[2026-06-18T18:10:21.437Z] OrderImport: found 0 file(s)
[2026-06-18T18:10:21.437Z] OrderImport: nothing to do.
[2026-06-18T18:10:50.512Z] OrderImport daemon: cycle start
[2026-06-18T18:10:51.391Z] OrderImport: found 0 file(s)
[2026-06-18T18:10:51.391Z] OrderImport: nothing to do.
[2026-06-18T18:11:20.515Z] OrderImport daemon: cycle start
[2026-06-18T18:11:21.384Z] OrderImport: found 0 file(s)
[2026-06-18T18:11:21.384Z] OrderImport: nothing to do.
[2026-06-18T18:11:50.539Z] OrderImport daemon: cycle start
[2026-06-18T18:11:51.447Z] OrderImport: found 0 file(s)
[2026-06-18T18:11:51.447Z] OrderImport: nothing to do.
[2026-06-18T18:12:20.548Z] OrderImport daemon: cycle start
[2026-06-18T18:12:21.461Z] OrderImport: found 0 file(s)
[2026-06-18T18:12:21.461Z] OrderImport: nothing to do.
[2026-06-18T18:12:50.577Z] OrderImport daemon: cycle start
[2026-06-18T18:12:51.457Z] OrderImport: found 0 file(s)
[2026-06-18T18:12:51.457Z] OrderImport: nothing to do.
[2026-06-18T18:13:20.581Z] OrderImport daemon: cycle start
[2026-06-18T18:13:21.491Z] OrderImport: found 0 file(s)
[2026-06-18T18:13:21.492Z] OrderImport: nothing to do.
[2026-06-18T18:13:50.607Z] OrderImport daemon: cycle start
[2026-06-18T18:13:51.522Z] OrderImport: found 0 file(s)
[2026-06-18T18:13:51.522Z] OrderImport: nothing to do.
[2026-06-18T18:14:20.635Z] OrderImport daemon: cycle start
[2026-06-18T18:14:21.517Z] OrderImport: found 0 file(s)
[2026-06-18T18:14:21.517Z] OrderImport: nothing to do.
[2026-06-18T18:14:50.663Z] OrderImport daemon: cycle start
[2026-06-18T18:14:51.558Z] OrderImport: found 0 file(s)
[2026-06-18T18:14:51.558Z] OrderImport: nothing to do.
[2026-06-18T18:15:20.680Z] OrderImport daemon: cycle start
[2026-06-18T18:15:21.604Z] OrderImport: found 0 file(s)
[2026-06-18T18:15:21.604Z] OrderImport: nothing to do.
[2026-06-18T18:15:50.707Z] OrderImport daemon: cycle start
[2026-06-18T18:15:51.618Z] OrderImport: found 0 file(s)
[2026-06-18T18:15:51.618Z] OrderImport: nothing to do.
[2026-06-18T18:16:20.735Z] OrderImport daemon: cycle start
[2026-06-18T18:16:21.617Z] OrderImport: found 0 file(s)
[2026-06-18T18:16:21.618Z] OrderImport: nothing to do.
[2026-06-18T18:16:50.764Z] OrderImport daemon: cycle start
[2026-06-18T18:16:51.675Z] OrderImport: found 0 file(s)
[2026-06-18T18:16:51.675Z] OrderImport: nothing to do.
[2026-06-18T18:17:20.789Z] OrderImport daemon: cycle start
[2026-06-18T18:17:21.683Z] OrderImport: found 0 file(s)
[2026-06-18T18:17:21.683Z] OrderImport: nothing to do.
[2026-06-18T18:17:50.817Z] OrderImport daemon: cycle start
[2026-06-18T18:17:51.726Z] OrderImport: found 0 file(s)
[2026-06-18T18:17:51.726Z] OrderImport: nothing to do.
[2026-06-18T18:18:20.846Z] OrderImport daemon: cycle start
[2026-06-18T18:18:21.730Z] OrderImport: found 0 file(s)
[2026-06-18T18:18:21.730Z] OrderImport: nothing to do.
[2026-06-18T18:18:50.875Z] OrderImport daemon: cycle start
[2026-06-18T18:18:51.748Z] OrderImport: found 0 file(s)
[2026-06-18T18:18:51.748Z] OrderImport: nothing to do.
[2026-06-18T18:19:20.904Z] OrderImport daemon: cycle start
[2026-06-18T18:19:21.813Z] OrderImport: found 0 file(s)
[2026-06-18T18:19:21.813Z] OrderImport: nothing to do.
[2026-06-18T18:19:50.931Z] OrderImport daemon: cycle start
[2026-06-18T18:19:51.848Z] OrderImport: found 0 file(s)
[2026-06-18T18:19:51.848Z] OrderImport: nothing to do.
[2026-06-18T18:20:20.959Z] OrderImport daemon: cycle start
[2026-06-18T18:20:21.855Z] OrderImport: found 0 file(s)
[2026-06-18T18:20:21.855Z] OrderImport: nothing to do.
[2026-06-18T18:20:50.982Z] OrderImport daemon: cycle start
[2026-06-18T18:20:51.884Z] OrderImport: found 0 file(s)
[2026-06-18T18:20:51.884Z] OrderImport: nothing to do.
[2026-06-18T18:21:21.008Z] OrderImport daemon: cycle start
[2026-06-18T18:21:21.873Z] OrderImport: found 0 file(s)
[2026-06-18T18:21:21.874Z] OrderImport: nothing to do.
[2026-06-18T18:21:51.027Z] OrderImport daemon: cycle start
[2026-06-18T18:21:51.960Z] OrderImport: found 0 file(s)
[2026-06-18T18:21:51.960Z] OrderImport: nothing to do.
[2026-06-18T18:22:21.053Z] OrderImport daemon: cycle start
[2026-06-18T18:22:21.934Z] OrderImport: found 0 file(s)
[2026-06-18T18:22:21.934Z] OrderImport: nothing to do.
[2026-06-18T18:22:51.079Z] OrderImport daemon: cycle start
[2026-06-18T18:22:51.978Z] OrderImport: found 0 file(s)
[2026-06-18T18:22:51.978Z] OrderImport: nothing to do.
[2026-06-18T18:23:21.084Z] OrderImport daemon: cycle start
[2026-06-18T18:23:21.936Z] OrderImport: found 0 file(s)
[2026-06-18T18:23:21.936Z] OrderImport: nothing to do.
[2026-06-18T18:23:51.111Z] OrderImport daemon: cycle start
[2026-06-18T18:23:52.002Z] OrderImport: found 0 file(s)
[2026-06-18T18:23:52.002Z] OrderImport: nothing to do.
[2026-06-18T18:24:21.139Z] OrderImport daemon: cycle start
[2026-06-18T18:24:22.009Z] OrderImport: found 0 file(s)
[2026-06-18T18:24:22.009Z] OrderImport: nothing to do.
[2026-06-18T18:24:51.152Z] OrderImport daemon: cycle start
[2026-06-18T18:24:52.064Z] OrderImport: found 0 file(s)
[2026-06-18T18:24:52.064Z] OrderImport: nothing to do.
[2026-06-18T18:25:21.180Z] OrderImport daemon: cycle start
[2026-06-18T18:25:22.094Z] OrderImport: found 0 file(s)
[2026-06-18T18:25:22.094Z] OrderImport: nothing to do.
[2026-06-18T18:25:51.209Z] OrderImport daemon: cycle start
[2026-06-18T18:25:52.100Z] OrderImport: found 0 file(s)
[2026-06-18T18:25:52.100Z] OrderImport: nothing to do.
[2026-06-18T18:26:21.237Z] OrderImport daemon: cycle start
[2026-06-18T18:26:22.148Z] OrderImport: found 0 file(s)
[2026-06-18T18:26:22.148Z] OrderImport: nothing to do.
[2026-06-18T18:26:51.251Z] OrderImport daemon: cycle start
[2026-06-18T18:26:52.149Z] OrderImport: found 0 file(s)
[2026-06-18T18:26:52.149Z] OrderImport: nothing to do.
[2026-06-18T18:27:21.280Z] OrderImport daemon: cycle start
[2026-06-18T18:27:22.174Z] OrderImport: found 0 file(s)
[2026-06-18T18:27:22.174Z] OrderImport: nothing to do.
[2026-06-18T18:27:51.307Z] OrderImport daemon: cycle start
[2026-06-18T18:27:52.190Z] OrderImport: found 0 file(s)
[2026-06-18T18:27:52.190Z] OrderImport: nothing to do.
[2026-06-18T18:28:21.336Z] OrderImport daemon: cycle start
[2026-06-18T18:28:22.245Z] OrderImport: found 0 file(s)
[2026-06-18T18:28:22.245Z] OrderImport: nothing to do.
[2026-06-18T18:28:51.363Z] OrderImport daemon: cycle start
[2026-06-18T18:28:52.260Z] OrderImport: found 0 file(s)
[2026-06-18T18:28:52.260Z] OrderImport: nothing to do.
[2026-06-18T18:29:21.391Z] OrderImport daemon: cycle start
[2026-06-18T18:29:22.269Z] OrderImport: found 0 file(s)
[2026-06-18T18:29:22.269Z] OrderImport: nothing to do.
[2026-06-18T18:29:51.396Z] OrderImport daemon: cycle start
[2026-06-18T18:29:52.304Z] OrderImport: found 0 file(s)
[2026-06-18T18:29:52.304Z] OrderImport: nothing to do.
[2026-06-18T18:30:21.424Z] OrderImport daemon: cycle start
[2026-06-18T18:30:22.313Z] OrderImport: found 0 file(s)
[2026-06-18T18:30:22.313Z] OrderImport: nothing to do.
[2026-06-18T18:30:51.442Z] OrderImport daemon: cycle start
[2026-06-18T18:30:52.327Z] OrderImport: found 0 file(s)
[2026-06-18T18:30:52.327Z] OrderImport: nothing to do.
[2026-06-18T18:31:21.447Z] OrderImport daemon: cycle start
[2026-06-18T18:31:22.366Z] OrderImport: found 0 file(s)
[2026-06-18T18:31:22.366Z] OrderImport: nothing to do.
[2026-06-18T18:31:51.475Z] OrderImport daemon: cycle start
[2026-06-18T18:31:52.342Z] OrderImport: found 0 file(s)
[2026-06-18T18:31:52.342Z] OrderImport: nothing to do.
[2026-06-18T18:32:21.503Z] OrderImport daemon: cycle start
[2026-06-18T18:32:22.418Z] OrderImport: found 0 file(s)
[2026-06-18T18:32:22.418Z] OrderImport: nothing to do.
[2026-06-18T18:32:51.510Z] OrderImport daemon: cycle start
[2026-06-18T18:32:52.445Z] OrderImport: found 0 file(s)
[2026-06-18T18:32:52.445Z] OrderImport: nothing to do.
[2026-06-18T18:33:21.528Z] OrderImport daemon: cycle start
[2026-06-18T18:33:22.403Z] OrderImport: found 0 file(s)
[2026-06-18T18:33:22.403Z] OrderImport: nothing to do.
[2026-06-18T18:33:51.555Z] OrderImport daemon: cycle start
[2026-06-18T18:33:52.453Z] OrderImport: found 0 file(s)
[2026-06-18T18:33:52.454Z] OrderImport: nothing to do.
[2026-06-18T18:34:21.570Z] OrderImport daemon: cycle start
[2026-06-18T18:34:22.452Z] OrderImport: found 0 file(s)
[2026-06-18T18:34:22.452Z] OrderImport: nothing to do.
[2026-06-18T18:34:51.595Z] OrderImport daemon: cycle start
[2026-06-18T18:34:52.514Z] OrderImport: found 0 file(s)
[2026-06-18T18:34:52.514Z] OrderImport: nothing to do.
[2026-06-18T18:35:21.623Z] OrderImport daemon: cycle start
[2026-06-18T18:35:22.954Z] OrderImport: found 0 file(s)
[2026-06-18T18:35:22.954Z] OrderImport: nothing to do.
[2026-06-18T18:35:51.651Z] OrderImport daemon: cycle start
[2026-06-18T18:35:52.977Z] OrderImport: found 0 file(s)
[2026-06-18T18:35:52.977Z] OrderImport: nothing to do.
[2026-06-18T18:36:21.679Z] OrderImport daemon: cycle start
[2026-06-18T18:36:22.992Z] OrderImport: found 0 file(s)
[2026-06-18T18:36:22.992Z] OrderImport: nothing to do.
[2026-06-18T18:36:51.707Z] OrderImport daemon: cycle start
[2026-06-18T18:36:53.006Z] OrderImport: found 0 file(s)
[2026-06-18T18:36:53.006Z] OrderImport: nothing to do.
[2026-06-18T18:37:21.736Z] OrderImport daemon: cycle start
[2026-06-18T18:37:22.694Z] OrderImport: found 0 file(s)
[2026-06-18T18:37:22.694Z] OrderImport: nothing to do.
[2026-06-18T18:37:51.763Z] OrderImport daemon: cycle start
[2026-06-18T18:37:52.677Z] OrderImport: found 0 file(s)
[2026-06-18T18:37:52.677Z] OrderImport: nothing to do.
[2026-06-18T18:38:21.789Z] OrderImport daemon: cycle start
[2026-06-18T18:38:22.708Z] OrderImport: found 0 file(s)
[2026-06-18T18:38:22.708Z] OrderImport: nothing to do.
[2026-06-18T18:38:51.818Z] OrderImport daemon: cycle start
[2026-06-18T18:38:52.674Z] OrderImport: found 0 file(s)
[2026-06-18T18:38:52.674Z] OrderImport: nothing to do.
[2026-06-18T18:39:21.846Z] OrderImport daemon: cycle start
[2026-06-18T18:39:22.750Z] OrderImport: found 0 file(s)
[2026-06-18T18:39:22.751Z] OrderImport: nothing to do.
[2026-06-18T18:39:51.854Z] OrderImport daemon: cycle start
[2026-06-18T18:39:52.751Z] OrderImport: found 0 file(s)
[2026-06-18T18:39:52.751Z] OrderImport: nothing to do.
[2026-06-18T18:40:21.882Z] OrderImport daemon: cycle start
[2026-06-18T18:40:22.762Z] OrderImport: found 0 file(s)
[2026-06-18T18:40:22.762Z] OrderImport: nothing to do.
[2026-06-18T18:40:51.910Z] OrderImport daemon: cycle start
[2026-06-18T18:40:52.792Z] OrderImport: found 0 file(s)
[2026-06-18T18:40:52.792Z] OrderImport: nothing to do.
[2026-06-18T18:41:21.936Z] OrderImport daemon: cycle start
[2026-06-18T18:41:22.816Z] OrderImport: found 0 file(s)
[2026-06-18T18:41:22.816Z] OrderImport: nothing to do.
[2026-06-18T18:41:51.965Z] OrderImport daemon: cycle start
[2026-06-18T18:41:52.831Z] OrderImport: found 0 file(s)
[2026-06-18T18:41:52.831Z] OrderImport: nothing to do.
[2026-06-18T18:42:21.991Z] OrderImport daemon: cycle start
[2026-06-18T18:42:22.923Z] OrderImport: found 0 file(s)
[2026-06-18T18:42:22.923Z] OrderImport: nothing to do.
[2026-06-18T18:42:52.020Z] OrderImport daemon: cycle start
[2026-06-18T18:42:52.932Z] OrderImport: found 0 file(s)
[2026-06-18T18:42:52.933Z] OrderImport: nothing to do.
[2026-06-18T18:43:22.047Z] OrderImport daemon: cycle start
[2026-06-18T18:43:22.939Z] OrderImport: found 0 file(s)
[2026-06-18T18:43:22.940Z] OrderImport: nothing to do.
[2026-06-18T18:43:52.075Z] OrderImport daemon: cycle start
[2026-06-18T18:43:52.973Z] OrderImport: found 0 file(s)
[2026-06-18T18:43:52.973Z] OrderImport: nothing to do.
[2026-06-18T18:44:22.099Z] OrderImport daemon: cycle start
[2026-06-18T18:44:23.001Z] OrderImport: found 0 file(s)
[2026-06-18T18:44:23.001Z] OrderImport: nothing to do.
[2026-06-18T18:44:52.124Z] OrderImport daemon: cycle start
[2026-06-18T18:44:53.016Z] OrderImport: found 0 file(s)
[2026-06-18T18:44:53.016Z] OrderImport: nothing to do.
[2026-06-18T18:45:22.151Z] OrderImport daemon: cycle start
[2026-06-18T18:45:23.052Z] OrderImport: found 0 file(s)
[2026-06-18T18:45:23.052Z] OrderImport: nothing to do.
[2026-06-18T18:45:52.175Z] OrderImport daemon: cycle start
[2026-06-18T18:45:53.076Z] OrderImport: found 0 file(s)
[2026-06-18T18:45:53.076Z] OrderImport: nothing to do.
[2026-06-18T18:46:22.203Z] OrderImport daemon: cycle start
[2026-06-18T18:46:23.100Z] OrderImport: found 0 file(s)
[2026-06-18T18:46:23.100Z] OrderImport: nothing to do.
[2026-06-18T18:46:52.231Z] OrderImport daemon: cycle start
[2026-06-18T18:46:53.122Z] OrderImport: nothing to do.
[2026-06-18T18:46:53.122Z] OrderImport: found 0 file(s)
[2026-06-18T18:47:22.259Z] OrderImport daemon: cycle start
[2026-06-18T18:47:23.144Z] OrderImport: found 0 file(s)
[2026-06-18T18:47:23.144Z] OrderImport: nothing to do.
[2026-06-18T18:47:52.288Z] OrderImport daemon: cycle start
[2026-06-18T18:47:53.176Z] OrderImport: found 0 file(s)
[2026-06-18T18:47:53.177Z] OrderImport: nothing to do.
[2026-06-18T18:48:22.295Z] OrderImport daemon: cycle start
[2026-06-18T18:48:23.243Z] OrderImport: found 0 file(s)
[2026-06-18T18:48:23.244Z] OrderImport: nothing to do.
[2026-06-18T18:48:52.323Z] OrderImport daemon: cycle start
[2026-06-18T18:48:53.237Z] OrderImport: found 0 file(s)
[2026-06-18T18:48:53.237Z] OrderImport: nothing to do.
[2026-06-18T18:49:22.346Z] OrderImport daemon: cycle start
[2026-06-18T18:49:23.242Z] OrderImport: nothing to do.
[2026-06-18T18:49:23.242Z] OrderImport: found 0 file(s)
[2026-06-18T18:49:52.363Z] OrderImport daemon: cycle start
[2026-06-18T18:49:53.243Z] OrderImport: found 0 file(s)
[2026-06-18T18:49:53.243Z] OrderImport: nothing to do.
[2026-06-18T18:50:22.387Z] OrderImport daemon: cycle start
[2026-06-18T18:50:23.298Z] OrderImport: nothing to do.
[2026-06-18T18:50:23.298Z] OrderImport: found 0 file(s)
[2026-06-18T18:50:52.406Z] OrderImport daemon: cycle start
[2026-06-18T18:50:53.317Z] OrderImport: found 0 file(s)
[2026-06-18T18:50:53.317Z] OrderImport: nothing to do.
[2026-06-18T18:51:22.413Z] OrderImport daemon: cycle start
[2026-06-18T18:51:23.293Z] OrderImport: found 0 file(s)
[2026-06-18T18:51:23.293Z] OrderImport: nothing to do.
[2026-06-18T18:51:52.439Z] OrderImport daemon: cycle start
[2026-06-18T18:51:53.301Z] OrderImport: found 0 file(s)
[2026-06-18T18:51:53.301Z] OrderImport: nothing to do.
[2026-06-18T18:52:22.467Z] OrderImport daemon: cycle start
[2026-06-18T18:52:23.360Z] OrderImport: found 0 file(s)
[2026-06-18T18:52:23.360Z] OrderImport: nothing to do.
[2026-06-18T18:52:52.494Z] OrderImport daemon: cycle start
[2026-06-18T18:52:53.469Z] OrderImport: found 0 file(s)
[2026-06-18T18:52:53.469Z] OrderImport: nothing to do.
[2026-06-18T18:53:22.519Z] OrderImport daemon: cycle start
[2026-06-18T18:53:23.438Z] OrderImport: found 0 file(s)
[2026-06-18T18:53:23.439Z] OrderImport: nothing to do.
[2026-06-18T18:53:52.547Z] OrderImport daemon: cycle start
[2026-06-18T18:53:53.474Z] OrderImport: found 0 file(s)
[2026-06-18T18:53:53.474Z] OrderImport: nothing to do.
[2026-06-18T18:54:22.575Z] OrderImport daemon: cycle start
[2026-06-18T18:54:23.425Z] OrderImport: found 0 file(s)
[2026-06-18T18:54:23.425Z] OrderImport: nothing to do.
[2026-06-18T18:54:52.599Z] OrderImport daemon: cycle start
[2026-06-18T18:54:53.492Z] OrderImport: found 0 file(s)
[2026-06-18T18:54:53.492Z] OrderImport: nothing to do.
[2026-06-18T18:55:22.617Z] OrderImport daemon: cycle start
[2026-06-18T18:55:23.481Z] OrderImport: found 0 file(s)
[2026-06-18T18:55:23.481Z] OrderImport: nothing to do.
[2026-06-18T18:55:52.643Z] OrderImport daemon: cycle start
[2026-06-18T18:55:53.533Z] OrderImport: found 0 file(s)
[2026-06-18T18:55:53.533Z] OrderImport: nothing to do.
[2026-06-18T18:56:22.672Z] OrderImport daemon: cycle start
[2026-06-18T18:56:23.545Z] OrderImport: found 0 file(s)
[2026-06-18T18:56:23.545Z] OrderImport: nothing to do.
[2026-06-18T18:56:52.699Z] OrderImport daemon: cycle start
[2026-06-18T18:56:53.625Z] OrderImport: found 0 file(s)
[2026-06-18T18:56:53.625Z] OrderImport: nothing to do.
[2026-06-18T18:57:22.711Z] OrderImport daemon: cycle start
[2026-06-18T18:57:23.591Z] OrderImport: found 0 file(s)
[2026-06-18T18:57:23.591Z] OrderImport: nothing to do.
[2026-06-18T18:57:52.715Z] OrderImport daemon: cycle start
[2026-06-18T18:57:53.628Z] OrderImport: found 0 file(s)
[2026-06-18T18:57:53.628Z] OrderImport: nothing to do.
[2026-06-18T18:58:22.740Z] OrderImport daemon: cycle start
[2026-06-18T18:58:23.605Z] OrderImport: found 0 file(s)
[2026-06-18T18:58:23.605Z] OrderImport: nothing to do.
[2026-06-18T18:58:52.744Z] OrderImport daemon: cycle start
[2026-06-18T18:58:53.641Z] OrderImport: found 0 file(s)
[2026-06-18T18:58:53.641Z] OrderImport: nothing to do.
[2026-06-18T18:59:22.771Z] OrderImport daemon: cycle start
[2026-06-18T18:59:23.680Z] OrderImport: found 0 file(s)
[2026-06-18T18:59:23.680Z] OrderImport: nothing to do.
[2026-06-18T18:59:52.799Z] OrderImport daemon: cycle start
[2026-06-18T18:59:53.680Z] OrderImport: found 0 file(s)
[2026-06-18T18:59:53.680Z] OrderImport: nothing to do.
[2026-06-18T19:00:22.802Z] OrderImport daemon: cycle start
[2026-06-18T19:00:23.685Z] OrderImport: found 0 file(s)
[2026-06-18T19:00:23.685Z] OrderImport: nothing to do.
[2026-06-18T19:00:52.824Z] OrderImport daemon: cycle start
[2026-06-18T19:00:53.706Z] OrderImport: found 0 file(s)
[2026-06-18T19:00:53.706Z] OrderImport: nothing to do.
[2026-06-18T19:01:22.851Z] OrderImport daemon: cycle start
[2026-06-18T19:01:23.789Z] OrderImport: found 0 file(s)
[2026-06-18T19:01:23.789Z] OrderImport: nothing to do.
[2026-06-18T19:01:52.872Z] OrderImport daemon: cycle start
[2026-06-18T19:01:53.755Z] OrderImport: found 0 file(s)
[2026-06-18T19:01:53.755Z] OrderImport: nothing to do.
[2026-06-18T19:02:22.900Z] OrderImport daemon: cycle start
[2026-06-18T19:02:23.831Z] OrderImport: found 0 file(s)
[2026-06-18T19:02:23.831Z] OrderImport: nothing to do.
[2026-06-18T19:02:52.927Z] OrderImport daemon: cycle start
[2026-06-18T19:02:53.837Z] OrderImport: found 0 file(s)
[2026-06-18T19:02:53.837Z] OrderImport: nothing to do.
[2026-06-18T19:03:22.937Z] OrderImport daemon: cycle start
[2026-06-18T19:03:23.871Z] OrderImport: found 0 file(s)
[2026-06-18T19:03:23.871Z] OrderImport: nothing to do.
[2026-06-18T19:03:52.955Z] OrderImport daemon: cycle start
[2026-06-18T19:03:53.798Z] OrderImport: found 0 file(s)
[2026-06-18T19:03:53.798Z] OrderImport: nothing to do.
[2026-06-18T19:04:22.984Z] OrderImport daemon: cycle start
[2026-06-18T19:04:23.866Z] OrderImport: found 0 file(s)
[2026-06-18T19:04:23.866Z] OrderImport: nothing to do.
[2026-06-18T19:04:53.011Z] OrderImport daemon: cycle start
[2026-06-18T19:04:53.908Z] OrderImport: found 0 file(s)
[2026-06-18T19:04:53.908Z] OrderImport: nothing to do.
[2026-06-18T19:05:23.021Z] OrderImport daemon: cycle start
[2026-06-18T19:05:23.893Z] OrderImport: found 0 file(s)
[2026-06-18T19:05:23.893Z] OrderImport: nothing to do.
[2026-06-18T19:05:53.047Z] OrderImport daemon: cycle start
[2026-06-18T19:05:53.948Z] OrderImport: found 0 file(s)
[2026-06-18T19:05:53.948Z] OrderImport: nothing to do.
[2026-06-18T19:06:23.076Z] OrderImport daemon: cycle start
[2026-06-18T19:06:23.943Z] OrderImport: found 0 file(s)
[2026-06-18T19:06:23.943Z] OrderImport: nothing to do.
[2026-06-18T19:06:53.104Z] OrderImport daemon: cycle start
[2026-06-18T19:06:53.979Z] OrderImport: found 0 file(s)
[2026-06-18T19:06:53.980Z] OrderImport: nothing to do.
[2026-06-18T19:07:23.114Z] OrderImport daemon: cycle start
[2026-06-18T19:07:24.005Z] OrderImport: found 0 file(s)
[2026-06-18T19:07:24.005Z] OrderImport: nothing to do.
[2026-06-18T19:07:53.142Z] OrderImport daemon: cycle start
[2026-06-18T19:07:54.111Z] OrderImport: found 0 file(s)
[2026-06-18T19:07:54.111Z] OrderImport: nothing to do.
[2026-06-18T19:08:23.162Z] OrderImport daemon: cycle start
[2026-06-18T19:08:24.043Z] OrderImport: found 0 file(s)
[2026-06-18T19:08:24.043Z] OrderImport: nothing to do.
[2026-06-18T19:08:53.191Z] OrderImport daemon: cycle start
[2026-06-18T19:08:54.089Z] OrderImport: found 0 file(s)
[2026-06-18T19:08:54.089Z] OrderImport: nothing to do.
[2026-06-18T19:09:23.219Z] OrderImport daemon: cycle start
[2026-06-18T19:09:24.082Z] OrderImport: found 0 file(s)
[2026-06-18T19:09:24.082Z] OrderImport: nothing to do.
[2026-06-18T19:09:53.224Z] OrderImport daemon: cycle start
[2026-06-18T19:09:54.100Z] OrderImport: found 0 file(s)
[2026-06-18T19:09:54.101Z] OrderImport: nothing to do.
[2026-06-18T19:10:23.251Z] OrderImport daemon: cycle start
[2026-06-18T19:10:24.184Z] OrderImport: found 0 file(s)
[2026-06-18T19:10:24.184Z] OrderImport: nothing to do.
[2026-06-18T19:10:53.279Z] OrderImport daemon: cycle start
[2026-06-18T19:10:54.171Z] OrderImport: found 0 file(s)
[2026-06-18T19:10:54.171Z] OrderImport: nothing to do.
[2026-06-18T19:11:23.309Z] OrderImport daemon: cycle start
[2026-06-18T19:11:24.192Z] OrderImport: found 0 file(s)
[2026-06-18T19:11:24.192Z] OrderImport: nothing to do.
[2026-06-18T19:11:53.319Z] OrderImport daemon: cycle start
[2026-06-18T19:11:54.213Z] OrderImport: found 0 file(s)
[2026-06-18T19:11:54.213Z] OrderImport: nothing to do.
[2026-06-18T19:12:23.347Z] OrderImport daemon: cycle start
[2026-06-18T19:12:24.231Z] OrderImport: found 0 file(s)
[2026-06-18T19:12:24.231Z] OrderImport: nothing to do.
[2026-06-18T19:12:53.377Z] OrderImport daemon: cycle start
[2026-06-18T19:12:54.323Z] OrderImport: found 0 file(s)
[2026-06-18T19:12:54.323Z] OrderImport: nothing to do.
[2026-06-18T19:13:23.405Z] OrderImport daemon: cycle start
[2026-06-18T19:13:24.287Z] OrderImport: found 0 file(s)
[2026-06-18T19:13:24.287Z] OrderImport: nothing to do.
[2026-06-18T19:13:53.411Z] OrderImport daemon: cycle start
[2026-06-18T19:13:54.299Z] OrderImport: found 0 file(s)
[2026-06-18T19:13:54.299Z] OrderImport: nothing to do.
[2026-06-18T19:14:23.439Z] OrderImport daemon: cycle start
[2026-06-18T19:14:24.329Z] OrderImport: found 0 file(s)
[2026-06-18T19:14:24.330Z] OrderImport: nothing to do.
[2026-06-18T19:14:53.467Z] OrderImport daemon: cycle start
[2026-06-18T19:14:54.368Z] OrderImport: found 0 file(s)
[2026-06-18T19:14:54.368Z] OrderImport: nothing to do.
[2026-06-18T19:15:23.470Z] OrderImport daemon: cycle start
[2026-06-18T19:15:24.807Z] OrderImport: found 0 file(s)
[2026-06-18T19:15:24.807Z] OrderImport: nothing to do.
[2026-06-18T19:15:53.493Z] OrderImport daemon: cycle start
[2026-06-18T19:15:54.838Z] OrderImport: found 0 file(s)
[2026-06-18T19:15:54.838Z] OrderImport: nothing to do.
[2026-06-18T19:16:23.519Z] OrderImport daemon: cycle start
[2026-06-18T19:16:24.903Z] OrderImport: found 0 file(s)
[2026-06-18T19:16:24.903Z] OrderImport: nothing to do.
[2026-06-18T19:16:53.542Z] OrderImport daemon: cycle start
[2026-06-18T19:16:54.890Z] OrderImport: nothing to do.
[2026-06-18T19:16:54.890Z] OrderImport: found 0 file(s)
[2026-06-18T19:17:23.571Z] OrderImport daemon: cycle start
[2026-06-18T19:17:24.461Z] OrderImport: found 0 file(s)
[2026-06-18T19:17:24.461Z] OrderImport: nothing to do.
[2026-06-18T19:17:53.599Z] OrderImport daemon: cycle start
[2026-06-18T19:17:54.512Z] OrderImport: found 0 file(s)
[2026-06-18T19:17:54.512Z] OrderImport: nothing to do.
[2026-06-18T19:18:23.627Z] OrderImport daemon: cycle start
[2026-06-18T19:18:24.509Z] OrderImport: found 0 file(s)
[2026-06-18T19:18:24.509Z] OrderImport: nothing to do.
[2026-06-18T19:18:53.656Z] OrderImport daemon: cycle start
[2026-06-18T19:18:54.562Z] OrderImport: found 0 file(s)
[2026-06-18T19:18:54.562Z] OrderImport: nothing to do.
[2026-06-18T19:19:23.659Z] OrderImport daemon: cycle start
[2026-06-18T19:19:24.596Z] OrderImport: found 0 file(s)
[2026-06-18T19:19:24.596Z] OrderImport: nothing to do.
[2026-06-18T19:19:53.687Z] OrderImport daemon: cycle start
[2026-06-18T19:19:54.544Z] OrderImport: found 0 file(s)
[2026-06-18T19:19:54.544Z] OrderImport: nothing to do.
[2026-06-18T19:20:23.715Z] OrderImport daemon: cycle start
[2026-06-18T19:20:24.636Z] OrderImport: found 0 file(s)
[2026-06-18T19:20:24.636Z] OrderImport: nothing to do.
[2026-06-18T19:20:53.731Z] OrderImport daemon: cycle start
[2026-06-18T19:20:54.603Z] OrderImport: found 0 file(s)
[2026-06-18T19:20:54.603Z] OrderImport: nothing to do.
[2026-06-18T19:21:23.732Z] OrderImport daemon: cycle start
[2026-06-18T19:21:24.642Z] OrderImport: found 0 file(s)
[2026-06-18T19:21:24.642Z] OrderImport: nothing to do.
[2026-06-18T19:21:53.746Z] OrderImport daemon: cycle start
[2026-06-18T19:21:54.654Z] OrderImport: found 0 file(s)
[2026-06-18T19:21:54.654Z] OrderImport: nothing to do.
[2026-06-18T19:22:23.774Z] OrderImport daemon: cycle start
[2026-06-18T19:22:24.626Z] OrderImport: found 0 file(s)
[2026-06-18T19:22:24.626Z] OrderImport: nothing to do.
[2026-06-18T19:22:53.799Z] OrderImport daemon: cycle start
[2026-06-18T19:22:54.650Z] OrderImport: found 0 file(s)
[2026-06-18T19:22:54.651Z] OrderImport: nothing to do.
[2026-06-18T19:23:23.801Z] OrderImport daemon: cycle start
[2026-06-18T19:23:24.670Z] OrderImport: found 0 file(s)
[2026-06-18T19:23:24.670Z] OrderImport: nothing to do.
[2026-06-18T19:23:53.827Z] OrderImport daemon: cycle start
[2026-06-18T19:23:54.758Z] OrderImport: found 0 file(s)
[2026-06-18T19:23:54.758Z] OrderImport: nothing to do.
[2026-06-18T19:24:23.855Z] OrderImport daemon: cycle start
[2026-06-18T19:24:24.744Z] OrderImport: found 0 file(s)
[2026-06-18T19:24:24.744Z] OrderImport: nothing to do.
[2026-06-18T19:24:53.883Z] OrderImport daemon: cycle start
[2026-06-18T19:24:54.732Z] OrderImport: found 0 file(s)
[2026-06-18T19:24:54.732Z] OrderImport: nothing to do.
[2026-06-18T19:25:23.911Z] OrderImport daemon: cycle start
[2026-06-18T19:25:24.811Z] OrderImport: found 0 file(s)
[2026-06-18T19:25:24.811Z] OrderImport: nothing to do.
[2026-06-18T19:25:53.916Z] OrderImport daemon: cycle start
[2026-06-18T19:25:54.804Z] OrderImport: found 0 file(s)
[2026-06-18T19:25:54.804Z] OrderImport: nothing to do.
[2026-06-18T19:26:23.943Z] OrderImport daemon: cycle start
[2026-06-18T19:26:24.820Z] OrderImport: found 0 file(s)
[2026-06-18T19:26:24.820Z] OrderImport: nothing to do.
[2026-06-18T19:26:53.972Z] OrderImport daemon: cycle start
[2026-06-18T19:26:54.881Z] OrderImport: found 0 file(s)
[2026-06-18T19:26:54.881Z] OrderImport: nothing to do.
[2026-06-18T19:27:23.999Z] OrderImport daemon: cycle start
[2026-06-18T19:27:24.881Z] OrderImport: found 0 file(s)
[2026-06-18T19:27:24.881Z] OrderImport: nothing to do.
[2026-06-18T19:27:54.023Z] OrderImport daemon: cycle start
[2026-06-18T19:27:54.912Z] OrderImport: found 0 file(s)
[2026-06-18T19:27:54.913Z] OrderImport: nothing to do.
[2026-06-18T19:28:24.037Z] OrderImport daemon: cycle start
[2026-06-18T19:28:24.933Z] OrderImport: nothing to do.
[2026-06-18T19:28:24.933Z] OrderImport: found 0 file(s)
[2026-06-18T19:28:54.063Z] OrderImport daemon: cycle start
[2026-06-18T19:28:54.952Z] OrderImport: found 0 file(s)
[2026-06-18T19:28:54.952Z] OrderImport: nothing to do.
[2026-06-18T19:29:24.092Z] OrderImport daemon: cycle start
[2026-06-18T19:29:24.953Z] OrderImport: found 0 file(s)
[2026-06-18T19:29:24.953Z] OrderImport: nothing to do.
[2026-06-18T19:29:54.120Z] OrderImport daemon: cycle start
[2026-06-18T19:29:55.024Z] OrderImport: found 0 file(s)
[2026-06-18T19:29:55.024Z] OrderImport: nothing to do.
[2026-06-18T19:30:24.147Z] OrderImport daemon: cycle start
[2026-06-18T19:30:25.080Z] OrderImport: found 0 file(s)
[2026-06-18T19:30:25.080Z] OrderImport: nothing to do.
[2026-06-18T19:30:54.175Z] OrderImport daemon: cycle start
[2026-06-18T19:30:55.085Z] OrderImport: found 0 file(s)
[2026-06-18T19:30:55.085Z] OrderImport: nothing to do.
[2026-06-18T19:31:24.203Z] OrderImport daemon: cycle start
[2026-06-18T19:31:25.108Z] OrderImport: found 0 file(s)
[2026-06-18T19:31:25.108Z] OrderImport: nothing to do.
[2026-06-18T19:31:54.227Z] OrderImport daemon: cycle start
[2026-06-18T19:31:55.136Z] OrderImport: found 0 file(s)
[2026-06-18T19:31:55.136Z] OrderImport: nothing to do.
[2026-06-18T19:32:24.254Z] OrderImport daemon: cycle start
[2026-06-18T19:32:25.154Z] OrderImport: found 0 file(s)
[2026-06-18T19:32:25.154Z] OrderImport: nothing to do.
[2026-06-18T19:32:54.279Z] OrderImport daemon: cycle start
[2026-06-18T19:32:55.204Z] OrderImport: found 0 file(s)
[2026-06-18T19:32:55.204Z] OrderImport: nothing to do.
[2026-06-18T19:33:24.307Z] OrderImport daemon: cycle start
[2026-06-18T19:33:25.218Z] OrderImport: found 0 file(s)
[2026-06-18T19:33:25.219Z] OrderImport: nothing to do.
[2026-06-18T19:33:54.327Z] OrderImport daemon: cycle start
[2026-06-18T19:33:55.225Z] OrderImport: found 0 file(s)
[2026-06-18T19:33:55.225Z] OrderImport: nothing to do.
[2026-06-18T19:34:24.331Z] OrderImport daemon: cycle start
[2026-06-18T19:34:25.246Z] OrderImport: found 0 file(s)
[2026-06-18T19:34:25.246Z] OrderImport: nothing to do.
[2026-06-18T19:34:54.359Z] OrderImport daemon: cycle start
[2026-06-18T19:34:55.252Z] OrderImport: found 0 file(s)
[2026-06-18T19:34:55.252Z] OrderImport: nothing to do.
[2026-06-18T19:35:24.364Z] OrderImport daemon: cycle start
[2026-06-18T19:35:25.280Z] OrderImport: found 0 file(s)
[2026-06-18T19:35:25.280Z] OrderImport: nothing to do.
[2026-06-18T19:35:54.391Z] OrderImport daemon: cycle start
[2026-06-18T19:35:55.321Z] OrderImport: found 0 file(s)
[2026-06-18T19:35:55.321Z] OrderImport: nothing to do.
[2026-06-18T19:36:24.419Z] OrderImport daemon: cycle start
[2026-06-18T19:36:25.293Z] OrderImport: found 0 file(s)
[2026-06-18T19:36:25.293Z] OrderImport: nothing to do.
[2026-06-18T19:36:54.447Z] OrderImport daemon: cycle start
[2026-06-18T19:36:55.383Z] OrderImport: found 0 file(s)
[2026-06-18T19:36:55.383Z] OrderImport: nothing to do.
[2026-06-18T19:37:24.471Z] OrderImport daemon: cycle start
[2026-06-18T19:37:25.336Z] OrderImport: found 0 file(s)
[2026-06-18T19:37:25.336Z] OrderImport: nothing to do.
[2026-06-18T19:37:54.499Z] OrderImport daemon: cycle start
[2026-06-18T19:37:55.426Z] OrderImport: found 0 file(s)
[2026-06-18T19:37:55.426Z] OrderImport: nothing to do.
[2026-06-18T19:38:24.526Z] OrderImport daemon: cycle start
[2026-06-18T19:38:25.464Z] OrderImport: found 0 file(s)
[2026-06-18T19:38:25.464Z] OrderImport: nothing to do.
[2026-06-18T19:38:54.556Z] OrderImport daemon: cycle start
[2026-06-18T19:38:55.458Z] OrderImport: found 0 file(s)
[2026-06-18T19:38:55.458Z] OrderImport: nothing to do.
[2026-06-18T19:39:24.575Z] OrderImport daemon: cycle start
[2026-06-18T19:39:25.464Z] OrderImport: found 0 file(s)
[2026-06-18T19:39:25.464Z] OrderImport: nothing to do.
[2026-06-18T19:39:54.600Z] OrderImport daemon: cycle start
[2026-06-18T19:39:55.496Z] OrderImport: found 0 file(s)
[2026-06-18T19:39:55.497Z] OrderImport: nothing to do.
[2026-06-18T19:40:24.627Z] OrderImport daemon: cycle start
[2026-06-18T19:40:25.474Z] OrderImport: found 0 file(s)
[2026-06-18T19:40:25.474Z] OrderImport: nothing to do.
[2026-06-18T19:40:54.655Z] OrderImport daemon: cycle start
[2026-06-18T19:40:55.550Z] OrderImport: found 0 file(s)
[2026-06-18T19:40:55.551Z] OrderImport: nothing to do.
[2026-06-18T19:41:24.671Z] OrderImport daemon: cycle start
[2026-06-18T19:41:25.553Z] OrderImport: found 0 file(s)
[2026-06-18T19:41:25.553Z] OrderImport: nothing to do.
[2026-06-18T19:41:54.679Z] OrderImport daemon: cycle start
[2026-06-18T19:41:55.553Z] OrderImport: found 0 file(s)
[2026-06-18T19:41:55.553Z] OrderImport: nothing to do.
[2026-06-18T19:42:24.709Z] OrderImport daemon: cycle start
[2026-06-18T19:42:25.574Z] OrderImport: found 0 file(s)
[2026-06-18T19:42:25.574Z] OrderImport: nothing to do.
[2026-06-18T19:42:54.731Z] OrderImport daemon: cycle start
[2026-06-18T19:42:55.604Z] OrderImport: found 0 file(s)
[2026-06-18T19:42:55.604Z] OrderImport: nothing to do.
[2026-06-18T19:43:24.759Z] OrderImport daemon: cycle start
[2026-06-18T19:43:25.709Z] OrderImport: nothing to do.
[2026-06-18T19:43:25.709Z] OrderImport: found 0 file(s)
[2026-06-18T19:43:54.780Z] OrderImport daemon: cycle start
[2026-06-18T19:43:55.694Z] OrderImport: found 0 file(s)
[2026-06-18T19:43:55.694Z] OrderImport: nothing to do.
[2026-06-18T19:44:24.787Z] OrderImport daemon: cycle start
[2026-06-18T19:44:25.731Z] OrderImport: found 0 file(s)
[2026-06-18T19:44:25.731Z] OrderImport: nothing to do.
[2026-06-18T19:44:54.816Z] OrderImport daemon: cycle start
[2026-06-18T19:44:55.772Z] OrderImport: found 0 file(s)
[2026-06-18T19:44:55.772Z] OrderImport: nothing to do.
[2026-06-18T19:45:24.843Z] OrderImport daemon: cycle start
[2026-06-18T19:45:25.799Z] OrderImport: nothing to do.
[2026-06-18T19:45:25.799Z] OrderImport: found 0 file(s)
[2026-06-18T19:45:54.870Z] OrderImport daemon: cycle start
[2026-06-18T19:45:55.755Z] OrderImport: found 0 file(s)
[2026-06-18T19:45:55.755Z] OrderImport: nothing to do.
[2026-06-18T19:46:24.899Z] OrderImport daemon: cycle start
[2026-06-18T19:46:25.800Z] OrderImport: found 0 file(s)
[2026-06-18T19:46:25.800Z] OrderImport: nothing to do.
[2026-06-18T19:46:54.919Z] OrderImport daemon: cycle start
[2026-06-18T19:46:55.849Z] OrderImport: found 0 file(s)
[2026-06-18T19:46:55.849Z] OrderImport: nothing to do.
[2026-06-18T19:47:24.947Z] OrderImport daemon: cycle start
[2026-06-18T19:47:25.838Z] OrderImport: found 0 file(s)
[2026-06-18T19:47:25.838Z] OrderImport: nothing to do.
[2026-06-18T19:47:54.954Z] OrderImport daemon: cycle start
[2026-06-18T19:47:55.870Z] OrderImport: found 0 file(s)
[2026-06-18T19:47:55.870Z] OrderImport: nothing to do.
[2026-06-18T19:48:24.980Z] OrderImport daemon: cycle start
[2026-06-18T19:48:25.868Z] OrderImport: found 0 file(s)
[2026-06-18T19:48:25.868Z] OrderImport: nothing to do.
[2026-06-18T19:48:55.007Z] OrderImport daemon: cycle start
[2026-06-18T19:48:55.882Z] OrderImport: found 0 file(s)
[2026-06-18T19:48:55.882Z] OrderImport: nothing to do.
[2026-06-18T19:49:25.035Z] OrderImport daemon: cycle start
[2026-06-18T19:49:25.934Z] OrderImport: found 0 file(s)
[2026-06-18T19:49:25.934Z] OrderImport: nothing to do.
[2026-06-18T19:49:55.064Z] OrderImport daemon: cycle start
[2026-06-18T19:49:56.014Z] OrderImport: nothing to do.
[2026-06-18T19:49:56.014Z] OrderImport: found 0 file(s)
[2026-06-18T19:50:25.091Z] OrderImport daemon: cycle start
[2026-06-18T19:50:25.959Z] OrderImport: found 0 file(s)
[2026-06-18T19:50:25.959Z] OrderImport: nothing to do.
[2026-06-18T19:50:55.119Z] OrderImport daemon: cycle start
[2026-06-18T19:50:56.024Z] OrderImport: found 0 file(s)
[2026-06-18T19:50:56.024Z] OrderImport: nothing to do.
[2026-06-18T19:51:25.121Z] OrderImport daemon: cycle start
[2026-06-18T19:51:26.018Z] OrderImport: found 0 file(s)
[2026-06-18T19:51:26.018Z] OrderImport: nothing to do.
[2026-06-18T19:51:55.147Z] OrderImport daemon: cycle start
[2026-06-18T19:51:56.048Z] OrderImport: found 0 file(s)
[2026-06-18T19:51:56.048Z] OrderImport: nothing to do.
[2026-06-18T19:52:25.148Z] OrderImport daemon: cycle start
[2026-06-18T19:52:26.052Z] OrderImport: found 0 file(s)
[2026-06-18T19:52:26.053Z] OrderImport: nothing to do.
[2026-06-18T19:52:55.161Z] OrderImport daemon: cycle start
[2026-06-18T19:52:56.036Z] OrderImport: found 0 file(s)
[2026-06-18T19:52:56.036Z] OrderImport: nothing to do.
[2026-06-18T19:53:25.190Z] OrderImport daemon: cycle start
[2026-06-18T19:53:26.079Z] OrderImport: found 0 file(s)
[2026-06-18T19:53:26.079Z] OrderImport: nothing to do.
[2026-06-18T19:53:55.215Z] OrderImport daemon: cycle start
[2026-06-18T19:53:56.174Z] OrderImport: found 0 file(s)
[2026-06-18T19:53:56.174Z] OrderImport: nothing to do.
[2026-06-18T19:54:25.225Z] OrderImport daemon: cycle start
[2026-06-18T19:54:26.112Z] OrderImport: found 0 file(s)
[2026-06-18T19:54:26.112Z] OrderImport: nothing to do.
[2026-06-18T19:54:55.251Z] OrderImport daemon: cycle start
[2026-06-18T19:54:56.162Z] OrderImport: found 0 file(s)
[2026-06-18T19:54:56.162Z] OrderImport: nothing to do.
[2026-06-18T19:55:25.280Z] OrderImport daemon: cycle start
[2026-06-18T19:55:26.177Z] OrderImport: found 0 file(s)
[2026-06-18T19:55:26.177Z] OrderImport: nothing to do.
[2026-06-18T19:55:55.307Z] OrderImport daemon: cycle start
[2026-06-18T19:55:56.208Z] OrderImport: found 0 file(s)
[2026-06-18T19:55:56.208Z] OrderImport: nothing to do.
[2026-06-18T19:56:25.336Z] OrderImport daemon: cycle start
[2026-06-18T19:56:26.230Z] OrderImport: found 0 file(s)
[2026-06-18T19:56:26.230Z] OrderImport: nothing to do.
[2026-06-18T19:56:55.363Z] OrderImport daemon: cycle start
[2026-06-18T19:56:56.334Z] OrderImport: found 0 file(s)
[2026-06-18T19:56:56.334Z] OrderImport: nothing to do.
[2026-06-18T19:57:25.373Z] OrderImport daemon: cycle start
[2026-06-18T19:57:26.269Z] OrderImport: found 0 file(s)
[2026-06-18T19:57:26.269Z] OrderImport: nothing to do.
[2026-06-18T19:57:55.399Z] OrderImport daemon: cycle start
[2026-06-18T19:57:56.326Z] OrderImport: found 0 file(s)
[2026-06-18T19:57:56.326Z] OrderImport: nothing to do.
[2026-06-18T19:58:25.410Z] OrderImport daemon: cycle start
[2026-06-18T19:58:26.321Z] OrderImport: found 0 file(s)
[2026-06-18T19:58:26.321Z] OrderImport: nothing to do.
[2026-06-18T19:58:55.427Z] OrderImport daemon: cycle start
[2026-06-18T19:58:56.333Z] OrderImport: found 0 file(s)
[2026-06-18T19:58:56.333Z] OrderImport: nothing to do.
[2026-06-18T19:59:25.451Z] OrderImport daemon: cycle start
[2026-06-18T19:59:26.363Z] OrderImport: found 0 file(s)
[2026-06-18T19:59:26.363Z] OrderImport: nothing to do.
[2026-06-18T19:59:55.479Z] OrderImport daemon: cycle start
[2026-06-18T19:59:56.418Z] OrderImport: found 0 file(s)
[2026-06-18T19:59:56.418Z] OrderImport: nothing to do.
[2026-06-18T20:00:25.507Z] OrderImport daemon: cycle start
[2026-06-18T20:00:26.413Z] OrderImport: found 0 file(s)
[2026-06-18T20:00:26.413Z] OrderImport: nothing to do.
[2026-06-18T20:00:55.535Z] OrderImport daemon: cycle start
[2026-06-18T20:00:56.552Z] OrderImport: found 0 file(s)
[2026-06-18T20:00:56.552Z] OrderImport: nothing to do.
[2026-06-18T20:01:25.563Z] OrderImport daemon: cycle start
[2026-06-18T20:01:26.438Z] OrderImport: found 0 file(s)
[2026-06-18T20:01:26.438Z] OrderImport: nothing to do.
[2026-06-18T20:01:55.573Z] OrderImport daemon: cycle start
[2026-06-18T20:01:56.471Z] OrderImport: found 0 file(s)
[2026-06-18T20:01:56.471Z] OrderImport: nothing to do.
[2026-06-18T20:02:25.599Z] OrderImport daemon: cycle start
[2026-06-18T20:02:26.466Z] OrderImport: found 0 file(s)
[2026-06-18T20:02:26.466Z] OrderImport: nothing to do.
[2026-06-18T20:02:55.611Z] OrderImport daemon: cycle start
[2026-06-18T20:02:56.911Z] OrderImport: found 0 file(s)
[2026-06-18T20:02:56.911Z] OrderImport: nothing to do.
[2026-06-18T20:03:25.620Z] OrderImport daemon: cycle start
[2026-06-18T20:03:26.920Z] OrderImport: found 0 file(s)
[2026-06-18T20:03:26.920Z] OrderImport: nothing to do.
[2026-06-18T20:03:55.625Z] OrderImport daemon: cycle start
[2026-06-18T20:03:56.937Z] OrderImport: nothing to do.
[2026-06-18T20:03:56.937Z] OrderImport: found 0 file(s)
[2026-06-18T20:04:25.627Z] OrderImport daemon: cycle start
[2026-06-18T20:04:26.941Z] OrderImport: found 0 file(s)
[2026-06-18T20:04:26.941Z] OrderImport: nothing to do.
[2026-06-18T20:04:55.655Z] OrderImport daemon: cycle start
[2026-06-18T20:04:56.965Z] OrderImport: found 0 file(s)
[2026-06-18T20:04:56.965Z] OrderImport: nothing to do.
[2026-06-18T20:05:25.683Z] OrderImport daemon: cycle start
[2026-06-18T20:05:26.577Z] OrderImport: found 0 file(s)
[2026-06-18T20:05:26.577Z] OrderImport: nothing to do.
[2026-06-18T20:05:55.712Z] OrderImport daemon: cycle start
[2026-06-18T20:05:56.614Z] OrderImport: found 0 file(s)
[2026-06-18T20:05:56.614Z] OrderImport: nothing to do.
[2026-06-18T20:06:25.739Z] OrderImport daemon: cycle start
[2026-06-18T20:06:26.653Z] OrderImport: found 0 file(s)
[2026-06-18T20:06:26.653Z] OrderImport: nothing to do.
[2026-06-18T20:06:55.767Z] OrderImport daemon: cycle start
[2026-06-18T20:06:56.646Z] OrderImport: found 0 file(s)
[2026-06-18T20:06:56.647Z] OrderImport: nothing to do.
[2026-06-18T20:07:25.795Z] OrderImport daemon: cycle start
[2026-06-18T20:07:26.699Z] OrderImport: found 0 file(s)
[2026-06-18T20:07:26.700Z] OrderImport: nothing to do.
[2026-06-18T20:07:55.824Z] OrderImport daemon: cycle start
[2026-06-18T20:07:56.734Z] OrderImport: found 0 file(s)
[2026-06-18T20:07:56.734Z] OrderImport: nothing to do.
[2026-06-18T20:08:25.848Z] OrderImport daemon: cycle start
[2026-06-18T20:08:26.726Z] OrderImport: found 0 file(s)
[2026-06-18T20:08:26.726Z] OrderImport: nothing to do.
[2026-06-18T20:08:55.870Z] OrderImport daemon: cycle start
[2026-06-18T20:08:56.763Z] OrderImport: found 0 file(s)
[2026-06-18T20:08:56.763Z] OrderImport: nothing to do.
[2026-06-18T20:09:25.879Z] OrderImport daemon: cycle start
[2026-06-18T20:09:26.775Z] OrderImport: found 0 file(s)
[2026-06-18T20:09:26.776Z] OrderImport: nothing to do.
[2026-06-18T20:09:55.884Z] OrderImport daemon: cycle start
[2026-06-18T20:09:56.773Z] OrderImport: found 0 file(s)
[2026-06-18T20:09:56.773Z] OrderImport: nothing to do.
[2026-06-18T20:10:25.912Z] OrderImport daemon: cycle start
[2026-06-18T20:10:26.809Z] OrderImport: found 0 file(s)
[2026-06-18T20:10:26.809Z] OrderImport: nothing to do.
[2026-06-18T20:10:55.939Z] OrderImport daemon: cycle start
[2026-06-18T20:10:56.812Z] OrderImport: found 0 file(s)
[2026-06-18T20:10:56.812Z] OrderImport: nothing to do.
[2026-06-18T20:11:25.951Z] OrderImport daemon: cycle start
[2026-06-18T20:11:26.833Z] OrderImport: found 0 file(s)
[2026-06-18T20:11:26.833Z] OrderImport: nothing to do.
[2026-06-18T20:11:55.979Z] OrderImport daemon: cycle start
[2026-06-18T20:11:56.870Z] OrderImport: found 0 file(s)
[2026-06-18T20:11:56.870Z] OrderImport: nothing to do.
[2026-06-18T20:12:26.008Z] OrderImport daemon: cycle start
[2026-06-18T20:12:26.878Z] OrderImport: found 0 file(s)
[2026-06-18T20:12:26.878Z] OrderImport: nothing to do.
[2026-06-18T20:12:56.035Z] OrderImport daemon: cycle start
[2026-06-18T20:12:56.942Z] OrderImport: found 0 file(s)
[2026-06-18T20:12:56.943Z] OrderImport: nothing to do.
[2026-06-18T20:13:26.058Z] OrderImport daemon: cycle start
[2026-06-18T20:13:26.921Z] OrderImport: found 0 file(s)
[2026-06-18T20:13:26.921Z] OrderImport: nothing to do.
[2026-06-18T20:13:56.080Z] OrderImport daemon: cycle start
[2026-06-18T20:13:56.930Z] OrderImport: found 0 file(s)
[2026-06-18T20:13:56.930Z] OrderImport: nothing to do.
[2026-06-18T20:14:26.107Z] OrderImport daemon: cycle start
[2026-06-18T20:14:26.978Z] OrderImport: found 0 file(s)
[2026-06-18T20:14:26.978Z] OrderImport: nothing to do.
[2026-06-18T20:14:56.135Z] OrderImport daemon: cycle start
[2026-06-18T20:14:57.017Z] OrderImport: found 0 file(s)
[2026-06-18T20:14:57.018Z] OrderImport: nothing to do.
[2026-06-18T20:15:26.163Z] OrderImport daemon: cycle start
[2026-06-18T20:15:27.081Z] OrderImport: found 0 file(s)
[2026-06-18T20:15:27.081Z] OrderImport: nothing to do.
[2026-06-18T20:15:56.191Z] OrderImport daemon: cycle start
[2026-06-18T20:15:57.082Z] OrderImport: found 0 file(s)
[2026-06-18T20:15:57.082Z] OrderImport: nothing to do.
[2026-06-18T20:16:26.219Z] OrderImport daemon: cycle start
[2026-06-18T20:16:27.130Z] OrderImport: found 0 file(s)
[2026-06-18T20:16:27.130Z] OrderImport: nothing to do.
[2026-06-18T20:16:56.247Z] OrderImport daemon: cycle start
[2026-06-18T20:16:57.155Z] OrderImport: found 0 file(s)
[2026-06-18T20:16:57.155Z] OrderImport: nothing to do.
[2026-06-18T20:17:26.275Z] OrderImport daemon: cycle start
[2026-06-18T20:17:27.167Z] OrderImport: found 0 file(s)
[2026-06-18T20:17:27.167Z] OrderImport: nothing to do.
[2026-06-18T20:17:56.304Z] OrderImport daemon: cycle start
[2026-06-18T20:17:57.179Z] OrderImport: found 0 file(s)
[2026-06-18T20:17:57.180Z] OrderImport: nothing to do.
[2026-06-18T20:18:26.331Z] OrderImport daemon: cycle start
[2026-06-18T20:18:27.226Z] OrderImport: found 0 file(s)
[2026-06-18T20:18:27.226Z] OrderImport: nothing to do.
[2026-06-18T20:18:56.359Z] OrderImport daemon: cycle start
[2026-06-18T20:18:57.239Z] OrderImport: found 0 file(s)
[2026-06-18T20:18:57.239Z] OrderImport: nothing to do.
[2026-06-18T20:19:26.389Z] OrderImport daemon: cycle start
[2026-06-18T20:19:27.293Z] OrderImport: found 0 file(s)
[2026-06-18T20:19:27.293Z] OrderImport: nothing to do.
[2026-06-18T20:19:56.418Z] OrderImport daemon: cycle start
[2026-06-18T20:19:57.316Z] OrderImport: found 0 file(s)
[2026-06-18T20:19:57.316Z] OrderImport: nothing to do.
[2026-06-18T20:20:26.443Z] OrderImport daemon: cycle start
[2026-06-18T20:20:27.331Z] OrderImport: found 0 file(s)
[2026-06-18T20:20:27.331Z] OrderImport: nothing to do.
[2026-06-18T20:20:56.463Z] OrderImport daemon: cycle start
[2026-06-18T20:20:57.328Z] OrderImport: found 0 file(s)
[2026-06-18T20:20:57.328Z] OrderImport: nothing to do.
[2026-06-18T20:21:26.490Z] OrderImport daemon: cycle start
[2026-06-18T20:21:27.375Z] OrderImport: found 0 file(s)
[2026-06-18T20:21:27.375Z] OrderImport: nothing to do.
[2026-06-18T20:21:56.513Z] OrderImport daemon: cycle start
[2026-06-18T20:21:57.396Z] OrderImport: found 0 file(s)
[2026-06-18T20:21:57.396Z] OrderImport: nothing to do.
[2026-06-18T20:22:26.541Z] OrderImport daemon: cycle start
[2026-06-18T20:22:27.466Z] OrderImport: found 0 file(s)
[2026-06-18T20:22:27.466Z] OrderImport: nothing to do.
[2026-06-18T20:22:56.569Z] OrderImport daemon: cycle start
[2026-06-18T20:22:57.464Z] OrderImport: found 0 file(s)
[2026-06-18T20:22:57.464Z] OrderImport: nothing to do.
[2026-06-18T20:23:26.595Z] OrderImport daemon: cycle start
[2026-06-18T20:23:27.464Z] OrderImport: found 0 file(s)
[2026-06-18T20:23:27.464Z] OrderImport: nothing to do.
[2026-06-18T20:23:56.624Z] OrderImport daemon: cycle start
[2026-06-18T20:23:57.520Z] OrderImport: nothing to do.
[2026-06-18T20:23:57.520Z] OrderImport: found 0 file(s)
[2026-06-18T20:24:26.651Z] OrderImport daemon: cycle start
[2026-06-18T20:24:27.550Z] OrderImport: found 0 file(s)
[2026-06-18T20:24:27.550Z] OrderImport: nothing to do.
[2026-06-18T20:24:56.657Z] OrderImport daemon: cycle start
[2026-06-18T20:24:57.519Z] OrderImport: found 0 file(s)
[2026-06-18T20:24:57.519Z] OrderImport: nothing to do.
[2026-06-18T20:25:26.683Z] OrderImport daemon: cycle start
[2026-06-18T20:25:27.586Z] OrderImport: found 0 file(s)
[2026-06-18T20:25:27.586Z] OrderImport: nothing to do.
[2026-06-18T20:25:56.711Z] OrderImport daemon: cycle start
[2026-06-18T20:25:57.652Z] OrderImport: found 0 file(s)
[2026-06-18T20:25:57.652Z] OrderImport: nothing to do.
[2026-06-18T20:26:26.740Z] OrderImport daemon: cycle start
[2026-06-18T20:26:27.633Z] OrderImport: found 0 file(s)
[2026-06-18T20:26:27.633Z] OrderImport: nothing to do.
[2026-06-18T20:26:56.767Z] OrderImport daemon: cycle start
[2026-06-18T20:26:57.628Z] OrderImport: found 0 file(s)
[2026-06-18T20:26:57.628Z] OrderImport: nothing to do.
[2026-06-18T20:27:26.779Z] OrderImport daemon: cycle start
[2026-06-18T20:27:27.736Z] OrderImport: found 0 file(s)
[2026-06-18T20:27:27.736Z] OrderImport: nothing to do.
[2026-06-18T20:27:56.805Z] OrderImport daemon: cycle start
[2026-06-18T20:27:57.692Z] OrderImport: found 0 file(s)
[2026-06-18T20:27:57.692Z] OrderImport: nothing to do.
[2026-06-18T20:28:26.831Z] OrderImport daemon: cycle start
[2026-06-18T20:28:27.766Z] OrderImport: found 0 file(s)
[2026-06-18T20:28:27.766Z] OrderImport: nothing to do.
[2026-06-18T20:28:56.860Z] OrderImport daemon: cycle start
[2026-06-18T20:28:57.735Z] OrderImport: found 0 file(s)
[2026-06-18T20:28:57.735Z] OrderImport: nothing to do.
[2026-06-18T20:29:26.887Z] OrderImport daemon: cycle start
[2026-06-18T20:29:27.794Z] OrderImport: found 0 file(s)
[2026-06-18T20:29:27.794Z] OrderImport: nothing to do.
[2026-06-18T20:29:56.916Z] OrderImport daemon: cycle start
[2026-06-18T20:29:57.867Z] OrderImport: found 0 file(s)
[2026-06-18T20:29:57.867Z] OrderImport: nothing to do.
[2026-06-18T20:30:26.944Z] OrderImport daemon: cycle start
[2026-06-18T20:30:27.826Z] OrderImport: found 0 file(s)
[2026-06-18T20:30:27.826Z] OrderImport: nothing to do.
[2026-06-18T20:30:56.946Z] OrderImport daemon: cycle start
[2026-06-18T20:30:57.841Z] OrderImport: found 0 file(s)
[2026-06-18T20:30:57.841Z] OrderImport: nothing to do.
[2026-06-18T20:31:26.973Z] OrderImport daemon: cycle start
[2026-06-18T20:31:27.860Z] OrderImport: found 0 file(s)
[2026-06-18T20:31:27.860Z] OrderImport: nothing to do.
[2026-06-18T20:31:57.002Z] OrderImport daemon: cycle start
[2026-06-18T20:31:57.916Z] OrderImport: found 0 file(s)
[2026-06-18T20:31:57.916Z] OrderImport: nothing to do.
[2026-06-18T20:32:27.031Z] OrderImport daemon: cycle start
[2026-06-18T20:32:27.933Z] OrderImport: found 0 file(s)
[2026-06-18T20:32:27.934Z] OrderImport: nothing to do.
[2026-06-18T20:32:57.042Z] OrderImport daemon: cycle start
[2026-06-18T20:32:57.919Z] OrderImport: found 0 file(s)
[2026-06-18T20:32:57.919Z] OrderImport: nothing to do.
[2026-06-18T20:33:27.071Z] OrderImport daemon: cycle start
[2026-06-18T20:33:27.962Z] OrderImport: found 0 file(s)
[2026-06-18T20:33:27.962Z] OrderImport: nothing to do.
[2026-06-18T20:33:57.099Z] OrderImport daemon: cycle start
[2026-06-18T20:33:57.987Z] OrderImport: found 0 file(s)
[2026-06-18T20:33:57.987Z] OrderImport: nothing to do.
[2026-06-18T20:34:27.127Z] OrderImport daemon: cycle start
[2026-06-18T20:34:28.093Z] OrderImport: found 0 file(s)
[2026-06-18T20:34:28.093Z] OrderImport: nothing to do.
[2026-06-18T20:34:57.155Z] OrderImport daemon: cycle start
[2026-06-18T20:34:58.045Z] OrderImport: found 0 file(s)
[2026-06-18T20:34:58.045Z] OrderImport: nothing to do.
[2026-06-18T20:35:27.183Z] OrderImport daemon: cycle start
[2026-06-18T20:35:28.098Z] OrderImport: found 0 file(s)
[2026-06-18T20:35:28.098Z] OrderImport: nothing to do.
[2026-06-18T20:35:57.211Z] OrderImport daemon: cycle start
[2026-06-18T20:35:58.105Z] OrderImport: found 0 file(s)
[2026-06-18T20:35:58.106Z] OrderImport: nothing to do.
[2026-06-18T20:36:27.239Z] OrderImport daemon: cycle start
[2026-06-18T20:36:28.102Z] OrderImport: found 0 file(s)
[2026-06-18T20:36:28.102Z] OrderImport: nothing to do.
[2026-06-18T20:36:57.267Z] OrderImport daemon: cycle start
[2026-06-18T20:36:58.207Z] OrderImport: found 0 file(s)
[2026-06-18T20:36:58.208Z] OrderImport: nothing to do.
[2026-06-18T20:37:27.294Z] OrderImport daemon: cycle start
[2026-06-18T20:37:28.315Z] OrderImport: found 0 file(s)
[2026-06-18T20:37:28.316Z] OrderImport: nothing to do.
[2026-06-18T20:37:57.319Z] OrderImport daemon: cycle start
[2026-06-18T20:37:58.272Z] OrderImport: found 0 file(s)
[2026-06-18T20:37:58.272Z] OrderImport: nothing to do.
[2026-06-18T20:38:27.343Z] OrderImport daemon: cycle start
[2026-06-18T20:38:28.261Z] OrderImport: found 0 file(s)
[2026-06-18T20:38:28.261Z] OrderImport: nothing to do.
[2026-06-18T20:38:57.371Z] OrderImport daemon: cycle start
[2026-06-18T20:38:58.246Z] OrderImport: found 0 file(s)
[2026-06-18T20:38:58.246Z] OrderImport: nothing to do.
[2026-06-18T20:39:27.399Z] OrderImport daemon: cycle start
[2026-06-18T20:39:28.348Z] OrderImport: found 0 file(s)
[2026-06-18T20:39:28.348Z] OrderImport: nothing to do.
[2026-06-18T20:39:57.427Z] OrderImport daemon: cycle start
[2026-06-18T20:39:58.293Z] OrderImport: found 0 file(s)
[2026-06-18T20:39:58.293Z] OrderImport: nothing to do.
[2026-06-18T20:40:27.455Z] OrderImport daemon: cycle start
[2026-06-18T20:40:28.352Z] OrderImport: found 0 file(s)
[2026-06-18T20:40:28.352Z] OrderImport: nothing to do.
[2026-06-18T20:40:57.484Z] OrderImport daemon: cycle start
[2026-06-18T20:40:58.449Z] OrderImport: found 0 file(s)
[2026-06-18T20:40:58.449Z] OrderImport: nothing to do.
[2026-06-18T20:41:27.511Z] OrderImport daemon: cycle start
[2026-06-18T20:41:28.412Z] OrderImport: found 0 file(s)
[2026-06-18T20:41:28.412Z] OrderImport: nothing to do.
[2026-06-18T20:41:57.531Z] OrderImport daemon: cycle start
[2026-06-18T20:41:58.425Z] OrderImport: found 0 file(s)
[2026-06-18T20:41:58.426Z] OrderImport: nothing to do.
[2026-06-18T20:42:27.559Z] OrderImport daemon: cycle start
[2026-06-18T20:42:28.459Z] OrderImport: found 0 file(s)
[2026-06-18T20:42:28.459Z] OrderImport: nothing to do.
[2026-06-18T20:42:57.587Z] OrderImport daemon: cycle start
[2026-06-18T20:42:58.495Z] OrderImport: found 0 file(s)
[2026-06-18T20:42:58.495Z] OrderImport: nothing to do.
[2026-06-18T20:43:27.615Z] OrderImport daemon: cycle start
[2026-06-18T20:43:28.520Z] OrderImport: found 0 file(s)
[2026-06-18T20:43:28.520Z] OrderImport: nothing to do.
[2026-06-18T20:43:57.639Z] OrderImport daemon: cycle start
[2026-06-18T20:43:58.548Z] OrderImport: found 0 file(s)
[2026-06-18T20:43:58.548Z] OrderImport: nothing to do.
[2026-06-18T20:44:27.658Z] OrderImport daemon: cycle start
[2026-06-18T20:44:28.545Z] OrderImport: found 0 file(s)
[2026-06-18T20:44:28.545Z] OrderImport: nothing to do.
[2026-06-18T20:44:57.686Z] OrderImport daemon: cycle start
[2026-06-18T20:44:58.594Z] OrderImport: found 0 file(s)
[2026-06-18T20:44:58.594Z] OrderImport: nothing to do.
[2026-06-18T20:45:27.689Z] OrderImport daemon: cycle start
[2026-06-18T20:45:28.644Z] OrderImport: found 0 file(s)
[2026-06-18T20:45:28.644Z] OrderImport: nothing to do.
[2026-06-18T20:45:57.715Z] OrderImport daemon: cycle start
[2026-06-18T20:45:58.595Z] OrderImport: found 0 file(s)
[2026-06-18T20:45:58.595Z] OrderImport: nothing to do.
[2026-06-18T20:46:27.743Z] OrderImport daemon: cycle start
[2026-06-18T20:46:28.629Z] OrderImport: nothing to do.
[2026-06-18T20:46:28.629Z] OrderImport: found 0 file(s)
[2026-06-18T20:46:57.771Z] OrderImport daemon: cycle start
[2026-06-18T20:46:58.682Z] OrderImport: found 0 file(s)
[2026-06-18T20:46:58.682Z] OrderImport: nothing to do.
[2026-06-18T20:47:27.793Z] OrderImport daemon: cycle start
[2026-06-18T20:47:28.733Z] OrderImport: found 0 file(s)
[2026-06-18T20:47:28.733Z] OrderImport: nothing to do.
[2026-06-18T20:47:57.817Z] OrderImport daemon: cycle start
[2026-06-18T20:47:58.711Z] OrderImport: found 0 file(s)
[2026-06-18T20:47:58.711Z] OrderImport: nothing to do.
[2026-06-18T20:48:27.824Z] OrderImport daemon: cycle start
[2026-06-18T20:48:28.716Z] OrderImport: found 0 file(s)
[2026-06-18T20:48:28.716Z] OrderImport: nothing to do.
[2026-06-18T20:48:57.850Z] OrderImport daemon: cycle start
[2026-06-18T20:48:58.724Z] OrderImport: found 0 file(s)
[2026-06-18T20:48:58.724Z] OrderImport: nothing to do.
[2026-06-18T20:49:27.855Z] OrderImport daemon: cycle start
[2026-06-18T20:49:28.739Z] OrderImport: found 0 file(s)
[2026-06-18T20:49:28.739Z] OrderImport: nothing to do.
[2026-06-18T20:49:57.862Z] OrderImport daemon: cycle start
[2026-06-18T20:49:58.753Z] OrderImport: found 0 file(s)
[2026-06-18T20:49:58.753Z] OrderImport: nothing to do.
[2026-06-18T20:50:27.882Z] OrderImport daemon: cycle start
[2026-06-18T20:50:28.763Z] OrderImport: found 0 file(s)
[2026-06-18T20:50:28.763Z] OrderImport: nothing to do.
[2026-06-18T20:50:57.890Z] OrderImport daemon: cycle start
[2026-06-18T20:50:58.793Z] OrderImport: found 0 file(s)
[2026-06-18T20:50:58.793Z] OrderImport: nothing to do.
[2026-06-18T20:51:27.906Z] OrderImport daemon: cycle start
[2026-06-18T20:51:28.843Z] OrderImport: nothing to do.
[2026-06-18T20:51:28.843Z] OrderImport: found 0 file(s)
[2026-06-18T20:51:57.935Z] OrderImport daemon: cycle start
[2026-06-18T20:51:58.842Z] OrderImport: found 0 file(s)
[2026-06-18T20:51:58.842Z] OrderImport: nothing to do.
[2026-06-18T20:52:27.963Z] OrderImport daemon: cycle start
[2026-06-18T20:52:28.839Z] OrderImport: found 0 file(s)
[2026-06-18T20:52:28.840Z] OrderImport: nothing to do.
[2026-06-18T20:52:57.992Z] OrderImport daemon: cycle start
[2026-06-18T20:52:58.878Z] OrderImport: found 0 file(s)
[2026-06-18T20:52:58.878Z] OrderImport: nothing to do.
[2026-06-18T20:53:28.019Z] OrderImport daemon: cycle start
[2026-06-18T20:53:28.920Z] OrderImport: nothing to do.
[2026-06-18T20:53:28.920Z] OrderImport: found 0 file(s)
[2026-06-18T20:53:58.047Z] OrderImport daemon: cycle start
[2026-06-18T20:53:58.929Z] OrderImport: found 0 file(s)
[2026-06-18T20:53:58.929Z] OrderImport: nothing to do.
[2026-06-18T20:54:28.075Z] OrderImport daemon: cycle start
[2026-06-18T20:54:28.955Z] OrderImport: found 0 file(s)
[2026-06-18T20:54:28.956Z] OrderImport: nothing to do.
[2026-06-18T20:54:58.104Z] OrderImport daemon: cycle start
[2026-06-18T20:54:59.046Z] OrderImport: found 0 file(s)
[2026-06-18T20:54:59.046Z] OrderImport: nothing to do.
[2026-06-18T20:55:28.131Z] OrderImport daemon: cycle start
[2026-06-18T20:55:29.009Z] OrderImport: found 0 file(s)
[2026-06-18T20:55:29.010Z] OrderImport: nothing to do.
[2026-06-18T20:55:58.159Z] OrderImport daemon: cycle start
[2026-06-18T20:55:59.038Z] OrderImport: found 0 file(s)
[2026-06-18T20:55:59.038Z] OrderImport: nothing to do.
[2026-06-18T20:56:28.179Z] OrderImport daemon: cycle start
[2026-06-18T20:56:29.099Z] OrderImport: found 0 file(s)
[2026-06-18T20:56:29.099Z] OrderImport: nothing to do.
[2026-06-18T20:56:58.207Z] OrderImport daemon: cycle start
[2026-06-18T20:56:59.088Z] OrderImport: found 0 file(s)
[2026-06-18T20:56:59.088Z] OrderImport: nothing to do.
[2026-06-18T20:57:28.235Z] OrderImport daemon: cycle start
[2026-06-18T20:57:29.148Z] OrderImport: found 0 file(s)
[2026-06-18T20:57:29.148Z] OrderImport: nothing to do.
[2026-06-18T20:57:58.252Z] OrderImport daemon: cycle start
[2026-06-18T20:57:59.132Z] OrderImport: found 0 file(s)
[2026-06-18T20:57:59.132Z] OrderImport: nothing to do.
[2026-06-18T20:58:28.281Z] OrderImport daemon: cycle start
[2026-06-18T20:58:29.161Z] OrderImport: found 0 file(s)
[2026-06-18T20:58:29.161Z] OrderImport: nothing to do.
[2026-06-18T20:58:58.307Z] OrderImport daemon: cycle start
[2026-06-18T20:58:59.188Z] OrderImport: found 0 file(s)
[2026-06-18T20:58:59.188Z] OrderImport: nothing to do.
[2026-06-18T20:59:28.336Z] OrderImport daemon: cycle start
[2026-06-18T20:59:29.242Z] OrderImport: found 0 file(s)
[2026-06-18T20:59:29.242Z] OrderImport: nothing to do.
[2026-06-18T20:59:58.364Z] OrderImport daemon: cycle start
[2026-06-18T20:59:59.262Z] OrderImport: found 0 file(s)
[2026-06-18T20:59:59.262Z] OrderImport: nothing to do.
[2026-06-18T21:00:28.391Z] OrderImport daemon: cycle start
[2026-06-18T21:00:29.306Z] OrderImport: found 0 file(s)
[2026-06-18T21:00:29.306Z] OrderImport: nothing to do.
[2026-06-18T21:00:58.420Z] OrderImport daemon: cycle start
[2026-06-18T21:00:59.319Z] OrderImport: found 0 file(s)
[2026-06-18T21:00:59.319Z] OrderImport: nothing to do.
[2026-06-18T21:01:28.447Z] OrderImport daemon: cycle start
[2026-06-18T21:01:29.375Z] OrderImport: found 0 file(s)
[2026-06-18T21:01:29.375Z] OrderImport: nothing to do.
[2026-06-18T21:01:58.451Z] OrderImport daemon: cycle start
[2026-06-18T21:01:59.328Z] OrderImport: found 0 file(s)
[2026-06-18T21:01:59.329Z] OrderImport: nothing to do.
[2026-06-18T21:02:28.479Z] OrderImport daemon: cycle start
[2026-06-18T21:02:29.415Z] OrderImport: found 0 file(s)
[2026-06-18T21:02:29.415Z] OrderImport: nothing to do.
[2026-06-18T21:02:58.501Z] OrderImport daemon: cycle start
[2026-06-18T21:02:59.384Z] OrderImport: found 0 file(s)
[2026-06-18T21:02:59.384Z] OrderImport: nothing to do.
[2026-06-18T21:03:28.529Z] OrderImport daemon: cycle start
[2026-06-18T21:03:29.459Z] OrderImport: found 0 file(s)
[2026-06-18T21:03:29.459Z] OrderImport: nothing to do.
[2026-06-18T21:03:58.558Z] OrderImport daemon: cycle start
[2026-06-18T21:03:59.448Z] OrderImport: found 0 file(s)
[2026-06-18T21:03:59.448Z] OrderImport: nothing to do.
[2026-06-18T21:04:28.560Z] OrderImport daemon: cycle start
[2026-06-18T21:04:29.458Z] OrderImport: found 0 file(s)
[2026-06-18T21:04:29.458Z] OrderImport: nothing to do.
[2026-06-18T21:04:58.587Z] OrderImport daemon: cycle start
[2026-06-18T21:04:59.482Z] OrderImport: found 0 file(s)
[2026-06-18T21:04:59.482Z] OrderImport: nothing to do.
[2026-06-18T21:05:28.615Z] OrderImport daemon: cycle start
[2026-06-18T21:05:29.546Z] OrderImport: found 0 file(s)
[2026-06-18T21:05:29.546Z] OrderImport: nothing to do.
[2026-06-18T21:05:58.636Z] OrderImport daemon: cycle start
[2026-06-18T21:05:59.517Z] OrderImport: found 0 file(s)
[2026-06-18T21:05:59.517Z] OrderImport: nothing to do.
[2026-06-18T21:06:28.663Z] OrderImport daemon: cycle start
[2026-06-18T21:06:29.577Z] OrderImport: found 0 file(s)
[2026-06-18T21:06:29.578Z] OrderImport: nothing to do.
[2026-06-18T21:06:58.692Z] OrderImport daemon: cycle start
[2026-06-18T21:07:00.029Z] OrderImport: found 0 file(s)
[2026-06-18T21:07:00.029Z] OrderImport: nothing to do.
[2026-06-18T21:07:28.709Z] OrderImport daemon: cycle start
[2026-06-18T21:07:30.004Z] OrderImport: found 0 file(s)
[2026-06-18T21:07:30.004Z] OrderImport: nothing to do.
[2026-06-18T21:07:58.736Z] OrderImport daemon: cycle start
[2026-06-18T21:08:00.035Z] OrderImport: found 0 file(s)
[2026-06-18T21:08:00.035Z] OrderImport: nothing to do.
[2026-06-18T21:08:28.765Z] OrderImport daemon: cycle start
[2026-06-18T21:08:30.067Z] OrderImport: nothing to do.
[2026-06-18T21:08:30.067Z] OrderImport: found 0 file(s)
[2026-06-18T21:08:58.791Z] OrderImport daemon: cycle start
[2026-06-18T21:08:59.682Z] OrderImport: found 0 file(s)
[2026-06-18T21:08:59.682Z] OrderImport: nothing to do.
[2026-06-18T21:09:28.819Z] OrderImport daemon: cycle start
[2026-06-18T21:09:29.717Z] OrderImport: found 0 file(s)
[2026-06-18T21:09:29.718Z] OrderImport: nothing to do.
[2026-06-18T21:09:58.847Z] OrderImport daemon: cycle start
[2026-06-18T21:09:59.722Z] OrderImport: found 0 file(s)
[2026-06-18T21:09:59.722Z] OrderImport: nothing to do.
[2026-06-18T21:10:28.871Z] OrderImport daemon: cycle start
[2026-06-18T21:10:29.760Z] OrderImport: found 0 file(s)
[2026-06-18T21:10:29.760Z] OrderImport: nothing to do.
[2026-06-18T21:10:58.899Z] OrderImport daemon: cycle start
[2026-06-18T21:10:59.789Z] OrderImport: found 0 file(s)
[2026-06-18T21:10:59.789Z] OrderImport: nothing to do.
[2026-06-18T21:11:28.926Z] OrderImport daemon: cycle start
[2026-06-18T21:11:29.821Z] OrderImport: found 0 file(s)
[2026-06-18T21:11:29.821Z] OrderImport: nothing to do.
[2026-06-18T21:11:58.951Z] OrderImport daemon: cycle start
[2026-06-18T21:11:59.831Z] OrderImport: found 0 file(s)
[2026-06-18T21:11:59.831Z] OrderImport: nothing to do.
[2026-06-18T21:12:28.979Z] OrderImport daemon: cycle start
[2026-06-18T21:12:29.838Z] OrderImport: found 0 file(s)
[2026-06-18T21:12:29.838Z] OrderImport: nothing to do.
[2026-06-18T21:12:59.007Z] OrderImport daemon: cycle start
[2026-06-18T21:12:59.883Z] OrderImport: found 0 file(s)
[2026-06-18T21:12:59.883Z] OrderImport: nothing to do.
[2026-06-18T21:13:29.015Z] OrderImport daemon: cycle start
[2026-06-18T21:13:29.903Z] OrderImport: found 0 file(s)
[2026-06-18T21:13:29.903Z] OrderImport: nothing to do.
[2026-06-18T21:13:59.043Z] OrderImport daemon: cycle start
[2026-06-18T21:13:59.927Z] OrderImport: found 0 file(s)
[2026-06-18T21:13:59.927Z] OrderImport: nothing to do.
[2026-06-18T21:14:29.062Z] OrderImport daemon: cycle start
[2026-06-18T21:14:29.966Z] OrderImport: found 0 file(s)
[2026-06-18T21:14:29.967Z] OrderImport: nothing to do.
[2026-06-18T21:14:59.087Z] OrderImport daemon: cycle start
[2026-06-18T21:15:00.022Z] OrderImport: found 0 file(s)
[2026-06-18T21:15:00.022Z] OrderImport: nothing to do.
[2026-06-18T21:15:29.115Z] OrderImport daemon: cycle start
[2026-06-18T21:15:30.014Z] OrderImport: found 0 file(s)
[2026-06-18T21:15:30.014Z] OrderImport: nothing to do.
[2026-06-18T21:15:59.127Z] OrderImport daemon: cycle start
[2026-06-18T21:16:00.059Z] OrderImport: found 0 file(s)
[2026-06-18T21:16:00.059Z] OrderImport: nothing to do.
[2026-06-18T21:16:29.151Z] OrderImport daemon: cycle start
[2026-06-18T21:16:30.114Z] OrderImport: found 0 file(s)
[2026-06-18T21:16:30.114Z] OrderImport: nothing to do.
[2026-06-18T21:16:59.180Z] OrderImport daemon: cycle start
[2026-06-18T21:17:00.119Z] OrderImport: found 0 file(s)
[2026-06-18T21:17:00.119Z] OrderImport: nothing to do.
[2026-06-18T21:17:29.210Z] OrderImport daemon: cycle start
[2026-06-18T21:17:30.182Z] OrderImport: found 0 file(s)
[2026-06-18T21:17:30.183Z] OrderImport: nothing to do.
[2026-06-18T21:17:59.235Z] OrderImport daemon: cycle start
[2026-06-18T21:18:00.161Z] OrderImport: found 0 file(s)
[2026-06-18T21:18:00.161Z] OrderImport: nothing to do.
[2026-06-18T21:18:29.263Z] OrderImport daemon: cycle start
[2026-06-18T21:18:30.198Z] OrderImport: found 0 file(s)
[2026-06-18T21:18:30.198Z] OrderImport: nothing to do.
[2026-06-18T21:18:59.286Z] OrderImport daemon: cycle start
[2026-06-18T21:19:00.183Z] OrderImport: found 0 file(s)
[2026-06-18T21:19:00.183Z] OrderImport: nothing to do.
[2026-06-18T21:19:29.307Z] OrderImport daemon: cycle start
[2026-06-18T21:19:30.186Z] OrderImport: found 0 file(s)
[2026-06-18T21:19:30.186Z] OrderImport: nothing to do.
[2026-06-18T21:19:59.335Z] OrderImport daemon: cycle start
[2026-06-18T21:20:00.386Z] OrderImport: found 0 file(s)
[2026-06-18T21:20:00.386Z] OrderImport: nothing to do.
[2026-06-18T21:20:29.363Z] OrderImport daemon: cycle start
[2026-06-18T21:20:30.278Z] OrderImport: found 0 file(s)
[2026-06-18T21:20:30.278Z] OrderImport: nothing to do.
[2026-06-18T21:20:59.391Z] OrderImport daemon: cycle start
[2026-06-18T21:21:00.278Z] OrderImport: found 0 file(s)
[2026-06-18T21:21:00.278Z] OrderImport: nothing to do.
[2026-06-18T21:21:29.419Z] OrderImport daemon: cycle start
[2026-06-18T21:21:30.357Z] OrderImport: found 0 file(s)
[2026-06-18T21:21:30.357Z] OrderImport: nothing to do.
[2026-06-18T21:21:59.447Z] OrderImport daemon: cycle start
[2026-06-18T21:22:00.366Z] OrderImport: found 0 file(s)
[2026-06-18T21:22:00.366Z] OrderImport: nothing to do.
[2026-06-18T21:22:29.475Z] OrderImport daemon: cycle start
[2026-06-18T21:22:30.764Z] OrderImport: found 0 file(s)
[2026-06-18T21:22:30.764Z] OrderImport: nothing to do.
[2026-06-18T21:22:59.495Z] OrderImport daemon: cycle start
[2026-06-18T21:23:00.833Z] OrderImport: found 0 file(s)
[2026-06-18T21:23:00.833Z] OrderImport: nothing to do.
[2026-06-18T21:23:29.523Z] OrderImport daemon: cycle start
[2026-06-18T21:23:30.867Z] OrderImport: found 0 file(s)
[2026-06-18T21:23:30.867Z] OrderImport: nothing to do.
[2026-06-18T21:23:59.551Z] OrderImport daemon: cycle start
[2026-06-18T21:24:00.924Z] OrderImport: found 0 file(s)
[2026-06-18T21:24:00.924Z] OrderImport: nothing to do.
[2026-06-18T21:24:29.560Z] OrderImport daemon: cycle start
[2026-06-18T21:24:30.892Z] OrderImport: found 0 file(s)
[2026-06-18T21:24:30.892Z] OrderImport: nothing to do.
[2026-06-18T21:24:59.572Z] OrderImport daemon: cycle start
[2026-06-18T21:25:00.985Z] OrderImport: found 0 file(s)
[2026-06-18T21:25:00.985Z] OrderImport: nothing to do.
[2026-06-18T21:25:29.600Z] OrderImport daemon: cycle start
[2026-06-18T21:25:30.509Z] OrderImport: found 0 file(s)
[2026-06-18T21:25:30.509Z] OrderImport: nothing to do.
[2026-06-18T21:25:59.627Z] OrderImport daemon: cycle start
[2026-06-18T21:26:00.509Z] OrderImport: found 0 file(s)
[2026-06-18T21:26:00.509Z] OrderImport: nothing to do.
[2026-06-18T21:26:29.655Z] OrderImport daemon: cycle start
[2026-06-18T21:26:30.573Z] OrderImport: found 0 file(s)
[2026-06-18T21:26:30.573Z] OrderImport: nothing to do.
[2026-06-18T21:26:59.671Z] OrderImport daemon: cycle start
[2026-06-18T21:27:00.538Z] OrderImport: found 0 file(s)
[2026-06-18T21:27:00.538Z] OrderImport: nothing to do.
[2026-06-18T21:27:29.699Z] OrderImport daemon: cycle start
[2026-06-18T21:27:30.569Z] OrderImport: found 0 file(s)
[2026-06-18T21:27:30.569Z] OrderImport: nothing to do.
[2026-06-18T21:27:59.728Z] OrderImport daemon: cycle start
[2026-06-18T21:28:00.637Z] OrderImport: found 0 file(s)
[2026-06-18T21:28:00.637Z] OrderImport: nothing to do.
[2026-06-18T21:28:29.752Z] OrderImport daemon: cycle start
[2026-06-18T21:28:30.626Z] OrderImport: found 0 file(s)
[2026-06-18T21:28:30.626Z] OrderImport: nothing to do.
[2026-06-18T21:28:59.781Z] OrderImport daemon: cycle start
[2026-06-18T21:29:00.695Z] OrderImport: found 0 file(s)
[2026-06-18T21:29:00.695Z] OrderImport: nothing to do.
[2026-06-18T21:29:29.809Z] OrderImport daemon: cycle start
[2026-06-18T21:29:30.725Z] OrderImport: found 0 file(s)
[2026-06-18T21:29:30.725Z] OrderImport: nothing to do.
[2026-06-18T21:29:59.836Z] OrderImport daemon: cycle start
[2026-06-18T21:30:00.957Z] OrderImport: found 0 file(s)
[2026-06-18T21:30:00.957Z] OrderImport: nothing to do.
[2026-06-18T21:30:29.865Z] OrderImport daemon: cycle start
[2026-06-18T21:30:30.764Z] OrderImport: found 0 file(s)
[2026-06-18T21:30:30.764Z] OrderImport: nothing to do.
[2026-06-18T21:30:59.891Z] OrderImport daemon: cycle start
[2026-06-18T21:31:00.857Z] OrderImport: found 0 file(s)
[2026-06-18T21:31:00.857Z] OrderImport: nothing to do.
[2026-06-18T21:31:29.919Z] OrderImport daemon: cycle start
[2026-06-18T21:31:30.818Z] OrderImport: found 0 file(s)
[2026-06-18T21:31:30.818Z] OrderImport: nothing to do.
[2026-06-18T21:31:59.942Z] OrderImport daemon: cycle start
[2026-06-18T21:32:00.832Z] OrderImport: found 0 file(s)
[2026-06-18T21:32:00.832Z] OrderImport: nothing to do.
[2026-06-18T21:32:29.963Z] OrderImport daemon: cycle start
[2026-06-18T21:32:30.862Z] OrderImport: found 0 file(s)
[2026-06-18T21:32:30.862Z] OrderImport: nothing to do.
[2026-06-18T21:32:59.964Z] OrderImport daemon: cycle start
[2026-06-18T21:33:00.838Z] OrderImport: found 0 file(s)
[2026-06-18T21:33:00.838Z] OrderImport: nothing to do.
[2026-06-18T21:33:29.991Z] OrderImport daemon: cycle start
[2026-06-18T21:33:30.889Z] OrderImport: found 0 file(s)
[2026-06-18T21:33:30.889Z] OrderImport: nothing to do.
[2026-06-18T21:34:00.020Z] OrderImport daemon: cycle start
[2026-06-18T21:34:00.946Z] OrderImport: found 0 file(s)
[2026-06-18T21:34:00.946Z] OrderImport: nothing to do.
[2026-06-18T21:34:30.048Z] OrderImport daemon: cycle start
[2026-06-18T21:34:30.962Z] OrderImport: found 0 file(s)
[2026-06-18T21:34:30.962Z] OrderImport: nothing to do.
[2026-06-18T21:35:00.059Z] OrderImport daemon: cycle start
[2026-06-18T21:35:01.077Z] OrderImport: found 0 file(s)
[2026-06-18T21:35:01.077Z] OrderImport: nothing to do.
[2026-06-18T21:35:30.087Z] OrderImport daemon: cycle start
[2026-06-18T21:35:31.045Z] OrderImport: found 0 file(s)
[2026-06-18T21:35:31.045Z] OrderImport: nothing to do.
[2026-06-18T21:36:00.097Z] OrderImport daemon: cycle start
[2026-06-18T21:36:01.005Z] OrderImport: found 0 file(s)
[2026-06-18T21:36:01.005Z] OrderImport: nothing to do.
[2026-06-18T21:36:30.126Z] OrderImport daemon: cycle start
[2026-06-18T21:36:31.020Z] OrderImport: found 0 file(s)
[2026-06-18T21:36:31.020Z] OrderImport: nothing to do.
[2026-06-18T21:37:00.154Z] OrderImport daemon: cycle start
[2026-06-18T21:37:01.045Z] OrderImport: found 0 file(s)
[2026-06-18T21:37:01.045Z] OrderImport: nothing to do.
[2026-06-18T21:37:30.177Z] OrderImport daemon: cycle start
[2026-06-18T21:37:31.166Z] OrderImport: found 0 file(s)
[2026-06-18T21:37:31.166Z] OrderImport: nothing to do.
[2026-06-18T21:38:00.203Z] OrderImport daemon: cycle start
[2026-06-18T21:38:01.105Z] OrderImport: found 0 file(s)
[2026-06-18T21:38:01.105Z] OrderImport: nothing to do.
[2026-06-18T21:38:30.231Z] OrderImport daemon: cycle start
[2026-06-18T21:38:31.295Z] OrderImport: found 0 file(s)
[2026-06-18T21:38:31.295Z] OrderImport: nothing to do.
[2026-06-18T21:39:00.259Z] OrderImport daemon: cycle start
[2026-06-18T21:39:01.159Z] OrderImport: found 0 file(s)
[2026-06-18T21:39:01.159Z] OrderImport: nothing to do.
[2026-06-18T21:39:30.269Z] OrderImport daemon: cycle start
[2026-06-18T21:39:31.169Z] OrderImport: found 0 file(s)
[2026-06-18T21:39:31.169Z] OrderImport: nothing to do.
[2026-06-18T21:40:00.276Z] OrderImport daemon: cycle start
[2026-06-18T21:40:01.309Z] OrderImport: found 0 file(s)
[2026-06-18T21:40:01.309Z] OrderImport: nothing to do.
[2026-06-18T21:40:30.303Z] OrderImport daemon: cycle start
[2026-06-18T21:40:31.201Z] OrderImport: found 0 file(s)
[2026-06-18T21:40:31.201Z] OrderImport: nothing to do.
[2026-06-18T21:41:00.325Z] OrderImport daemon: cycle start
[2026-06-18T21:41:01.229Z] OrderImport: found 0 file(s)
[2026-06-18T21:41:01.229Z] OrderImport: nothing to do.
[2026-06-18T21:41:30.327Z] OrderImport daemon: cycle start
[2026-06-18T21:41:31.243Z] OrderImport: found 0 file(s)
[2026-06-18T21:41:31.243Z] OrderImport: nothing to do.
[2026-06-18T21:42:00.356Z] OrderImport daemon: cycle start
[2026-06-18T21:42:01.246Z] OrderImport: found 0 file(s)
[2026-06-18T21:42:01.246Z] OrderImport: nothing to do.
[2026-06-18T21:42:30.383Z] OrderImport daemon: cycle start
[2026-06-18T21:42:31.336Z] OrderImport: found 0 file(s)
[2026-06-18T21:42:31.336Z] OrderImport: nothing to do.
[2026-06-18T21:43:00.412Z] OrderImport daemon: cycle start
[2026-06-18T21:43:01.325Z] OrderImport: found 0 file(s)
[2026-06-18T21:43:01.325Z] OrderImport: nothing to do.
[2026-06-18T21:43:30.441Z] OrderImport daemon: cycle start
[2026-06-18T21:43:31.311Z] OrderImport: found 0 file(s)
[2026-06-18T21:43:31.311Z] OrderImport: nothing to do.
[2026-06-18T21:44:00.469Z] OrderImport daemon: cycle start
[2026-06-18T21:44:01.366Z] OrderImport: found 0 file(s)
[2026-06-18T21:44:01.366Z] OrderImport: nothing to do.
[2026-06-18T21:44:30.497Z] OrderImport daemon: cycle start
[2026-06-18T21:44:31.347Z] OrderImport: found 0 file(s)
[2026-06-18T21:44:31.347Z] OrderImport: nothing to do.
[2026-06-18T21:45:00.508Z] OrderImport daemon: cycle start
[2026-06-18T21:45:01.445Z] OrderImport: found 0 file(s)
[2026-06-18T21:45:01.445Z] OrderImport: nothing to do.
[2026-06-18T21:45:30.538Z] OrderImport daemon: cycle start
[2026-06-18T21:45:31.532Z] OrderImport: found 0 file(s)
[2026-06-18T21:45:31.532Z] OrderImport: nothing to do.
[2026-06-18T21:46:00.539Z] OrderImport daemon: cycle start
[2026-06-18T21:46:01.453Z] OrderImport: found 0 file(s)
[2026-06-18T21:46:01.453Z] OrderImport: nothing to do.
[2026-06-18T21:46:30.553Z] OrderImport daemon: cycle start
[2026-06-18T21:46:31.438Z] OrderImport: nothing to do.
[2026-06-18T21:46:31.438Z] OrderImport: found 0 file(s)
[2026-06-18T21:47:00.569Z] OrderImport daemon: cycle start
[2026-06-18T21:47:01.469Z] OrderImport: found 0 file(s)
[2026-06-18T21:47:01.469Z] OrderImport: nothing to do.
[2026-06-18T21:47:30.595Z] OrderImport daemon: cycle start
[2026-06-18T21:47:31.545Z] OrderImport: found 0 file(s)
[2026-06-18T21:47:31.546Z] OrderImport: nothing to do.
[2026-06-18T21:48:00.619Z] OrderImport daemon: cycle start
[2026-06-18T21:48:01.533Z] OrderImport: found 0 file(s)
[2026-06-18T21:48:01.533Z] OrderImport: nothing to do.
[2026-06-18T21:48:30.647Z] OrderImport daemon: cycle start
[2026-06-18T21:48:31.528Z] OrderImport: found 0 file(s)
[2026-06-18T21:48:31.528Z] OrderImport: nothing to do.
[2026-06-18T21:49:00.648Z] OrderImport daemon: cycle start
[2026-06-18T21:49:01.520Z] OrderImport: found 0 file(s)
[2026-06-18T21:49:01.520Z] OrderImport: nothing to do.
[2026-06-18T21:49:30.676Z] OrderImport daemon: cycle start
[2026-06-18T21:49:31.552Z] OrderImport: found 0 file(s)
[2026-06-18T21:49:31.552Z] OrderImport: nothing to do.
[2026-06-18T21:50:00.705Z] OrderImport daemon: cycle start
[2026-06-18T21:50:01.685Z] OrderImport: found 0 file(s)
[2026-06-18T21:50:01.685Z] OrderImport: nothing to do.
[2026-06-18T21:50:30.715Z] OrderImport daemon: cycle start
[2026-06-18T21:50:31.634Z] OrderImport: found 0 file(s)
[2026-06-18T21:50:31.635Z] OrderImport: nothing to do.
[2026-06-18T21:51:00.728Z] OrderImport daemon: cycle start
[2026-06-18T21:51:01.631Z] OrderImport: found 0 file(s)
[2026-06-18T21:51:01.632Z] OrderImport: nothing to do.
[2026-06-18T21:51:30.738Z] OrderImport daemon: cycle start
[2026-06-18T21:51:31.625Z] OrderImport: found 0 file(s)
[2026-06-18T21:51:31.626Z] OrderImport: nothing to do.
[2026-06-18T21:52:00.753Z] OrderImport daemon: cycle start
[2026-06-18T21:52:01.676Z] OrderImport: found 0 file(s)
[2026-06-18T21:52:01.676Z] OrderImport: nothing to do.
[2026-06-18T21:52:30.779Z] OrderImport daemon: cycle start
[2026-06-18T21:52:31.663Z] OrderImport: found 0 file(s)
[2026-06-18T21:52:31.663Z] OrderImport: nothing to do.
[2026-06-18T21:53:00.807Z] OrderImport daemon: cycle start
[2026-06-18T21:53:01.722Z] OrderImport: found 0 file(s)
[2026-06-18T21:53:01.722Z] OrderImport: nothing to do.
[2026-06-18T21:53:30.836Z] OrderImport daemon: cycle start
[2026-06-18T21:53:31.715Z] OrderImport: found 0 file(s)
[2026-06-18T21:53:31.716Z] OrderImport: nothing to do.
[2026-06-18T21:54:00.863Z] OrderImport daemon: cycle start
[2026-06-18T21:54:01.808Z] OrderImport: found 0 file(s)
[2026-06-18T21:54:01.808Z] OrderImport: nothing to do.
[2026-06-18T21:54:30.891Z] OrderImport daemon: cycle start
[2026-06-18T21:54:31.792Z] OrderImport: nothing to do.
[2026-06-18T21:54:31.792Z] OrderImport: found 0 file(s)
[2026-06-18T21:55:00.920Z] OrderImport daemon: cycle start
[2026-06-18T21:55:01.859Z] OrderImport: found 0 file(s)
[2026-06-18T21:55:01.859Z] OrderImport: nothing to do.
[2026-06-18T21:55:30.942Z] OrderImport daemon: cycle start
[2026-06-18T21:55:31.884Z] OrderImport: found 0 file(s)
[2026-06-18T21:55:31.884Z] OrderImport: nothing to do.
[2026-06-18T21:56:00.967Z] OrderImport daemon: cycle start
[2026-06-18T21:56:01.914Z] OrderImport: found 0 file(s)
[2026-06-18T21:56:01.914Z] OrderImport: nothing to do.
[2026-06-18T21:56:30.995Z] OrderImport daemon: cycle start
[2026-06-18T21:56:31.914Z] OrderImport: found 0 file(s)
[2026-06-18T21:56:31.914Z] OrderImport: nothing to do.
[2026-06-18T21:57:01.012Z] OrderImport daemon: cycle start
[2026-06-18T21:57:01.957Z] OrderImport: found 0 file(s)
[2026-06-18T21:57:01.957Z] OrderImport: nothing to do.
[2026-06-18T21:57:31.039Z] OrderImport daemon: cycle start
[2026-06-18T21:57:31.991Z] OrderImport: found 0 file(s)
[2026-06-18T21:57:31.991Z] OrderImport: nothing to do.
[2026-06-18T21:58:01.067Z] OrderImport daemon: cycle start
[2026-06-18T21:58:01.998Z] OrderImport: found 0 file(s)
[2026-06-18T21:58:01.998Z] OrderImport: nothing to do.
[2026-06-18T21:58:31.068Z] OrderImport daemon: cycle start
[2026-06-18T21:58:31.979Z] OrderImport: found 0 file(s)
[2026-06-18T21:58:31.979Z] OrderImport: nothing to do.
[2026-06-18T21:59:01.095Z] OrderImport daemon: cycle start
[2026-06-18T21:59:02.030Z] OrderImport: found 0 file(s)
[2026-06-18T21:59:02.030Z] OrderImport: nothing to do.
[2026-06-18T21:59:31.123Z] OrderImport daemon: cycle start
[2026-06-18T21:59:32.022Z] OrderImport: found 0 file(s)
[2026-06-18T21:59:32.022Z] OrderImport: nothing to do.
[2026-06-18T22:00:01.151Z] OrderImport daemon: cycle start
[2026-06-18T22:00:02.262Z] OrderImport: found 0 file(s)
[2026-06-18T22:00:02.262Z] OrderImport: nothing to do.
[2026-06-18T22:00:31.180Z] OrderImport daemon: cycle start
[2026-06-18T22:00:32.119Z] OrderImport: found 0 file(s)
[2026-06-18T22:00:32.119Z] OrderImport: nothing to do.
[2026-06-18T22:01:01.207Z] OrderImport daemon: cycle start
[2026-06-18T22:01:02.173Z] OrderImport: found 0 file(s)
[2026-06-18T22:01:02.173Z] OrderImport: nothing to do.
[2026-06-18T22:01:31.235Z] OrderImport daemon: cycle start
[2026-06-18T22:01:32.157Z] OrderImport: found 0 file(s)
[2026-06-18T22:01:32.157Z] OrderImport: nothing to do.
[2026-06-18T22:02:01.263Z] OrderImport daemon: cycle start
[2026-06-18T22:02:02.244Z] OrderImport: found 0 file(s)
[2026-06-18T22:02:02.244Z] OrderImport: nothing to do.
[2026-06-18T22:02:31.280Z] OrderImport daemon: cycle start
[2026-06-18T22:02:32.210Z] OrderImport: found 0 file(s)
[2026-06-18T22:02:32.210Z] OrderImport: nothing to do.
[2026-06-18T22:03:01.290Z] OrderImport daemon: cycle start
[2026-06-18T22:03:02.216Z] OrderImport: found 0 file(s)
[2026-06-18T22:03:02.216Z] OrderImport: nothing to do.
[2026-06-18T22:03:31.309Z] OrderImport daemon: cycle start
[2026-06-18T22:03:32.187Z] OrderImport: found 0 file(s)
[2026-06-18T22:03:32.187Z] OrderImport: nothing to do.
[2026-06-18T22:04:01.322Z] OrderImport daemon: cycle start
[2026-06-18T22:04:02.221Z] OrderImport: found 0 file(s)
[2026-06-18T22:04:02.221Z] OrderImport: nothing to do.
[2026-06-18T22:04:31.323Z] OrderImport daemon: cycle start
[2026-06-18T22:04:32.195Z] OrderImport: found 0 file(s)
[2026-06-18T22:04:32.195Z] OrderImport: nothing to do.
[2026-06-18T22:05:01.340Z] OrderImport daemon: cycle start
[2026-06-18T22:05:02.408Z] OrderImport: nothing to do.
[2026-06-18T22:05:02.408Z] OrderImport: found 0 file(s)
[2026-06-18T22:05:31.367Z] OrderImport daemon: cycle start
[2026-06-18T22:05:32.286Z] OrderImport: found 0 file(s)
[2026-06-18T22:05:32.286Z] OrderImport: nothing to do.
[2026-06-18T22:06:01.394Z] OrderImport daemon: cycle start
[2026-06-18T22:06:02.296Z] OrderImport: found 0 file(s)
[2026-06-18T22:06:02.296Z] OrderImport: nothing to do.
[2026-06-18T22:06:31.419Z] OrderImport daemon: cycle start
[2026-06-18T22:06:32.318Z] OrderImport: found 0 file(s)
[2026-06-18T22:06:32.318Z] OrderImport: nothing to do.
[2026-06-18T22:07:01.447Z] OrderImport daemon: cycle start
[2026-06-18T22:07:02.366Z] OrderImport: found 0 file(s)
[2026-06-18T22:07:02.366Z] OrderImport: nothing to do.
[2026-06-18T22:07:31.475Z] OrderImport daemon: cycle start
[2026-06-18T22:07:32.378Z] OrderImport: found 0 file(s)
[2026-06-18T22:07:32.378Z] OrderImport: nothing to do.
[2026-06-18T22:08:01.498Z] OrderImport daemon: cycle start
[2026-06-18T22:08:02.393Z] OrderImport: found 0 file(s)
[2026-06-18T22:08:02.393Z] OrderImport: nothing to do.
[2026-06-18T22:08:31.523Z] OrderImport daemon: cycle start
[2026-06-18T22:08:32.460Z] OrderImport: found 0 file(s)
[2026-06-18T22:08:32.460Z] OrderImport: nothing to do.
[2026-06-18T22:09:01.551Z] OrderImport daemon: cycle start
[2026-06-18T22:09:02.469Z] OrderImport: found 0 file(s)
[2026-06-18T22:09:02.469Z] OrderImport: nothing to do.
[2026-06-18T22:09:31.579Z] OrderImport daemon: cycle start
[2026-06-18T22:09:32.495Z] OrderImport: found 0 file(s)
[2026-06-18T22:09:32.496Z] OrderImport: nothing to do.
[2026-06-18T22:10:01.607Z] OrderImport daemon: cycle start
[2026-06-18T22:10:02.642Z] OrderImport: found 0 file(s)
[2026-06-18T22:10:02.642Z] OrderImport: nothing to do.
[2026-06-18T22:10:31.609Z] OrderImport daemon: cycle start
[2026-06-18T22:10:32.507Z] OrderImport: found 0 file(s)
[2026-06-18T22:10:32.508Z] OrderImport: nothing to do.
[2026-06-18T22:11:01.635Z] OrderImport daemon: cycle start
[2026-06-18T22:11:02.514Z] OrderImport: nothing to do.
[2026-06-18T22:11:02.514Z] OrderImport: found 0 file(s)
[2026-06-18T22:11:31.657Z] OrderImport daemon: cycle start
[2026-06-18T22:11:32.564Z] OrderImport: nothing to do.
[2026-06-18T22:11:32.564Z] OrderImport: found 0 file(s)
[2026-06-18T22:12:01.683Z] OrderImport daemon: cycle start
[2026-06-18T22:12:02.650Z] OrderImport: found 0 file(s)
[2026-06-18T22:12:02.650Z] OrderImport: nothing to do.
[2026-06-18T22:12:31.688Z] OrderImport daemon: cycle start
[2026-06-18T22:12:32.599Z] OrderImport: found 0 file(s)
[2026-06-18T22:12:32.599Z] OrderImport: nothing to do.
[2026-06-18T22:13:01.689Z] OrderImport daemon: cycle start
[2026-06-18T22:13:02.597Z] OrderImport: found 0 file(s)
[2026-06-18T22:13:02.597Z] OrderImport: nothing to do.
[2026-06-18T22:13:31.715Z] OrderImport daemon: cycle start
[2026-06-18T22:13:32.586Z] OrderImport: found 0 file(s)
[2026-06-18T22:13:32.586Z] OrderImport: nothing to do.
[2026-06-18T22:14:01.716Z] OrderImport daemon: cycle start
[2026-06-18T22:14:02.652Z] OrderImport: found 0 file(s)
[2026-06-18T22:14:02.653Z] OrderImport: nothing to do.
[2026-06-18T22:14:31.744Z] OrderImport daemon: cycle start
[2026-06-18T22:14:32.692Z] OrderImport: found 0 file(s)
[2026-06-18T22:14:32.692Z] OrderImport: nothing to do.
[2026-06-18T22:15:01.771Z] OrderImport daemon: cycle start
[2026-06-18T22:15:02.793Z] OrderImport: found 0 file(s)
[2026-06-18T22:15:02.793Z] OrderImport: nothing to do.
[2026-06-18T22:15:31.799Z] OrderImport daemon: cycle start
[2026-06-18T22:15:32.687Z] OrderImport: found 0 file(s)
[2026-06-18T22:15:32.687Z] OrderImport: nothing to do.
[2026-06-18T22:16:01.827Z] OrderImport daemon: cycle start
[2026-06-18T22:16:02.716Z] OrderImport: found 0 file(s)
[2026-06-18T22:16:02.716Z] OrderImport: nothing to do.
[2026-06-18T22:16:31.855Z] OrderImport daemon: cycle start
[2026-06-18T22:16:32.753Z] OrderImport: found 0 file(s)
[2026-06-18T22:16:32.753Z] OrderImport: nothing to do.
[2026-06-18T22:17:01.881Z] OrderImport daemon: cycle start
[2026-06-18T22:17:02.785Z] OrderImport: found 0 file(s)
[2026-06-18T22:17:02.785Z] OrderImport: nothing to do.
[2026-06-18T22:17:31.881Z] OrderImport daemon: cycle start
[2026-06-18T22:17:32.740Z] OrderImport: found 0 file(s)
[2026-06-18T22:17:32.740Z] OrderImport: nothing to do.
[2026-06-18T22:18:01.909Z] OrderImport daemon: cycle start
[2026-06-18T22:18:02.830Z] OrderImport: found 0 file(s)
[2026-06-18T22:18:02.830Z] OrderImport: nothing to do.
[2026-06-18T22:18:31.935Z] OrderImport daemon: cycle start
[2026-06-18T22:18:32.840Z] OrderImport: found 0 file(s)
[2026-06-18T22:18:32.840Z] OrderImport: nothing to do.
[2026-06-18T22:19:01.953Z] OrderImport daemon: cycle start
[2026-06-18T22:19:02.852Z] OrderImport: found 0 file(s)
[2026-06-18T22:19:02.852Z] OrderImport: nothing to do.
[2026-06-18T22:19:31.979Z] OrderImport daemon: cycle start
[2026-06-18T22:19:32.846Z] OrderImport: found 0 file(s)
[2026-06-18T22:19:32.846Z] OrderImport: nothing to do.
[2026-06-18T22:20:02.007Z] OrderImport daemon: cycle start
[2026-06-18T22:20:02.967Z] OrderImport: found 0 file(s)
[2026-06-18T22:20:02.967Z] OrderImport: nothing to do.
[2026-06-18T22:20:32.032Z] OrderImport daemon: cycle start
[2026-06-18T22:20:32.918Z] OrderImport: found 0 file(s)
[2026-06-18T22:20:32.918Z] OrderImport: nothing to do.
[2026-06-18T22:21:02.059Z] OrderImport daemon: cycle start
[2026-06-18T22:21:02.979Z] OrderImport: found 0 file(s)
[2026-06-18T22:21:02.979Z] OrderImport: nothing to do.
[2026-06-18T22:21:32.088Z] OrderImport daemon: cycle start
[2026-06-18T22:21:32.996Z] OrderImport: found 0 file(s)
[2026-06-18T22:21:32.996Z] OrderImport: nothing to do.
[2026-06-18T22:22:02.116Z] OrderImport daemon: cycle start
[2026-06-18T22:22:02.994Z] OrderImport: found 0 file(s)
[2026-06-18T22:22:02.994Z] OrderImport: nothing to do.
[2026-06-18T22:22:32.141Z] OrderImport daemon: cycle start
[2026-06-18T22:22:33.049Z] OrderImport: found 0 file(s)
[2026-06-18T22:22:33.049Z] OrderImport: nothing to do.
[2026-06-18T22:23:02.167Z] OrderImport daemon: cycle start
[2026-06-18T22:23:03.075Z] OrderImport: found 0 file(s)
[2026-06-18T22:23:03.075Z] OrderImport: nothing to do.
[2026-06-18T22:23:32.195Z] OrderImport daemon: cycle start
[2026-06-18T22:23:33.085Z] OrderImport: found 0 file(s)
[2026-06-18T22:23:33.085Z] OrderImport: nothing to do.
[2026-06-18T22:24:02.224Z] OrderImport daemon: cycle start
[2026-06-18T22:24:03.140Z] OrderImport: found 0 file(s)
[2026-06-18T22:24:03.140Z] OrderImport: nothing to do.
[2026-06-18T22:24:32.238Z] OrderImport daemon: cycle start
[2026-06-18T22:24:33.171Z] OrderImport: found 0 file(s)
[2026-06-18T22:24:33.171Z] OrderImport: nothing to do.
[2026-06-18T22:25:02.267Z] OrderImport daemon: cycle start
[2026-06-18T22:25:03.254Z] OrderImport: found 0 file(s)
[2026-06-18T22:25:03.254Z] OrderImport: nothing to do.
[2026-06-18T22:25:32.291Z] OrderImport daemon: cycle start
[2026-06-18T22:25:33.194Z] OrderImport: found 0 file(s)
[2026-06-18T22:25:33.194Z] OrderImport: nothing to do.
[2026-06-18T22:26:02.319Z] OrderImport daemon: cycle start
[2026-06-18T22:26:03.190Z] OrderImport: found 0 file(s)
[2026-06-18T22:26:03.190Z] OrderImport: nothing to do.
[2026-06-18T22:26:32.348Z] OrderImport daemon: cycle start
[2026-06-18T22:26:33.277Z] OrderImport: found 0 file(s)
[2026-06-18T22:26:33.277Z] OrderImport: nothing to do.
[2026-06-18T22:27:02.377Z] OrderImport daemon: cycle start
[2026-06-18T22:27:03.276Z] OrderImport: found 0 file(s)
[2026-06-18T22:27:03.276Z] OrderImport: nothing to do.
[2026-06-18T22:27:32.404Z] OrderImport daemon: cycle start
[2026-06-18T22:27:33.287Z] OrderImport: found 0 file(s)
[2026-06-18T22:27:33.287Z] OrderImport: nothing to do.
[2026-06-18T22:28:02.431Z] OrderImport daemon: cycle start
[2026-06-18T22:28:03.337Z] OrderImport: found 0 file(s)
[2026-06-18T22:28:03.337Z] OrderImport: nothing to do.
[2026-06-18T22:28:32.459Z] OrderImport daemon: cycle start
[2026-06-18T22:28:33.358Z] OrderImport: found 0 file(s)
[2026-06-18T22:28:33.358Z] OrderImport: nothing to do.
[2026-06-18T22:29:02.483Z] OrderImport daemon: cycle start
[2026-06-18T22:29:03.387Z] OrderImport: found 0 file(s)
[2026-06-18T22:29:03.387Z] OrderImport: nothing to do.
[2026-06-18T22:29:32.494Z] OrderImport daemon: cycle start
[2026-06-18T22:29:33.387Z] OrderImport: found 0 file(s)
[2026-06-18T22:29:33.387Z] OrderImport: nothing to do.
[2026-06-18T22:30:02.523Z] OrderImport daemon: cycle start
[2026-06-18T22:30:03.614Z] OrderImport: found 0 file(s)
[2026-06-18T22:30:03.614Z] OrderImport: nothing to do.
[2026-06-18T22:30:32.551Z] OrderImport daemon: cycle start
[2026-06-18T22:30:33.464Z] OrderImport: nothing to do.
[2026-06-18T22:30:33.464Z] OrderImport: found 0 file(s)
[2026-06-18T22:31:02.579Z] OrderImport daemon: cycle start
[2026-06-18T22:31:03.509Z] OrderImport: found 0 file(s)
[2026-06-18T22:31:03.509Z] OrderImport: nothing to do.
[2026-06-18T22:31:32.579Z] OrderImport daemon: cycle start
[2026-06-18T22:31:33.526Z] OrderImport: found 0 file(s)
[2026-06-18T22:31:33.526Z] OrderImport: nothing to do.
[2026-06-18T22:32:02.607Z] OrderImport daemon: cycle start
[2026-06-18T22:32:03.530Z] OrderImport: found 0 file(s)
[2026-06-18T22:32:03.530Z] OrderImport: nothing to do.
[2026-06-18T22:32:32.635Z] OrderImport daemon: cycle start
[2026-06-18T22:32:33.536Z] OrderImport: found 0 file(s)
[2026-06-18T22:32:33.536Z] OrderImport: nothing to do.
[2026-06-18T22:33:02.650Z] OrderImport daemon: cycle start
[2026-06-18T22:33:03.672Z] OrderImport: found 0 file(s)
[2026-06-18T22:33:03.672Z] OrderImport: nothing to do.
[2026-06-18T22:33:32.672Z] OrderImport daemon: cycle start
[2026-06-18T22:33:33.567Z] OrderImport: found 0 file(s)
[2026-06-18T22:33:33.567Z] OrderImport: nothing to do.
[2026-06-18T22:34:02.691Z] OrderImport daemon: cycle start
[2026-06-18T22:34:03.613Z] OrderImport: found 0 file(s)
[2026-06-18T22:34:03.613Z] OrderImport: nothing to do.
[2026-06-18T22:34:32.719Z] OrderImport daemon: cycle start
[2026-06-18T22:34:33.676Z] OrderImport: found 0 file(s)
[2026-06-18T22:34:33.676Z] OrderImport: nothing to do.
[2026-06-18T22:35:02.747Z] OrderImport daemon: cycle start
[2026-06-18T22:35:03.804Z] OrderImport: found 0 file(s)
[2026-06-18T22:35:03.804Z] OrderImport: nothing to do.
[2026-06-18T22:35:32.772Z] OrderImport daemon: cycle start
[2026-06-18T22:35:33.678Z] OrderImport: found 0 file(s)
[2026-06-18T22:35:33.678Z] OrderImport: nothing to do.
[2026-06-18T22:36:02.799Z] OrderImport daemon: cycle start
[2026-06-18T22:36:03.748Z] OrderImport: found 0 file(s)
[2026-06-18T22:36:03.750Z] OrderImport: nothing to do.
[2026-06-18T22:36:32.828Z] OrderImport daemon: cycle start
[2026-06-18T22:36:33.750Z] OrderImport: found 0 file(s)
[2026-06-18T22:36:33.750Z] OrderImport: nothing to do.
[2026-06-18T22:37:02.840Z] OrderImport daemon: cycle start
[2026-06-18T22:37:03.760Z] OrderImport: found 0 file(s)
[2026-06-18T22:37:03.760Z] OrderImport: nothing to do.
[2026-06-18T22:37:32.859Z] OrderImport daemon: cycle start
[2026-06-18T22:37:33.771Z] OrderImport: found 0 file(s)
[2026-06-18T22:37:33.771Z] OrderImport: nothing to do.
[2026-06-18T22:38:02.888Z] OrderImport daemon: cycle start
[2026-06-18T22:38:03.775Z] OrderImport: found 0 file(s)
[2026-06-18T22:38:03.775Z] OrderImport: nothing to do.
[2026-06-18T22:38:32.888Z] OrderImport daemon: cycle start
[2026-06-18T22:38:33.777Z] OrderImport: found 0 file(s)
[2026-06-18T22:38:33.777Z] OrderImport: nothing to do.
[2026-06-18T22:39:02.915Z] OrderImport daemon: cycle start
[2026-06-18T22:39:03.820Z] OrderImport: found 0 file(s)
[2026-06-18T22:39:03.820Z] OrderImport: nothing to do.
[2026-06-18T22:39:32.943Z] OrderImport daemon: cycle start
[2026-06-18T22:39:33.826Z] OrderImport: found 0 file(s)
[2026-06-18T22:39:33.826Z] OrderImport: nothing to do.
[2026-06-18T22:40:02.952Z] OrderImport daemon: cycle start
[2026-06-18T22:40:04.078Z] OrderImport: found 0 file(s)
[2026-06-18T22:40:04.079Z] OrderImport: nothing to do.
[2026-06-18T22:40:32.972Z] OrderImport daemon: cycle start
[2026-06-18T22:40:33.863Z] OrderImport: found 0 file(s)
[2026-06-18T22:40:33.864Z] OrderImport: nothing to do.
[2026-06-18T22:41:02.996Z] OrderImport daemon: cycle start
[2026-06-18T22:41:03.990Z] OrderImport: found 0 file(s)
[2026-06-18T22:41:03.990Z] OrderImport: nothing to do.
[2026-06-18T22:41:33.020Z] OrderImport daemon: cycle start
[2026-06-18T22:41:33.898Z] OrderImport: found 0 file(s)
[2026-06-18T22:41:33.898Z] OrderImport: nothing to do.
[2026-06-18T22:42:03.020Z] OrderImport daemon: cycle start
[2026-06-18T22:42:03.894Z] OrderImport: found 0 file(s)
[2026-06-18T22:42:03.894Z] OrderImport: nothing to do.
[2026-06-18T22:42:33.047Z] OrderImport daemon: cycle start
[2026-06-18T22:42:33.941Z] OrderImport: found 0 file(s)
[2026-06-18T22:42:33.941Z] OrderImport: nothing to do.
[2026-06-18T22:43:03.076Z] OrderImport daemon: cycle start
[2026-06-18T22:43:03.951Z] OrderImport: found 0 file(s)
[2026-06-18T22:43:03.951Z] OrderImport: nothing to do.
[2026-06-18T22:43:33.103Z] OrderImport daemon: cycle start
[2026-06-18T22:47:30.099Z] OrderImport daemon: cycle error: EHOSTDOWN: host is down, mkdir '/mnt/eform/data/orders-in/incoming'
[2026-06-18T22:47:33.275Z] OrderImport daemon: cycle start
[2026-06-18T22:48:24.369Z] OrderImport daemon: cycle error: EHOSTDOWN: host is down, mkdir '/mnt/eform/data/orders-in/incoming'
[2026-06-18T22:48:33.306Z] OrderImport daemon: cycle start
[2026-06-18T22:49:24.528Z] OrderImport daemon: cycle error: EHOSTDOWN: host is down, mkdir '/mnt/eform/data/orders-in/incoming'
[2026-06-18T22:49:33.308Z] OrderImport daemon: cycle start
[2026-06-18T22:50:24.436Z] OrderImport daemon: cycle error: EHOSTDOWN: host is down, mkdir '/mnt/eform/data/orders-in/incoming'
[2026-06-18T22:50:33.335Z] OrderImport daemon: cycle start
[2026-06-18T22:51:24.596Z] OrderImport daemon: cycle error: EHOSTDOWN: host is down, mkdir '/mnt/eform/data/orders-in/incoming'
[2026-06-18T22:51:33.364Z] OrderImport daemon: cycle start
[2026-06-18T22:52:24.496Z] OrderImport daemon: cycle error: EHOSTDOWN: host is down, mkdir '/mnt/eform/data/orders-in/incoming'
[2026-06-18T22:52:33.399Z] OrderImport daemon: cycle start
[2026-06-18T22:53:24.656Z] OrderImport daemon: cycle error: EHOSTDOWN: host is down, mkdir '/mnt/eform/data/orders-in/incoming'
[2026-06-18T22:53:33.438Z] OrderImport daemon: cycle start
[2026-06-18T22:54:24.559Z] OrderImport daemon: cycle error: EHOSTDOWN: host is down, mkdir '/mnt/eform/data/orders-in/incoming'
[2026-06-18T22:54:33.453Z] OrderImport daemon: cycle start
[2026-06-18T22:55:24.464Z] OrderImport daemon: cycle error: EHOSTDOWN: host is down, mkdir '/mnt/eform/data/orders-in/incoming'
[2026-06-18T22:55:33.471Z] OrderImport daemon: cycle start
[2026-06-18T22:55:34.396Z] OrderImport: found 0 file(s)
[2026-06-18T22:55:34.396Z] OrderImport: nothing to do.
[2026-06-18T22:56:03.499Z] OrderImport daemon: cycle start
[2026-06-18T22:56:04.413Z] OrderImport: found 0 file(s)
[2026-06-18T22:56:04.413Z] OrderImport: nothing to do.
[2026-06-18T22:56:33.503Z] OrderImport daemon: cycle start
[2026-06-18T22:56:34.431Z] OrderImport: found 0 file(s)
[2026-06-18T22:56:34.431Z] OrderImport: nothing to do.
[2026-06-18T22:57:03.504Z] OrderImport daemon: cycle start
[2026-06-18T22:57:04.377Z] OrderImport: found 0 file(s)
[2026-06-18T22:57:04.377Z] OrderImport: nothing to do.
[2026-06-18T22:57:33.519Z] OrderImport daemon: cycle start
[2026-06-18T22:57:34.455Z] OrderImport: found 0 file(s)
[2026-06-18T22:57:34.455Z] OrderImport: nothing to do.
[2026-06-18T22:58:03.547Z] OrderImport daemon: cycle start
[2026-06-18T22:58:04.429Z] OrderImport: found 0 file(s)
[2026-06-18T22:58:04.429Z] OrderImport: nothing to do.
[2026-06-18T22:58:33.575Z] OrderImport daemon: cycle start
[2026-06-18T22:58:34.505Z] OrderImport: found 0 file(s)
[2026-06-18T22:58:34.505Z] OrderImport: nothing to do.
[2026-06-18T22:59:03.603Z] OrderImport daemon: cycle start
[2026-06-18T22:59:04.530Z] OrderImport: found 0 file(s)
[2026-06-18T22:59:04.530Z] OrderImport: nothing to do.
[2026-06-18T22:59:33.616Z] OrderImport daemon: cycle start
[2026-06-18T22:59:34.541Z] OrderImport: found 0 file(s)
[2026-06-18T22:59:34.541Z] OrderImport: nothing to do.
[2026-06-18T23:00:03.644Z] OrderImport daemon: cycle start
[2026-06-18T23:00:05.041Z] OrderImport: found 0 file(s)
[2026-06-18T23:00:05.041Z] OrderImport: nothing to do.
[2026-06-18T23:00:33.672Z] OrderImport daemon: cycle start
[2026-06-18T23:00:34.624Z] OrderImport: found 0 file(s)
[2026-06-18T23:00:34.624Z] OrderImport: nothing to do.
[2026-06-18T23:01:03.699Z] OrderImport daemon: cycle start
[2026-06-18T23:01:04.595Z] OrderImport: found 0 file(s)
[2026-06-18T23:01:04.595Z] OrderImport: nothing to do.
[2026-06-18T23:01:33.727Z] OrderImport daemon: cycle start
[2026-06-18T23:01:34.602Z] OrderImport: found 0 file(s)
[2026-06-18T23:01:34.602Z] OrderImport: nothing to do.
[2026-06-18T23:02:03.754Z] OrderImport daemon: cycle start
[2026-06-18T23:02:04.665Z] OrderImport: found 0 file(s)
[2026-06-18T23:02:04.665Z] OrderImport: nothing to do.
[2026-06-18T23:02:33.779Z] OrderImport daemon: cycle start
[2026-06-18T23:02:34.736Z] OrderImport: found 0 file(s)
[2026-06-18T23:02:34.736Z] OrderImport: nothing to do.
[2026-06-18T23:03:03.804Z] OrderImport daemon: cycle start
[2026-06-18T23:03:04.715Z] OrderImport: found 0 file(s)
[2026-06-18T23:03:04.716Z] OrderImport: nothing to do.
[2026-06-18T23:03:33.831Z] OrderImport daemon: cycle start
[2026-06-18T23:03:34.701Z] OrderImport: found 0 file(s)
[2026-06-18T23:03:34.701Z] OrderImport: nothing to do.
[2026-06-18T23:04:03.849Z] OrderImport daemon: cycle start
[2026-06-18T23:04:04.763Z] OrderImport: found 0 file(s)
[2026-06-18T23:04:04.763Z] OrderImport: nothing to do.
[2026-06-18T23:04:33.848Z] OrderImport daemon: cycle start
[2026-06-18T23:04:34.729Z] OrderImport: found 0 file(s)
[2026-06-18T23:04:34.729Z] OrderImport: nothing to do.
[2026-06-18T23:05:03.877Z] OrderImport daemon: cycle start
[2026-06-18T23:05:04.921Z] OrderImport: nothing to do.
[2026-06-18T23:05:04.920Z] OrderImport: found 0 file(s)
[2026-06-18T23:05:33.903Z] OrderImport daemon: cycle start
[2026-06-18T23:05:34.798Z] OrderImport: found 0 file(s)
[2026-06-18T23:05:34.798Z] OrderImport: nothing to do.
[2026-06-18T23:06:03.932Z] OrderImport daemon: cycle start
[2026-06-18T23:06:04.836Z] OrderImport: found 0 file(s)
[2026-06-18T23:06:04.836Z] OrderImport: nothing to do.
[2026-06-18T23:06:33.961Z] OrderImport daemon: cycle start
[2026-06-18T23:06:34.856Z] OrderImport: nothing to do.
[2026-06-18T23:06:34.856Z] OrderImport: found 0 file(s)
[2026-06-18T23:07:03.987Z] OrderImport daemon: cycle start
[2026-06-18T23:07:04.888Z] OrderImport: found 0 file(s)
[2026-06-18T23:07:04.888Z] OrderImport: nothing to do.
[2026-06-18T23:07:34.016Z] OrderImport daemon: cycle start
[2026-06-18T23:07:34.925Z] OrderImport: found 0 file(s)
[2026-06-18T23:07:34.925Z] OrderImport: nothing to do.
[2026-06-18T23:08:04.044Z] OrderImport daemon: cycle start
[2026-06-18T23:08:04.990Z] OrderImport: found 0 file(s)
[2026-06-18T23:08:04.991Z] OrderImport: nothing to do.
[2026-06-18T23:08:34.071Z] OrderImport daemon: cycle start
[2026-06-18T23:08:34.987Z] OrderImport: found 0 file(s)
[2026-06-18T23:08:34.987Z] OrderImport: nothing to do.
[2026-06-18T23:09:04.099Z] OrderImport daemon: cycle start
[2026-06-18T23:09:05.042Z] OrderImport: found 0 file(s)
[2026-06-18T23:09:05.042Z] OrderImport: nothing to do.
[2026-06-18T23:09:34.127Z] OrderImport daemon: cycle start
[2026-06-18T23:09:35.079Z] OrderImport: found 0 file(s)
[2026-06-18T23:09:35.079Z] OrderImport: nothing to do.
[2026-06-18T23:10:04.131Z] OrderImport daemon: cycle start
[2026-06-18T23:10:05.175Z] OrderImport: found 0 file(s)
[2026-06-18T23:10:05.175Z] OrderImport: nothing to do.
[2026-06-18T23:10:34.159Z] OrderImport daemon: cycle start
[2026-06-18T23:10:35.132Z] OrderImport: found 0 file(s)
[2026-06-18T23:10:35.132Z] OrderImport: nothing to do.
[2026-06-18T23:11:04.187Z] OrderImport daemon: cycle start
[2026-06-18T23:11:05.139Z] OrderImport: found 0 file(s)
[2026-06-18T23:11:05.140Z] OrderImport: nothing to do.
[2026-06-18T23:11:34.202Z] OrderImport daemon: cycle start
[2026-06-18T23:11:35.112Z] OrderImport: found 0 file(s)
[2026-06-18T23:11:35.112Z] OrderImport: nothing to do.
[2026-06-18T23:12:04.227Z] OrderImport daemon: cycle start
[2026-06-18T23:12:05.128Z] OrderImport: found 0 file(s)
[2026-06-18T23:12:05.128Z] OrderImport: nothing to do.
[2026-06-18T23:12:34.255Z] OrderImport daemon: cycle start
[2026-06-18T23:12:35.148Z] OrderImport: found 0 file(s)
[2026-06-18T23:12:35.148Z] OrderImport: nothing to do.
[2026-06-18T23:13:04.283Z] OrderImport daemon: cycle start
[2026-06-18T23:13:05.157Z] OrderImport: found 0 file(s)
[2026-06-18T23:13:05.157Z] OrderImport: nothing to do.
[2026-06-18T23:13:34.303Z] OrderImport daemon: cycle start
[2026-06-18T23:13:35.201Z] OrderImport: found 0 file(s)
[2026-06-18T23:13:35.201Z] OrderImport: nothing to do.
[2026-06-18T23:14:04.326Z] OrderImport daemon: cycle start
[2026-06-18T23:14:05.224Z] OrderImport: found 0 file(s)
[2026-06-18T23:14:05.224Z] OrderImport: nothing to do.
[2026-06-18T23:14:34.336Z] OrderImport daemon: cycle start
[2026-06-18T23:14:35.238Z] OrderImport: found 0 file(s)
[2026-06-18T23:14:35.238Z] OrderImport: nothing to do.
[2026-06-18T23:15:04.363Z] OrderImport daemon: cycle start
[2026-06-18T23:15:05.401Z] OrderImport: found 0 file(s)
[2026-06-18T23:15:05.401Z] OrderImport: nothing to do.
[2026-06-18T23:15:34.387Z] OrderImport daemon: cycle start
[2026-06-18T23:15:35.279Z] OrderImport: found 0 file(s)
[2026-06-18T23:15:35.279Z] OrderImport: nothing to do.
[2026-06-18T23:16:04.415Z] OrderImport daemon: cycle start
[2026-06-18T23:16:05.281Z] OrderImport: found 0 file(s)
[2026-06-18T23:16:05.281Z] OrderImport: nothing to do.
[2026-06-18T23:16:34.425Z] OrderImport daemon: cycle start
[2026-06-18T23:16:35.350Z] OrderImport: found 0 file(s)
[2026-06-18T23:16:35.350Z] OrderImport: nothing to do.
[2026-06-18T23:17:04.438Z] OrderImport daemon: cycle start
[2026-06-18T23:17:05.374Z] OrderImport: found 0 file(s)
[2026-06-18T23:17:05.374Z] OrderImport: nothing to do.
[2026-06-18T23:17:34.467Z] OrderImport daemon: cycle start
[2026-06-18T23:17:35.408Z] OrderImport: found 0 file(s)
[2026-06-18T23:17:35.408Z] OrderImport: nothing to do.
[2026-06-18T23:18:04.485Z] OrderImport daemon: cycle start
[2026-06-18T23:18:05.424Z] OrderImport: found 0 file(s)
[2026-06-18T23:18:05.424Z] OrderImport: nothing to do.
[2026-06-18T23:18:34.511Z] OrderImport daemon: cycle start
[2026-06-18T23:18:35.396Z] OrderImport: found 0 file(s)
[2026-06-18T23:18:35.396Z] OrderImport: nothing to do.
[2026-06-18T23:19:04.538Z] OrderImport daemon: cycle start
[2026-06-18T23:19:05.444Z] OrderImport: found 0 file(s)
[2026-06-18T23:19:05.445Z] OrderImport: nothing to do.
[2026-06-18T23:19:34.567Z] OrderImport daemon: cycle start
[2026-06-18T23:19:35.437Z] OrderImport: found 0 file(s)
[2026-06-18T23:19:35.437Z] OrderImport: nothing to do.
[2026-06-18T23:20:04.582Z] OrderImport daemon: cycle start
[2026-06-18T23:20:05.501Z] OrderImport: found 0 file(s)
[2026-06-18T23:20:05.501Z] OrderImport: nothing to do.
[2026-06-18T23:20:34.610Z] OrderImport daemon: cycle start
[2026-06-18T23:20:35.531Z] OrderImport: found 0 file(s)
[2026-06-18T23:20:35.531Z] OrderImport: nothing to do.
[2026-06-18T23:21:04.639Z] OrderImport daemon: cycle start
[2026-06-18T23:21:05.608Z] OrderImport: found 0 file(s)
[2026-06-18T23:21:05.609Z] OrderImport: nothing to do.
[2026-06-18T23:21:34.658Z] OrderImport daemon: cycle start
[2026-06-18T23:21:35.966Z] OrderImport: found 0 file(s)
[2026-06-18T23:21:35.966Z] OrderImport: nothing to do.
[2026-06-18T23:22:04.683Z] OrderImport daemon: cycle start
[2026-06-18T23:22:05.984Z] OrderImport: found 0 file(s)
[2026-06-18T23:22:05.984Z] OrderImport: nothing to do.
[2026-06-18T23:22:34.711Z] OrderImport daemon: cycle start
[2026-06-18T23:22:36.120Z] OrderImport: found 0 file(s)
[2026-06-18T23:22:36.121Z] OrderImport: nothing to do.
[2026-06-18T23:23:04.738Z] OrderImport daemon: cycle start
[2026-06-18T23:23:06.047Z] OrderImport: found 0 file(s)
[2026-06-18T23:23:06.047Z] OrderImport: nothing to do.
[2026-06-18T23:23:34.763Z] OrderImport daemon: cycle start
[2026-06-18T23:23:36.081Z] OrderImport: found 0 file(s)
[2026-06-18T23:23:36.081Z] OrderImport: nothing to do.
[2026-06-18T23:24:04.791Z] OrderImport daemon: cycle start
[2026-06-18T23:24:05.673Z] OrderImport: found 0 file(s)
[2026-06-18T23:24:05.673Z] OrderImport: nothing to do.
[2026-06-18T23:24:34.816Z] OrderImport daemon: cycle start
[2026-06-18T23:24:35.706Z] OrderImport: found 0 file(s)
[2026-06-18T23:24:35.707Z] OrderImport: nothing to do.
[2026-06-18T23:25:04.839Z] OrderImport daemon: cycle start
[2026-06-18T23:25:05.781Z] OrderImport: found 0 file(s)
[2026-06-18T23:25:05.781Z] OrderImport: nothing to do.
[2026-06-18T23:25:34.867Z] OrderImport daemon: cycle start
[2026-06-18T23:25:35.722Z] OrderImport: found 0 file(s)
[2026-06-18T23:25:35.722Z] OrderImport: nothing to do.
[2026-06-18T23:26:04.895Z] OrderImport daemon: cycle start
[2026-06-18T23:26:05.794Z] OrderImport: found 0 file(s)
[2026-06-18T23:26:05.794Z] OrderImport: nothing to do.
[2026-06-18T23:26:34.923Z] OrderImport daemon: cycle start
[2026-06-18T23:26:35.839Z] OrderImport: found 0 file(s)
[2026-06-18T23:26:35.839Z] OrderImport: nothing to do.
[2026-06-18T23:27:04.951Z] OrderImport daemon: cycle start
[2026-06-18T23:27:05.818Z] OrderImport: found 0 file(s)
[2026-06-18T23:27:05.818Z] OrderImport: nothing to do.
[2026-06-18T23:27:34.979Z] OrderImport daemon: cycle start
[2026-06-18T23:27:35.875Z] OrderImport: found 0 file(s)
[2026-06-18T23:27:35.875Z] OrderImport: nothing to do.
[2026-06-18T23:28:05.007Z] OrderImport daemon: cycle start
[2026-06-18T23:28:05.916Z] OrderImport: found 0 file(s)
[2026-06-18T23:28:05.916Z] OrderImport: nothing to do.
[2026-06-18T23:28:35.035Z] OrderImport daemon: cycle start
[2026-06-18T23:28:35.909Z] OrderImport: found 0 file(s)
[2026-06-18T23:28:35.909Z] OrderImport: nothing to do.
[2026-06-18T23:29:05.056Z] OrderImport daemon: cycle start
[2026-06-18T23:29:05.943Z] OrderImport: nothing to do.
[2026-06-18T23:29:05.943Z] OrderImport: found 0 file(s)
[2026-06-18T23:29:35.083Z] OrderImport daemon: cycle start
[2026-06-18T23:29:35.955Z] OrderImport: found 0 file(s)
[2026-06-18T23:29:35.955Z] OrderImport: nothing to do.
[2026-06-18T23:30:05.087Z] OrderImport daemon: cycle start
[2026-06-18T23:30:06.245Z] OrderImport: found 0 file(s)
[2026-06-18T23:30:06.245Z] OrderImport: nothing to do.
[2026-06-18T23:30:35.089Z] OrderImport daemon: cycle start
[2026-06-18T23:30:36.028Z] OrderImport: found 0 file(s)
[2026-06-18T23:30:36.028Z] OrderImport: nothing to do.
[2026-06-18T23:31:05.116Z] OrderImport daemon: cycle start
[2026-06-18T23:31:06.003Z] OrderImport: found 0 file(s)
[2026-06-18T23:31:06.004Z] OrderImport: nothing to do.
[2026-06-18T23:31:35.144Z] OrderImport daemon: cycle start
[2026-06-18T23:31:36.013Z] OrderImport: found 0 file(s)
[2026-06-18T23:31:36.013Z] OrderImport: nothing to do.
[2026-06-18T23:32:05.167Z] OrderImport daemon: cycle start
[2026-06-18T23:32:06.022Z] OrderImport: found 0 file(s)
[2026-06-18T23:32:06.022Z] OrderImport: nothing to do.
[2026-06-18T23:32:35.196Z] OrderImport daemon: cycle start
[2026-06-18T23:32:36.081Z] OrderImport: found 0 file(s)
[2026-06-18T23:32:36.081Z] OrderImport: nothing to do.
[2026-06-18T23:33:05.207Z] OrderImport daemon: cycle start
[2026-06-18T23:33:06.139Z] OrderImport: found 0 file(s)
[2026-06-18T23:33:06.139Z] OrderImport: nothing to do.
[2026-06-18T23:33:35.231Z] OrderImport daemon: cycle start
[2026-06-18T23:33:36.136Z] OrderImport: found 0 file(s)
[2026-06-18T23:33:36.136Z] OrderImport: nothing to do.
[2026-06-18T23:34:05.259Z] OrderImport daemon: cycle start
[2026-06-18T23:34:06.179Z] OrderImport: found 0 file(s)
[2026-06-18T23:34:06.179Z] OrderImport: nothing to do.
[2026-06-18T23:34:35.288Z] OrderImport daemon: cycle start
[2026-06-18T23:34:36.222Z] OrderImport: found 0 file(s)
[2026-06-18T23:34:36.222Z] OrderImport: nothing to do.
[2026-06-18T23:35:05.288Z] OrderImport daemon: cycle start
[2026-06-18T23:35:06.214Z] OrderImport: found 0 file(s)
[2026-06-18T23:35:06.214Z] OrderImport: nothing to do.
[2026-06-18T23:35:35.311Z] OrderImport daemon: cycle start
[2026-06-18T23:35:36.307Z] OrderImport: found 0 file(s)
[2026-06-18T23:35:36.307Z] OrderImport: nothing to do.
[2026-06-18T23:36:05.340Z] OrderImport daemon: cycle start
[2026-06-18T23:36:06.261Z] OrderImport: found 0 file(s)
[2026-06-18T23:36:06.261Z] OrderImport: nothing to do.
[2026-06-18T23:36:35.367Z] OrderImport daemon: cycle start
[2026-06-18T23:36:36.283Z] OrderImport: found 0 file(s)
[2026-06-18T23:36:36.283Z] OrderImport: nothing to do.
[2026-06-18T23:37:05.395Z] OrderImport daemon: cycle start
[2026-06-18T23:37:06.314Z] OrderImport: found 0 file(s)
[2026-06-18T23:37:06.314Z] OrderImport: nothing to do.
[2026-06-18T23:37:35.423Z] OrderImport daemon: cycle start
[2026-06-18T23:37:36.352Z] OrderImport: found 0 file(s)
[2026-06-18T23:37:36.352Z] OrderImport: nothing to do.
[2026-06-18T23:38:05.452Z] OrderImport daemon: cycle start
[2026-06-18T23:38:06.351Z] OrderImport: found 0 file(s)
[2026-06-18T23:38:06.351Z] OrderImport: nothing to do.
[2026-06-18T23:38:35.480Z] OrderImport daemon: cycle start
[2026-06-18T23:38:36.393Z] OrderImport: found 0 file(s)
[2026-06-18T23:38:36.393Z] OrderImport: nothing to do.
[2026-06-18T23:39:05.504Z] OrderImport daemon: cycle start
[2026-06-18T23:39:06.419Z] OrderImport: found 0 file(s)
[2026-06-18T23:39:06.419Z] OrderImport: nothing to do.
[2026-06-18T23:39:35.506Z] OrderImport daemon: cycle start
[2026-06-18T23:39:36.405Z] OrderImport: found 0 file(s)
[2026-06-18T23:39:36.405Z] OrderImport: nothing to do.
[2026-06-18T23:40:05.535Z] OrderImport daemon: cycle start
[2026-06-18T23:40:06.420Z] OrderImport: found 0 file(s)
[2026-06-18T23:40:06.420Z] OrderImport: nothing to do.
[2026-06-18T23:40:35.557Z] OrderImport daemon: cycle start
[2026-06-18T23:40:36.459Z] OrderImport: found 0 file(s)
[2026-06-18T23:40:36.459Z] OrderImport: nothing to do.
[2026-06-18T23:41:05.585Z] OrderImport daemon: cycle start
[2026-06-18T23:41:06.486Z] OrderImport: found 0 file(s)
[2026-06-18T23:41:06.486Z] OrderImport: nothing to do.
[2026-06-18T23:41:35.598Z] OrderImport daemon: cycle start
[2026-06-18T23:41:36.918Z] OrderImport: found 0 file(s)
[2026-06-18T23:41:36.918Z] OrderImport: nothing to do.
[2026-06-18T23:42:05.625Z] OrderImport daemon: cycle start
[2026-06-18T23:42:06.927Z] OrderImport: found 0 file(s)
[2026-06-18T23:42:06.927Z] OrderImport: nothing to do.
[2026-06-18T23:42:35.651Z] OrderImport daemon: cycle start
[2026-06-18T23:42:36.961Z] OrderImport: found 0 file(s)
[2026-06-18T23:42:36.961Z] OrderImport: nothing to do.
[2026-06-18T23:43:05.680Z] OrderImport daemon: cycle start
[2026-06-18T23:43:06.997Z] OrderImport: found 0 file(s)
[2026-06-18T23:43:06.997Z] OrderImport: nothing to do.
[2026-06-18T23:43:35.707Z] OrderImport daemon: cycle start
[2026-06-18T23:43:37.027Z] OrderImport: found 0 file(s)
[2026-06-18T23:43:37.027Z] OrderImport: nothing to do.
[2026-06-18T23:44:05.712Z] OrderImport daemon: cycle start
[2026-06-18T23:44:07.011Z] OrderImport: found 0 file(s)
[2026-06-18T23:44:07.011Z] OrderImport: nothing to do.
[2026-06-18T23:44:35.739Z] OrderImport daemon: cycle start
[2026-06-18T23:44:37.068Z] OrderImport: found 0 file(s)
[2026-06-18T23:44:37.068Z] OrderImport: nothing to do.
[2026-06-18T23:45:05.762Z] OrderImport daemon: cycle start
[2026-06-18T23:45:07.164Z] OrderImport: found 0 file(s)
[2026-06-18T23:45:07.164Z] OrderImport: nothing to do.
[2026-06-18T23:45:35.788Z] OrderImport daemon: cycle start
[2026-06-18T23:45:37.088Z] OrderImport: found 0 file(s)
[2026-06-18T23:45:37.088Z] OrderImport: nothing to do.
[2026-06-18T23:46:05.815Z] OrderImport daemon: cycle start
[2026-06-18T23:46:06.705Z] OrderImport: found 0 file(s)
[2026-06-18T23:46:06.705Z] OrderImport: nothing to do.
[2026-06-18T23:46:35.845Z] OrderImport daemon: cycle start
[2026-06-18T23:46:36.773Z] OrderImport: found 0 file(s)
[2026-06-18T23:46:36.773Z] OrderImport: nothing to do.
[2026-06-18T23:47:05.856Z] OrderImport daemon: cycle start
[2026-06-18T23:47:06.785Z] OrderImport: found 0 file(s)
[2026-06-18T23:47:06.786Z] OrderImport: nothing to do.
[2026-06-18T23:47:35.883Z] OrderImport daemon: cycle start
[2026-06-18T23:47:36.764Z] OrderImport: found 0 file(s)
[2026-06-18T23:47:36.764Z] OrderImport: nothing to do.
[2026-06-18T23:48:05.911Z] OrderImport daemon: cycle start
[2026-06-18T23:48:06.789Z] OrderImport: found 0 file(s)
[2026-06-18T23:48:06.789Z] OrderImport: nothing to do.
[2026-06-18T23:48:35.933Z] OrderImport daemon: cycle start
[2026-06-18T23:48:36.830Z] OrderImport: found 0 file(s)
[2026-06-18T23:48:36.830Z] OrderImport: nothing to do.
[2026-06-18T23:49:05.953Z] OrderImport daemon: cycle start
[2026-06-18T23:49:06.824Z] OrderImport: found 0 file(s)
[2026-06-18T23:49:06.824Z] OrderImport: nothing to do.
[2026-06-18T23:49:35.975Z] OrderImport daemon: cycle start
[2026-06-18T23:49:36.881Z] OrderImport: found 0 file(s)
[2026-06-18T23:49:36.881Z] OrderImport: nothing to do.
[2026-06-18T23:50:05.999Z] OrderImport daemon: cycle start
[2026-06-18T23:50:06.954Z] OrderImport: found 0 file(s)
[2026-06-18T23:50:06.954Z] OrderImport: nothing to do.
[2026-06-18T23:50:36.023Z] OrderImport daemon: cycle start
[2026-06-18T23:50:36.931Z] OrderImport: found 0 file(s)
[2026-06-18T23:50:36.931Z] OrderImport: nothing to do.
[2026-06-18T23:51:06.051Z] OrderImport daemon: cycle start
[2026-06-18T23:51:06.968Z] OrderImport: found 0 file(s)
[2026-06-18T23:51:06.969Z] OrderImport: nothing to do.
[2026-06-18T23:51:36.079Z] OrderImport daemon: cycle start
[2026-06-18T23:51:36.938Z] OrderImport: found 0 file(s)
[2026-06-18T23:51:36.938Z] OrderImport: nothing to do.
[2026-06-18T23:52:06.107Z] OrderImport daemon: cycle start
[2026-06-18T23:52:07.018Z] OrderImport: found 0 file(s)
[2026-06-18T23:52:07.018Z] OrderImport: nothing to do.
[2026-06-18T23:52:36.128Z] OrderImport daemon: cycle start
[2026-06-18T23:52:37.020Z] OrderImport: found 0 file(s)
[2026-06-18T23:52:37.020Z] OrderImport: nothing to do.
[2026-06-18T23:53:06.156Z] OrderImport daemon: cycle start
[2026-06-18T23:53:07.073Z] OrderImport: found 0 file(s)
[2026-06-18T23:53:07.073Z] OrderImport: nothing to do.
[2026-06-18T23:53:36.183Z] OrderImport daemon: cycle start
[2026-06-18T23:53:37.099Z] OrderImport: found 0 file(s)
[2026-06-18T23:53:37.099Z] OrderImport: nothing to do.
[2026-06-18T23:54:06.195Z] OrderImport daemon: cycle start
[2026-06-18T23:54:07.127Z] OrderImport: found 0 file(s)
[2026-06-18T23:54:07.127Z] OrderImport: nothing to do.
[2026-06-18T23:54:36.214Z] OrderImport daemon: cycle start
[2026-06-18T23:54:37.134Z] OrderImport: found 0 file(s)
[2026-06-18T23:54:37.134Z] OrderImport: nothing to do.
[2026-06-18T23:55:06.242Z] OrderImport daemon: cycle start
[2026-06-18T23:55:07.185Z] OrderImport: found 0 file(s)
[2026-06-18T23:55:07.185Z] OrderImport: nothing to do.
[2026-06-18T23:55:36.271Z] OrderImport daemon: cycle start
[2026-06-18T23:55:37.161Z] OrderImport: found 0 file(s)
[2026-06-18T23:55:37.161Z] OrderImport: nothing to do.
[2026-06-18T23:56:06.296Z] OrderImport daemon: cycle start
[2026-06-18T23:56:07.180Z] OrderImport: found 0 file(s)
[2026-06-18T23:56:07.180Z] OrderImport: nothing to do.
[2026-06-18T23:56:36.323Z] OrderImport daemon: cycle start
[2026-06-18T23:56:37.210Z] OrderImport: found 0 file(s)
[2026-06-18T23:56:37.210Z] OrderImport: nothing to do.
[2026-06-18T23:57:06.352Z] OrderImport daemon: cycle start
[2026-06-18T23:57:07.253Z] OrderImport: found 0 file(s)
[2026-06-18T23:57:07.253Z] OrderImport: nothing to do.
[2026-06-18T23:57:36.368Z] OrderImport daemon: cycle start
[2026-06-18T23:57:37.237Z] OrderImport: found 0 file(s)
[2026-06-18T23:57:37.237Z] OrderImport: nothing to do.
[2026-06-18T23:58:06.395Z] OrderImport daemon: cycle start
[2026-06-18T23:58:07.278Z] OrderImport: found 0 file(s)
[2026-06-18T23:58:07.278Z] OrderImport: nothing to do.
[2026-06-18T23:58:36.415Z] OrderImport daemon: cycle start
[2026-06-18T23:58:37.329Z] OrderImport: nothing to do.
[2026-06-18T23:58:37.329Z] OrderImport: found 0 file(s)
[2026-06-18T23:59:06.425Z] OrderImport daemon: cycle start
[2026-06-18T23:59:07.360Z] OrderImport: found 0 file(s)
[2026-06-18T23:59:07.360Z] OrderImport: nothing to do.
[2026-06-18T23:59:36.437Z] OrderImport daemon: cycle start
[2026-06-18T23:59:37.379Z] OrderImport: found 0 file(s)
[2026-06-18T23:59:37.379Z] OrderImport: nothing to do.
[2026-06-19T00:00:06.461Z] OrderImport daemon: cycle start
[2026-06-19T00:00:07.516Z] OrderImport: found 0 file(s)
[2026-06-19T00:00:07.517Z] OrderImport: nothing to do.
[2026-06-19T00:00:36.477Z] OrderImport daemon: cycle start
[2026-06-19T00:00:37.397Z] OrderImport: found 0 file(s)
[2026-06-19T00:00:37.397Z] OrderImport: nothing to do.
[2026-06-19T00:01:06.503Z] OrderImport daemon: cycle start
[2026-06-19T00:01:07.425Z] OrderImport: found 0 file(s)
[2026-06-19T00:01:07.425Z] OrderImport: nothing to do.
[2026-06-19T00:01:36.531Z] OrderImport daemon: cycle start
[2026-06-19T00:01:37.446Z] OrderImport: found 0 file(s)
[2026-06-19T00:01:37.447Z] OrderImport: nothing to do.
[2026-06-19T00:02:06.558Z] OrderImport daemon: cycle start
[2026-06-19T00:02:07.420Z] OrderImport: found 0 file(s)
[2026-06-19T00:02:07.420Z] OrderImport: nothing to do.
[2026-06-19T00:02:36.587Z] OrderImport daemon: cycle start
[2026-06-19T00:02:37.475Z] OrderImport: found 0 file(s)
[2026-06-19T00:02:37.475Z] OrderImport: nothing to do.
[2026-06-19T00:03:06.615Z] OrderImport daemon: cycle start
[2026-06-19T00:03:07.529Z] OrderImport: nothing to do.
[2026-06-19T00:03:07.528Z] OrderImport: found 0 file(s)
[2026-06-19T00:03:36.643Z] OrderImport daemon: cycle start
[2026-06-19T00:03:37.527Z] OrderImport: found 0 file(s)
[2026-06-19T00:03:37.527Z] OrderImport: nothing to do.
[2026-06-19T00:04:06.652Z] OrderImport daemon: cycle start
[2026-06-19T00:04:07.593Z] OrderImport: found 0 file(s)
[2026-06-19T00:04:07.594Z] OrderImport: nothing to do.
[2026-06-19T00:04:36.679Z] OrderImport daemon: cycle start
[2026-06-19T00:04:37.699Z] OrderImport: found 0 file(s)
[2026-06-19T00:04:37.699Z] OrderImport: nothing to do.
[2026-06-19T00:05:06.707Z] OrderImport daemon: cycle start
[2026-06-19T00:05:07.615Z] OrderImport: found 0 file(s)
[2026-06-19T00:05:07.615Z] OrderImport: nothing to do.
[2026-06-19T00:05:36.735Z] OrderImport daemon: cycle start
[2026-06-19T00:05:37.667Z] OrderImport: found 0 file(s)
[2026-06-19T00:05:37.667Z] OrderImport: nothing to do.
[2026-06-19T00:06:06.763Z] OrderImport daemon: cycle start
[2026-06-19T00:06:07.664Z] OrderImport: found 0 file(s)
[2026-06-19T00:06:07.664Z] OrderImport: nothing to do.
[2026-06-19T00:06:36.791Z] OrderImport daemon: cycle start
[2026-06-19T00:06:37.689Z] OrderImport: found 0 file(s)
[2026-06-19T00:06:37.689Z] OrderImport: nothing to do.
[2026-06-19T00:07:06.811Z] OrderImport daemon: cycle start
[2026-06-19T00:07:07.692Z] OrderImport: found 0 file(s)
[2026-06-19T00:07:07.692Z] OrderImport: nothing to do.
[2026-06-19T00:07:36.839Z] OrderImport daemon: cycle start
[2026-06-19T00:07:37.709Z] OrderImport: found 0 file(s)
[2026-06-19T00:07:37.709Z] OrderImport: nothing to do.
[2026-06-19T00:08:06.865Z] OrderImport daemon: cycle start
[2026-06-19T00:08:07.754Z] OrderImport: found 0 file(s)
[2026-06-19T00:08:07.755Z] OrderImport: nothing to do.
[2026-06-19T00:08:36.878Z] OrderImport daemon: cycle start
[2026-06-19T00:08:37.763Z] OrderImport: found 0 file(s)
[2026-06-19T00:08:37.763Z] OrderImport: nothing to do.
[2026-06-19T00:09:06.907Z] OrderImport daemon: cycle start
[2026-06-19T00:09:07.784Z] OrderImport: found 0 file(s)
[2026-06-19T00:09:07.785Z] OrderImport: nothing to do.
[2026-06-19T00:09:36.923Z] OrderImport daemon: cycle start
[2026-06-19T00:09:37.798Z] OrderImport: found 0 file(s)
[2026-06-19T00:09:37.798Z] OrderImport: nothing to do.
[2026-06-19T00:10:06.952Z] OrderImport daemon: cycle start
[2026-06-19T00:10:07.854Z] OrderImport: found 0 file(s)
[2026-06-19T00:10:07.854Z] OrderImport: nothing to do.
[2026-06-19T00:10:36.979Z] OrderImport daemon: cycle start
[2026-06-19T00:10:37.876Z] OrderImport: found 0 file(s)
[2026-06-19T00:10:37.876Z] OrderImport: nothing to do.
[2026-06-19T00:11:07.007Z] OrderImport daemon: cycle start
[2026-06-19T00:11:07.871Z] OrderImport: found 0 file(s)
[2026-06-19T00:11:07.871Z] OrderImport: nothing to do.
[2026-06-19T00:11:37.035Z] OrderImport daemon: cycle start
[2026-06-19T00:11:37.936Z] OrderImport: found 0 file(s)
[2026-06-19T00:11:37.936Z] OrderImport: nothing to do.
[2026-06-19T00:12:07.063Z] OrderImport daemon: cycle start
[2026-06-19T00:12:07.967Z] OrderImport: found 0 file(s)
[2026-06-19T00:12:07.967Z] OrderImport: nothing to do.
[2026-06-19T00:12:37.091Z] OrderImport daemon: cycle start
[2026-06-19T00:12:38.037Z] OrderImport: found 0 file(s)
[2026-06-19T00:12:38.037Z] OrderImport: nothing to do.
[2026-06-19T00:13:07.120Z] OrderImport daemon: cycle start
[2026-06-19T00:13:08.025Z] OrderImport: found 0 file(s)
[2026-06-19T00:13:08.025Z] OrderImport: nothing to do.
[2026-06-19T00:13:37.148Z] OrderImport daemon: cycle start
[2026-06-19T00:13:38.043Z] OrderImport: found 0 file(s)
[2026-06-19T00:13:38.043Z] OrderImport: nothing to do.
[2026-06-19T00:14:07.176Z] OrderImport daemon: cycle start
[2026-06-19T00:14:08.116Z] OrderImport: found 0 file(s)
[2026-06-19T00:14:08.116Z] OrderImport: nothing to do.
[2026-06-19T00:14:37.201Z] OrderImport daemon: cycle start
[2026-06-19T00:14:38.091Z] OrderImport: found 0 file(s)
[2026-06-19T00:14:38.091Z] OrderImport: nothing to do.
[2026-06-19T00:15:07.229Z] OrderImport daemon: cycle start
[2026-06-19T00:15:08.332Z] OrderImport: found 0 file(s)
[2026-06-19T00:15:08.332Z] OrderImport: nothing to do.
[2026-06-19T00:15:37.234Z] OrderImport daemon: cycle start
[2026-06-19T00:15:38.133Z] OrderImport: found 0 file(s)
[2026-06-19T00:15:38.133Z] OrderImport: nothing to do.
[2026-06-19T00:16:07.263Z] OrderImport daemon: cycle start
[2026-06-19T00:16:08.150Z] OrderImport: found 0 file(s)
[2026-06-19T00:16:08.150Z] OrderImport: nothing to do.
[2026-06-19T00:16:37.292Z] OrderImport daemon: cycle start
[2026-06-19T00:16:38.218Z] OrderImport: found 0 file(s)
[2026-06-19T00:16:38.218Z] OrderImport: nothing to do.
[2026-06-19T00:17:07.319Z] OrderImport daemon: cycle start
[2026-06-19T00:17:08.202Z] OrderImport: nothing to do.
[2026-06-19T00:17:08.202Z] OrderImport: found 0 file(s)
[2026-06-19T00:17:37.347Z] OrderImport daemon: cycle start
[2026-06-19T00:17:38.261Z] OrderImport: found 0 file(s)
[2026-06-19T00:17:38.261Z] OrderImport: nothing to do.
[2026-06-19T00:18:07.365Z] OrderImport daemon: cycle start
[2026-06-19T00:18:08.233Z] OrderImport: found 0 file(s)
[2026-06-19T00:18:08.233Z] OrderImport: nothing to do.
[2026-06-19T00:18:37.391Z] OrderImport daemon: cycle start
[2026-06-19T00:18:38.329Z] OrderImport: found 0 file(s)
[2026-06-19T00:18:38.329Z] OrderImport: nothing to do.
[2026-06-19T00:19:07.419Z] OrderImport daemon: cycle start
[2026-06-19T00:19:08.354Z] OrderImport: found 0 file(s)
[2026-06-19T00:19:08.355Z] OrderImport: nothing to do.
[2026-06-19T00:19:37.447Z] OrderImport daemon: cycle start
[2026-06-19T00:19:38.361Z] OrderImport: found 0 file(s)
[2026-06-19T00:19:38.361Z] OrderImport: nothing to do.
[2026-06-19T00:20:07.467Z] OrderImport daemon: cycle start
[2026-06-19T00:20:08.375Z] OrderImport: found 0 file(s)
[2026-06-19T00:20:08.375Z] OrderImport: nothing to do.
[2026-06-19T00:20:37.495Z] OrderImport daemon: cycle start
[2026-06-19T00:20:38.393Z] OrderImport: found 0 file(s)
[2026-06-19T00:20:38.393Z] OrderImport: nothing to do.
[2026-06-19T00:21:07.505Z] OrderImport daemon: cycle start
[2026-06-19T00:21:08.413Z] OrderImport: found 0 file(s)
[2026-06-19T00:21:08.413Z] OrderImport: nothing to do.
[2026-06-19T00:21:37.534Z] OrderImport daemon: cycle start
[2026-06-19T00:21:38.462Z] OrderImport: found 0 file(s)
[2026-06-19T00:21:38.462Z] OrderImport: nothing to do.
[2026-06-19T00:22:07.558Z] OrderImport daemon: cycle start
[2026-06-19T00:22:08.466Z] OrderImport: found 0 file(s)
[2026-06-19T00:22:08.466Z] OrderImport: nothing to do.
[2026-06-19T00:22:37.586Z] OrderImport daemon: cycle start
[2026-06-19T00:22:38.498Z] OrderImport: found 0 file(s)
[2026-06-19T00:22:38.498Z] OrderImport: nothing to do.
[2026-06-19T00:23:07.615Z] OrderImport daemon: cycle start
[2026-06-19T00:23:08.504Z] OrderImport: found 0 file(s)
[2026-06-19T00:23:08.504Z] OrderImport: nothing to do.
[2026-06-19T00:23:37.629Z] OrderImport daemon: cycle start
[2026-06-19T00:23:38.545Z] OrderImport: found 0 file(s)
[2026-06-19T00:23:38.545Z] OrderImport: nothing to do.
[2026-06-19T00:24:07.657Z] OrderImport daemon: cycle start
[2026-06-19T00:24:08.567Z] OrderImport: found 0 file(s)
[2026-06-19T00:24:08.567Z] OrderImport: nothing to do.
[2026-06-19T00:24:37.683Z] OrderImport daemon: cycle start
[2026-06-19T00:24:38.565Z] OrderImport: found 0 file(s)
[2026-06-19T00:24:38.565Z] OrderImport: nothing to do.
[2026-06-19T00:25:07.711Z] OrderImport daemon: cycle start
[2026-06-19T00:25:08.645Z] OrderImport: found 0 file(s)
[2026-06-19T00:25:08.645Z] OrderImport: nothing to do.
[2026-06-19T00:25:37.735Z] OrderImport daemon: cycle start
[2026-06-19T00:25:38.652Z] OrderImport: found 0 file(s)
[2026-06-19T00:25:38.652Z] OrderImport: nothing to do.
[2026-06-19T00:26:07.763Z] OrderImport daemon: cycle start
[2026-06-19T00:26:08.671Z] OrderImport: found 0 file(s)
[2026-06-19T00:26:08.671Z] OrderImport: nothing to do.
[2026-06-19T00:26:37.764Z] OrderImport daemon: cycle start
[2026-06-19T00:26:38.669Z] OrderImport: found 0 file(s)
[2026-06-19T00:26:38.669Z] OrderImport: nothing to do.
[2026-06-19T00:27:07.791Z] OrderImport daemon: cycle start
[2026-06-19T00:27:08.674Z] OrderImport: found 0 file(s)
[2026-06-19T00:27:08.674Z] OrderImport: nothing to do.
[2026-06-19T00:27:37.819Z] OrderImport daemon: cycle start
[2026-06-19T00:27:38.770Z] OrderImport: found 0 file(s)
[2026-06-19T00:27:38.770Z] OrderImport: nothing to do.
[2026-06-19T00:28:07.847Z] OrderImport daemon: cycle start
[2026-06-19T00:28:08.771Z] OrderImport: found 0 file(s)
[2026-06-19T00:28:08.771Z] OrderImport: nothing to do.
[2026-06-19T00:28:37.859Z] OrderImport daemon: cycle start
[2026-06-19T00:28:38.727Z] OrderImport: found 0 file(s)
[2026-06-19T00:28:38.727Z] OrderImport: nothing to do.
[2026-06-19T00:29:07.887Z] OrderImport daemon: cycle start
[2026-06-19T00:29:08.773Z] OrderImport: found 0 file(s)
[2026-06-19T00:29:08.773Z] OrderImport: nothing to do.
[2026-06-19T00:29:37.915Z] OrderImport daemon: cycle start
[2026-06-19T00:29:38.787Z] OrderImport: found 0 file(s)
[2026-06-19T00:29:38.787Z] OrderImport: nothing to do.
[2026-06-19T00:30:07.943Z] OrderImport daemon: cycle start
[2026-06-19T00:30:08.974Z] OrderImport: found 0 file(s)
[2026-06-19T00:30:08.974Z] OrderImport: nothing to do.
[2026-06-19T00:30:37.969Z] OrderImport daemon: cycle start
[2026-06-19T00:30:38.900Z] OrderImport: found 0 file(s)
[2026-06-19T00:30:38.900Z] OrderImport: nothing to do.
[2026-06-19T00:31:07.992Z] OrderImport daemon: cycle start
[2026-06-19T00:31:08.883Z] OrderImport: found 0 file(s)
[2026-06-19T00:31:08.883Z] OrderImport: nothing to do.
[2026-06-19T00:31:38.021Z] OrderImport daemon: cycle start
[2026-06-19T00:31:38.919Z] OrderImport: found 0 file(s)
[2026-06-19T00:31:38.919Z] OrderImport: nothing to do.
[2026-06-19T00:32:08.049Z] OrderImport daemon: cycle start
[2026-06-19T00:32:08.950Z] OrderImport: found 0 file(s)
[2026-06-19T00:32:08.950Z] OrderImport: nothing to do.
[2026-06-19T00:32:38.075Z] OrderImport daemon: cycle start
[2026-06-19T00:32:38.967Z] OrderImport: found 0 file(s)
[2026-06-19T00:32:38.968Z] OrderImport: nothing to do.
[2026-06-19T00:33:08.099Z] OrderImport daemon: cycle start
[2026-06-19T00:33:09.001Z] OrderImport: found 0 file(s)
[2026-06-19T00:33:09.001Z] OrderImport: nothing to do.
[2026-06-19T00:33:38.127Z] OrderImport daemon: cycle start
[2026-06-19T00:33:39.046Z] OrderImport: found 0 file(s)
[2026-06-19T00:33:39.046Z] OrderImport: nothing to do.
[2026-06-19T00:34:08.156Z] OrderImport daemon: cycle start
[2026-06-19T00:34:09.072Z] OrderImport: found 0 file(s)
[2026-06-19T00:34:09.072Z] OrderImport: nothing to do.
[2026-06-19T00:34:38.179Z] OrderImport daemon: cycle start
[2026-06-19T00:34:39.076Z] OrderImport: found 0 file(s)
[2026-06-19T00:34:39.076Z] OrderImport: nothing to do.
[2026-06-19T00:35:08.179Z] OrderImport daemon: cycle start
[2026-06-19T00:35:09.076Z] OrderImport: found 0 file(s)
[2026-06-19T00:35:09.076Z] OrderImport: nothing to do.
[2026-06-19T00:35:38.186Z] OrderImport daemon: cycle start
[2026-06-19T00:35:39.095Z] OrderImport: found 0 file(s)
[2026-06-19T00:35:39.095Z] OrderImport: nothing to do.
[2026-06-19T00:36:08.207Z] OrderImport daemon: cycle start
[2026-06-19T00:36:09.091Z] OrderImport: found 0 file(s)
[2026-06-19T00:36:09.091Z] OrderImport: nothing to do.
[2026-06-19T00:36:38.235Z] OrderImport daemon: cycle start
[2026-06-19T00:36:39.122Z] OrderImport: found 0 file(s)
[2026-06-19T00:36:39.122Z] OrderImport: nothing to do.
[2026-06-19T00:37:08.247Z] OrderImport daemon: cycle start
[2026-06-19T00:37:09.158Z] OrderImport: nothing to do.
[2026-06-19T00:37:09.158Z] OrderImport: found 0 file(s)
[2026-06-19T00:37:38.276Z] OrderImport daemon: cycle start
[2026-06-19T00:37:39.167Z] OrderImport: found 0 file(s)
[2026-06-19T00:37:39.167Z] OrderImport: nothing to do.
[2026-06-19T00:38:08.288Z] OrderImport daemon: cycle start
[2026-06-19T00:38:09.198Z] OrderImport: found 0 file(s)
[2026-06-19T00:38:09.198Z] OrderImport: nothing to do.
[2026-06-19T00:38:38.316Z] OrderImport daemon: cycle start
[2026-06-19T00:38:39.195Z] OrderImport: found 0 file(s)
[2026-06-19T00:38:39.195Z] OrderImport: nothing to do.
[2026-06-19T00:39:08.320Z] OrderImport daemon: cycle start
[2026-06-19T00:39:09.189Z] OrderImport: found 0 file(s)
[2026-06-19T00:39:09.190Z] OrderImport: nothing to do.
[2026-06-19T00:39:38.349Z] OrderImport daemon: cycle start
[2026-06-19T00:39:39.246Z] OrderImport: found 0 file(s)
[2026-06-19T00:39:39.246Z] OrderImport: nothing to do.
[2026-06-19T00:40:08.376Z] OrderImport daemon: cycle start
[2026-06-19T00:40:09.271Z] OrderImport: found 0 file(s)
[2026-06-19T00:40:09.271Z] OrderImport: nothing to do.
[2026-06-19T00:40:38.405Z] OrderImport daemon: cycle start
[2026-06-19T00:40:39.330Z] OrderImport: found 0 file(s)
[2026-06-19T00:40:39.330Z] OrderImport: nothing to do.
[2026-06-19T00:41:08.431Z] OrderImport daemon: cycle start
[2026-06-19T00:41:09.313Z] OrderImport: found 0 file(s)
[2026-06-19T00:41:09.313Z] OrderImport: nothing to do.
[2026-06-19T00:41:38.439Z] OrderImport daemon: cycle start
[2026-06-19T00:41:39.380Z] OrderImport: found 0 file(s)
[2026-06-19T00:41:39.381Z] OrderImport: nothing to do.
[2026-06-19T00:42:08.463Z] OrderImport daemon: cycle start
[2026-06-19T00:42:09.377Z] OrderImport: found 0 file(s)
[2026-06-19T00:42:09.377Z] OrderImport: nothing to do.
[2026-06-19T00:42:38.466Z] OrderImport daemon: cycle start
[2026-06-19T00:42:39.374Z] OrderImport: found 0 file(s)
[2026-06-19T00:42:39.374Z] OrderImport: nothing to do.
[2026-06-19T00:43:08.495Z] OrderImport daemon: cycle start
[2026-06-19T00:43:09.409Z] OrderImport: found 0 file(s)
[2026-06-19T00:43:09.409Z] OrderImport: nothing to do.
[2026-06-19T00:43:38.519Z] OrderImport daemon: cycle start
[2026-06-19T00:43:39.406Z] OrderImport: found 0 file(s)
[2026-06-19T00:43:39.406Z] OrderImport: nothing to do.
[2026-06-19T00:44:08.543Z] OrderImport daemon: cycle start
[2026-06-19T00:44:09.399Z] OrderImport: found 0 file(s)
[2026-06-19T00:44:09.399Z] OrderImport: nothing to do.
[2026-06-19T00:44:38.551Z] OrderImport daemon: cycle start
[2026-06-19T00:44:39.473Z] OrderImport: nothing to do.
[2026-06-19T00:44:39.473Z] OrderImport: found 0 file(s)
[2026-06-19T00:45:08.580Z] OrderImport daemon: cycle start
[2026-06-19T00:45:09.461Z] OrderImport: found 0 file(s)
[2026-06-19T00:45:09.461Z] OrderImport: nothing to do.
[2026-06-19T00:45:38.607Z] OrderImport daemon: cycle start
[2026-06-19T00:45:39.500Z] OrderImport: found 0 file(s)
[2026-06-19T00:45:39.500Z] OrderImport: nothing to do.
[2026-06-19T00:46:08.618Z] OrderImport daemon: cycle start
[2026-06-19T00:46:09.513Z] OrderImport: found 0 file(s)
[2026-06-19T00:46:09.513Z] OrderImport: nothing to do.
[2026-06-19T00:46:38.641Z] OrderImport daemon: cycle start
[2026-06-19T00:46:39.866Z] OrderImport: found 0 file(s)
[2026-06-19T00:46:39.866Z] OrderImport: nothing to do.
[2026-06-19T00:47:08.664Z] OrderImport daemon: cycle start
[2026-06-19T00:47:09.582Z] OrderImport: found 0 file(s)
[2026-06-19T00:47:09.582Z] OrderImport: nothing to do.
[2026-06-19T00:47:38.669Z] OrderImport daemon: cycle start
[2026-06-19T00:47:39.588Z] OrderImport: found 0 file(s)
[2026-06-19T00:47:39.588Z] OrderImport: nothing to do.
[2026-06-19T00:48:08.697Z] OrderImport daemon: cycle start
[2026-06-19T00:48:09.583Z] OrderImport: found 0 file(s)
[2026-06-19T00:48:09.583Z] OrderImport: nothing to do.
[2026-06-19T00:48:38.726Z] OrderImport daemon: cycle start
[2026-06-19T00:48:39.617Z] OrderImport: found 0 file(s)
[2026-06-19T00:48:39.617Z] OrderImport: nothing to do.
[2026-06-19T00:49:08.755Z] OrderImport daemon: cycle start
[2026-06-19T00:49:09.713Z] OrderImport: found 0 file(s)
[2026-06-19T00:49:09.713Z] OrderImport: nothing to do.
[2026-06-19T00:49:38.773Z] OrderImport daemon: cycle start
[2026-06-19T00:49:39.662Z] OrderImport: found 0 file(s)
[2026-06-19T00:49:39.662Z] OrderImport: nothing to do.
[2026-06-19T00:50:08.800Z] OrderImport daemon: cycle start
[2026-06-19T00:50:09.691Z] OrderImport: found 0 file(s)
[2026-06-19T00:50:09.692Z] OrderImport: nothing to do.
[2026-06-19T00:50:38.825Z] OrderImport daemon: cycle start
[2026-06-19T00:50:39.688Z] OrderImport: found 0 file(s)
[2026-06-19T00:50:39.689Z] OrderImport: nothing to do.
[2026-06-19T00:51:08.832Z] OrderImport daemon: cycle start
[2026-06-19T00:51:09.695Z] OrderImport: found 0 file(s)
[2026-06-19T00:51:09.695Z] OrderImport: nothing to do.
[2026-06-19T00:51:38.835Z] OrderImport daemon: cycle start
[2026-06-19T00:51:39.716Z] OrderImport: found 0 file(s)
[2026-06-19T00:51:39.716Z] OrderImport: nothing to do.
[2026-06-19T00:52:08.864Z] OrderImport daemon: cycle start
[2026-06-19T00:52:09.755Z] OrderImport: found 0 file(s)
[2026-06-19T00:52:09.755Z] OrderImport: nothing to do.
[2026-06-19T00:52:38.892Z] OrderImport daemon: cycle start
[2026-06-19T00:52:39.824Z] OrderImport: found 0 file(s)
[2026-06-19T00:52:39.824Z] OrderImport: nothing to do.
[2026-06-19T00:53:08.911Z] OrderImport daemon: cycle start
[2026-06-19T00:53:09.840Z] OrderImport: found 0 file(s)
[2026-06-19T00:53:09.840Z] OrderImport: nothing to do.
[2026-06-19T00:53:38.929Z] OrderImport daemon: cycle start
[2026-06-19T00:53:39.850Z] OrderImport: found 0 file(s)
[2026-06-19T00:53:39.850Z] OrderImport: nothing to do.
[2026-06-19T00:54:08.955Z] OrderImport daemon: cycle start
[2026-06-19T00:54:09.898Z] OrderImport: found 0 file(s)
[2026-06-19T00:54:09.898Z] OrderImport: nothing to do.
[2026-06-19T00:54:38.983Z] OrderImport daemon: cycle start
[2026-06-19T00:54:39.868Z] OrderImport: found 0 file(s)
[2026-06-19T00:54:39.868Z] OrderImport: nothing to do.
[2026-06-19T00:55:09.011Z] OrderImport daemon: cycle start
[2026-06-19T00:55:09.905Z] OrderImport: found 0 file(s)
[2026-06-19T00:55:09.905Z] OrderImport: nothing to do.
[2026-06-19T00:55:39.039Z] OrderImport daemon: cycle start
[2026-06-19T00:55:39.963Z] OrderImport: found 0 file(s)
[2026-06-19T00:55:39.963Z] OrderImport: nothing to do.
[2026-06-19T00:56:09.064Z] OrderImport daemon: cycle start
[2026-06-19T00:56:09.942Z] OrderImport: found 0 file(s)
[2026-06-19T00:56:09.943Z] OrderImport: nothing to do.
[2026-06-19T00:56:39.091Z] OrderImport daemon: cycle start
[2026-06-19T00:56:39.984Z] OrderImport: found 0 file(s)
[2026-06-19T00:56:39.984Z] OrderImport: nothing to do.
[2026-06-19T00:57:09.119Z] OrderImport daemon: cycle start
[2026-06-19T00:57:10.035Z] OrderImport: found 0 file(s)
[2026-06-19T00:57:10.035Z] OrderImport: nothing to do.
[2026-06-19T00:57:39.147Z] OrderImport daemon: cycle start
[2026-06-19T00:57:40.043Z] OrderImport: found 0 file(s)
[2026-06-19T00:57:40.043Z] OrderImport: nothing to do.
[2026-06-19T00:58:09.175Z] OrderImport daemon: cycle start
[2026-06-19T00:58:10.070Z] OrderImport: found 0 file(s)
[2026-06-19T00:58:10.070Z] OrderImport: nothing to do.
[2026-06-19T00:58:39.180Z] OrderImport daemon: cycle start
[2026-06-19T00:58:40.069Z] OrderImport: found 0 file(s)
[2026-06-19T00:58:40.069Z] OrderImport: nothing to do.
[2026-06-19T00:59:09.186Z] OrderImport daemon: cycle start
[2026-06-19T00:59:10.072Z] OrderImport: found 0 file(s)
[2026-06-19T00:59:10.072Z] OrderImport: nothing to do.
[2026-06-19T00:59:39.203Z] OrderImport daemon: cycle start
[2026-06-19T00:59:40.128Z] OrderImport: found 0 file(s)
[2026-06-19T00:59:40.129Z] OrderImport: nothing to do.
[2026-06-19T01:00:09.207Z] OrderImport daemon: cycle start
[2026-06-19T01:00:10.131Z] OrderImport: found 0 file(s)
[2026-06-19T01:00:10.131Z] OrderImport: nothing to do.
[2026-06-19T01:00:39.236Z] OrderImport daemon: cycle start
[2026-06-19T01:00:40.096Z] OrderImport: found 0 file(s)
[2026-06-19T01:00:40.096Z] OrderImport: nothing to do.
[2026-06-19T01:01:09.265Z] OrderImport daemon: cycle start
[2026-06-19T01:01:10.154Z] OrderImport: found 0 file(s)
[2026-06-19T01:01:10.154Z] OrderImport: nothing to do.
[2026-06-19T01:01:39.283Z] OrderImport daemon: cycle start
[2026-06-19T01:01:40.146Z] OrderImport: found 0 file(s)
[2026-06-19T01:01:40.146Z] OrderImport: nothing to do.
[2026-06-19T01:02:09.311Z] OrderImport daemon: cycle start
[2026-06-19T01:02:10.261Z] OrderImport: found 0 file(s)
[2026-06-19T01:02:10.261Z] OrderImport: nothing to do.
[2026-06-19T01:02:39.339Z] OrderImport daemon: cycle start
[2026-06-19T01:02:40.235Z] OrderImport: found 0 file(s)
[2026-06-19T01:02:40.235Z] OrderImport: nothing to do.
[2026-06-19T01:03:09.367Z] OrderImport daemon: cycle start
[2026-06-19T01:03:10.237Z] OrderImport: found 0 file(s)
[2026-06-19T01:03:10.237Z] OrderImport: nothing to do.
[2026-06-19T01:03:39.395Z] OrderImport daemon: cycle start
[2026-06-19T01:03:40.312Z] OrderImport: found 0 file(s)
[2026-06-19T01:03:40.312Z] OrderImport: nothing to do.
[2026-06-19T01:04:09.423Z] OrderImport daemon: cycle start
[2026-06-19T01:04:10.302Z] OrderImport: nothing to do.
[2026-06-19T01:04:10.302Z] OrderImport: found 0 file(s)
[2026-06-19T01:04:39.445Z] OrderImport daemon: cycle start
[2026-06-19T01:04:40.363Z] OrderImport: found 0 file(s)
[2026-06-19T01:04:40.363Z] OrderImport: nothing to do.
[2026-06-19T01:05:09.473Z] OrderImport daemon: cycle start
[2026-06-19T01:05:10.350Z] OrderImport: found 0 file(s)
[2026-06-19T01:05:10.350Z] OrderImport: nothing to do.
[2026-06-19T01:05:39.497Z] OrderImport daemon: cycle start
[2026-06-19T01:05:40.397Z] OrderImport: found 0 file(s)
[2026-06-19T01:05:40.397Z] OrderImport: nothing to do.
[2026-06-19T01:06:09.523Z] OrderImport daemon: cycle start
[2026-06-19T01:06:10.415Z] OrderImport: found 0 file(s)
[2026-06-19T01:06:10.415Z] OrderImport: nothing to do.
[2026-06-19T01:06:39.551Z] OrderImport daemon: cycle start
[2026-06-19T01:06:40.412Z] OrderImport: found 0 file(s)
[2026-06-19T01:06:40.412Z] OrderImport: nothing to do.
[2026-06-19T01:07:09.574Z] OrderImport daemon: cycle start
[2026-06-19T01:07:10.455Z] OrderImport: found 0 file(s)
[2026-06-19T01:07:10.455Z] OrderImport: nothing to do.
[2026-06-19T01:07:39.603Z] OrderImport daemon: cycle start
[2026-06-19T01:07:40.477Z] OrderImport: found 0 file(s)
[2026-06-19T01:07:40.477Z] OrderImport: nothing to do.
[2026-06-19T01:08:09.631Z] OrderImport daemon: cycle start
[2026-06-19T01:08:10.524Z] OrderImport: found 0 file(s)
[2026-06-19T01:08:10.524Z] OrderImport: nothing to do.
[2026-06-19T01:08:39.660Z] OrderImport daemon: cycle start
[2026-06-19T01:08:40.571Z] OrderImport: found 0 file(s)
[2026-06-19T01:08:40.571Z] OrderImport: nothing to do.
[2026-06-19T01:09:09.687Z] OrderImport daemon: cycle start
[2026-06-19T01:09:10.557Z] OrderImport: found 0 file(s)
[2026-06-19T01:09:10.557Z] OrderImport: nothing to do.
[2026-06-19T01:09:39.707Z] OrderImport daemon: cycle start
[2026-06-19T01:09:40.622Z] OrderImport: found 0 file(s)
[2026-06-19T01:09:40.622Z] OrderImport: nothing to do.
[2026-06-19T01:10:09.734Z] OrderImport daemon: cycle start
[2026-06-19T01:10:10.633Z] OrderImport: found 0 file(s)
[2026-06-19T01:10:10.633Z] OrderImport: nothing to do.
[2026-06-19T01:10:39.762Z] OrderImport daemon: cycle start
[2026-06-19T01:10:40.631Z] OrderImport: found 0 file(s)
[2026-06-19T01:10:40.631Z] OrderImport: nothing to do.
[2026-06-19T01:11:09.790Z] OrderImport daemon: cycle start
[2026-06-19T01:11:10.649Z] OrderImport: nothing to do.
[2026-06-19T01:11:10.649Z] OrderImport: found 0 file(s)
[2026-06-19T01:11:39.815Z] OrderImport daemon: cycle start
[2026-06-19T01:11:40.720Z] OrderImport: found 0 file(s)
[2026-06-19T01:11:40.720Z] OrderImport: nothing to do.
[2026-06-19T01:12:09.839Z] OrderImport daemon: cycle start
[2026-06-19T01:12:10.743Z] OrderImport: found 0 file(s)
[2026-06-19T01:12:10.743Z] OrderImport: nothing to do.
[2026-06-19T01:12:39.867Z] OrderImport daemon: cycle start
[2026-06-19T01:12:40.764Z] OrderImport: found 0 file(s)
[2026-06-19T01:12:40.764Z] OrderImport: nothing to do.
[2026-06-19T01:13:09.896Z] OrderImport daemon: cycle start
[2026-06-19T01:13:10.794Z] OrderImport: found 0 file(s)
[2026-06-19T01:13:10.794Z] OrderImport: nothing to do.
[2026-06-19T01:13:39.923Z] OrderImport daemon: cycle start
[2026-06-19T01:13:40.798Z] OrderImport: found 0 file(s)
[2026-06-19T01:13:40.798Z] OrderImport: nothing to do.
[2026-06-19T01:14:09.951Z] OrderImport daemon: cycle start
[2026-06-19T01:14:10.858Z] OrderImport: found 0 file(s)
[2026-06-19T01:14:10.858Z] OrderImport: nothing to do.
[2026-06-19T01:14:39.952Z] OrderImport daemon: cycle start
[2026-06-19T01:14:41.268Z] OrderImport: found 0 file(s)
[2026-06-19T01:14:41.268Z] OrderImport: nothing to do.
[2026-06-19T01:15:09.974Z] OrderImport daemon: cycle start
[2026-06-19T01:15:11.325Z] OrderImport: found 0 file(s)
[2026-06-19T01:15:11.325Z] OrderImport: nothing to do.
[2026-06-19T01:15:40.002Z] OrderImport daemon: cycle start
[2026-06-19T01:15:41.386Z] OrderImport: found 0 file(s)
[2026-06-19T01:15:41.386Z] OrderImport: nothing to do.
[2026-06-19T01:16:10.007Z] OrderImport daemon: cycle start
[2026-06-19T01:16:11.338Z] OrderImport: found 0 file(s)
[2026-06-19T01:16:11.338Z] OrderImport: nothing to do.
[2026-06-19T01:16:40.035Z] OrderImport daemon: cycle start
[2026-06-19T01:16:41.381Z] OrderImport: found 0 file(s)
[2026-06-19T01:16:41.381Z] OrderImport: nothing to do.
[2026-06-19T01:17:10.060Z] OrderImport daemon: cycle start
[2026-06-19T01:17:11.470Z] OrderImport: found 0 file(s)
[2026-06-19T01:17:11.470Z] OrderImport: nothing to do.
[2026-06-19T01:17:40.082Z] OrderImport daemon: cycle start
[2026-06-19T01:17:41.381Z] OrderImport: found 0 file(s)
[2026-06-19T01:17:41.381Z] OrderImport: nothing to do.
[2026-06-19T01:18:10.098Z] OrderImport daemon: cycle start
[2026-06-19T01:18:11.412Z] OrderImport: found 0 file(s)
[2026-06-19T01:18:11.413Z] OrderImport: nothing to do.
[2026-06-19T01:18:40.101Z] OrderImport daemon: cycle start
[2026-06-19T01:18:41.424Z] OrderImport: found 0 file(s)
[2026-06-19T01:18:41.425Z] OrderImport: nothing to do.
[2026-06-19T01:19:10.111Z] OrderImport daemon: cycle start
[2026-06-19T01:19:11.455Z] OrderImport: found 0 file(s)
[2026-06-19T01:19:11.455Z] OrderImport: nothing to do.
[2026-06-19T01:19:40.125Z] OrderImport daemon: cycle start
[2026-06-19T01:19:41.027Z] OrderImport: found 0 file(s)
[2026-06-19T01:19:41.027Z] OrderImport: nothing to do.
[2026-06-19T01:20:10.141Z] OrderImport daemon: cycle start
[2026-06-19T01:20:11.010Z] OrderImport: found 0 file(s)
[2026-06-19T01:20:11.010Z] OrderImport: nothing to do.
[2026-06-19T01:20:40.153Z] OrderImport daemon: cycle start
[2026-06-19T01:20:41.025Z] OrderImport: found 0 file(s)
[2026-06-19T01:20:41.025Z] OrderImport: nothing to do.
[2026-06-19T01:21:10.180Z] OrderImport daemon: cycle start
[2026-06-19T01:21:11.074Z] OrderImport: found 0 file(s)
[2026-06-19T01:21:11.074Z] OrderImport: nothing to do.
[2026-06-19T01:21:40.196Z] OrderImport daemon: cycle start
[2026-06-19T01:21:41.110Z] OrderImport: found 0 file(s)
[2026-06-19T01:21:41.110Z] OrderImport: nothing to do.
[2026-06-19T01:22:10.226Z] OrderImport daemon: cycle start
[2026-06-19T01:22:11.121Z] OrderImport: found 0 file(s)
[2026-06-19T01:22:11.121Z] OrderImport: nothing to do.
[2026-06-19T01:22:40.254Z] OrderImport daemon: cycle start
[2026-06-19T01:22:41.212Z] OrderImport: found 0 file(s)
[2026-06-19T01:22:41.212Z] OrderImport: nothing to do.
[2026-06-19T01:23:10.282Z] OrderImport daemon: cycle start
[2026-06-19T01:23:11.238Z] OrderImport: found 0 file(s)
[2026-06-19T01:23:11.238Z] OrderImport: nothing to do.
[2026-06-19T01:23:40.288Z] OrderImport daemon: cycle start
[2026-06-19T01:23:41.201Z] OrderImport: found 0 file(s)
[2026-06-19T01:23:41.201Z] OrderImport: nothing to do.
[2026-06-19T01:24:10.315Z] OrderImport daemon: cycle start
[2026-06-19T01:24:11.219Z] OrderImport: found 0 file(s)
[2026-06-19T01:24:11.219Z] OrderImport: nothing to do.
[2026-06-19T01:24:40.343Z] OrderImport daemon: cycle start
[2026-06-19T01:24:41.263Z] OrderImport: found 0 file(s)
[2026-06-19T01:24:41.263Z] OrderImport: nothing to do.
[2026-06-19T01:25:10.355Z] OrderImport daemon: cycle start
[2026-06-19T01:25:11.265Z] OrderImport: found 0 file(s)
[2026-06-19T01:25:11.265Z] OrderImport: nothing to do.
[2026-06-19T01:25:40.383Z] OrderImport daemon: cycle start
[2026-06-19T01:25:41.316Z] OrderImport: found 0 file(s)
[2026-06-19T01:25:41.316Z] OrderImport: nothing to do.
[2026-06-19T01:26:10.411Z] OrderImport daemon: cycle start
[2026-06-19T01:26:11.325Z] OrderImport: found 0 file(s)
[2026-06-19T01:26:11.325Z] OrderImport: nothing to do.
[2026-06-19T01:26:40.438Z] OrderImport daemon: cycle start
[2026-06-19T01:26:41.310Z] OrderImport: found 0 file(s)
[2026-06-19T01:26:41.310Z] OrderImport: nothing to do.
[2026-06-19T01:27:10.453Z] OrderImport daemon: cycle start
[2026-06-19T01:27:11.340Z] OrderImport: found 0 file(s)
[2026-06-19T01:27:11.340Z] OrderImport: nothing to do.
[2026-06-19T01:27:40.461Z] OrderImport daemon: cycle start
[2026-06-19T01:27:41.349Z] OrderImport: found 0 file(s)
[2026-06-19T01:27:41.349Z] OrderImport: nothing to do.
[2026-06-19T01:28:10.471Z] OrderImport daemon: cycle start
[2026-06-19T01:28:11.367Z] OrderImport: found 0 file(s)
[2026-06-19T01:28:11.367Z] OrderImport: nothing to do.
[2026-06-19T01:28:40.499Z] OrderImport daemon: cycle start
[2026-06-19T01:28:41.377Z] OrderImport: found 0 file(s)
[2026-06-19T01:28:41.377Z] OrderImport: nothing to do.
[2026-06-19T01:29:10.528Z] OrderImport daemon: cycle start
[2026-06-19T01:29:11.413Z] OrderImport: found 0 file(s)
[2026-06-19T01:29:11.413Z] OrderImport: nothing to do.
[2026-06-19T01:29:40.557Z] OrderImport daemon: cycle start
[2026-06-19T01:29:41.439Z] OrderImport: found 0 file(s)
[2026-06-19T01:29:41.439Z] OrderImport: nothing to do.
[2026-06-19T01:30:10.583Z] OrderImport daemon: cycle start
[2026-06-19T01:30:11.518Z] OrderImport: found 0 file(s)
[2026-06-19T01:30:11.518Z] OrderImport: nothing to do.
[2026-06-19T01:30:40.612Z] OrderImport daemon: cycle start
[2026-06-19T01:30:41.519Z] OrderImport: found 0 file(s)
[2026-06-19T01:30:41.519Z] OrderImport: nothing to do.
[2026-06-19T01:31:10.636Z] OrderImport daemon: cycle start
[2026-06-19T01:31:11.548Z] OrderImport: nothing to do.
[2026-06-19T01:31:11.547Z] OrderImport: found 0 file(s)
[2026-06-19T01:31:40.658Z] OrderImport daemon: cycle start
[2026-06-19T01:31:41.558Z] OrderImport: found 0 file(s)
[2026-06-19T01:31:41.558Z] OrderImport: nothing to do.
[2026-06-19T01:32:10.683Z] OrderImport daemon: cycle start
[2026-06-19T01:32:11.574Z] OrderImport: found 0 file(s)
[2026-06-19T01:32:11.574Z] OrderImport: nothing to do.
[2026-06-19T01:32:40.691Z] OrderImport daemon: cycle start
[2026-06-19T01:32:41.616Z] OrderImport: found 0 file(s)
[2026-06-19T01:32:41.617Z] OrderImport: nothing to do.
[2026-06-19T01:33:10.720Z] OrderImport daemon: cycle start
[2026-06-19T01:33:11.646Z] OrderImport: found 0 file(s)
[2026-06-19T01:33:11.646Z] OrderImport: nothing to do.
[2026-06-19T01:33:40.747Z] OrderImport daemon: cycle start
[2026-06-19T01:33:41.644Z] OrderImport: nothing to do.
[2026-06-19T01:33:41.644Z] OrderImport: found 0 file(s)
[2026-06-19T01:34:10.775Z] OrderImport daemon: cycle start
[2026-06-19T01:34:11.652Z] OrderImport: found 0 file(s)
[2026-06-19T01:34:11.652Z] OrderImport: nothing to do.
[2026-06-19T01:34:40.785Z] OrderImport daemon: cycle start
[2026-06-19T01:34:41.679Z] OrderImport: found 0 file(s)
[2026-06-19T01:34:41.679Z] OrderImport: nothing to do.
[2026-06-19T01:35:10.813Z] OrderImport daemon: cycle start
[2026-06-19T01:35:11.709Z] OrderImport: found 0 file(s)
[2026-06-19T01:35:11.709Z] OrderImport: nothing to do.
[2026-06-19T01:35:40.819Z] OrderImport daemon: cycle start
[2026-06-19T01:35:42.138Z] OrderImport: nothing to do.
[2026-06-19T01:35:42.138Z] OrderImport: found 0 file(s)
[2026-06-19T01:36:10.827Z] OrderImport daemon: cycle start
[2026-06-19T01:36:12.134Z] OrderImport: found 0 file(s)
[2026-06-19T01:36:12.134Z] OrderImport: nothing to do.
[2026-06-19T01:36:40.850Z] OrderImport daemon: cycle start
[2026-06-19T01:36:42.174Z] OrderImport: found 0 file(s)
[2026-06-19T01:36:42.174Z] OrderImport: nothing to do.
[2026-06-19T01:37:10.875Z] OrderImport daemon: cycle start
[2026-06-19T01:37:12.175Z] OrderImport: found 0 file(s)
[2026-06-19T01:37:12.175Z] OrderImport: nothing to do.
[2026-06-19T01:37:40.903Z] OrderImport daemon: cycle start
[2026-06-19T01:37:42.189Z] OrderImport: found 0 file(s)
[2026-06-19T01:37:42.189Z] OrderImport: nothing to do.
[2026-06-19T01:38:10.931Z] OrderImport daemon: cycle start
[2026-06-19T01:38:12.226Z] OrderImport: found 0 file(s)
[2026-06-19T01:38:12.226Z] OrderImport: nothing to do.
[2026-06-19T01:38:40.960Z] OrderImport daemon: cycle start
[2026-06-19T01:38:41.890Z] OrderImport: found 0 file(s)
[2026-06-19T01:38:41.890Z] OrderImport: nothing to do.
[2026-06-19T01:39:10.975Z] OrderImport daemon: cycle start
[2026-06-19T01:39:11.875Z] OrderImport: nothing to do.
[2026-06-19T01:39:11.875Z] OrderImport: found 0 file(s)
[2026-06-19T01:39:41.003Z] OrderImport daemon: cycle start
[2026-06-19T01:39:41.899Z] OrderImport: found 0 file(s)
[2026-06-19T01:39:41.899Z] OrderImport: nothing to do.
[2026-06-19T01:40:11.018Z] OrderImport daemon: cycle start
[2026-06-19T01:40:11.955Z] OrderImport: found 0 file(s)
[2026-06-19T01:40:11.956Z] OrderImport: nothing to do.
[2026-06-19T01:40:41.041Z] OrderImport daemon: cycle start
[2026-06-19T01:40:41.943Z] OrderImport: found 0 file(s)
[2026-06-19T01:40:41.943Z] OrderImport: nothing to do.
[2026-06-19T01:41:11.055Z] OrderImport daemon: cycle start
[2026-06-19T01:41:11.927Z] OrderImport: found 0 file(s)
[2026-06-19T01:41:11.927Z] OrderImport: nothing to do.
[2026-06-19T01:41:41.082Z] OrderImport daemon: cycle start
[2026-06-19T01:41:41.962Z] OrderImport: found 0 file(s)
[2026-06-19T01:41:41.962Z] OrderImport: nothing to do.
[2026-06-19T01:42:11.102Z] OrderImport daemon: cycle start
[2026-06-19T01:42:11.998Z] OrderImport: found 0 file(s)
[2026-06-19T01:42:11.998Z] OrderImport: nothing to do.
[2026-06-19T01:42:41.125Z] OrderImport daemon: cycle start
[2026-06-19T01:42:42.006Z] OrderImport: found 0 file(s)
[2026-06-19T01:42:42.006Z] OrderImport: nothing to do.
[2026-06-19T01:43:11.153Z] OrderImport daemon: cycle start
[2026-06-19T01:43:12.032Z] OrderImport: nothing to do.
[2026-06-19T01:43:12.032Z] OrderImport: found 0 file(s)
[2026-06-19T01:43:41.179Z] OrderImport daemon: cycle start
[2026-06-19T01:43:42.089Z] OrderImport: found 0 file(s)
[2026-06-19T01:43:42.089Z] OrderImport: nothing to do.
[2026-06-19T01:44:11.187Z] OrderImport daemon: cycle start
[2026-06-19T01:44:12.074Z] OrderImport: found 0 file(s)
[2026-06-19T01:44:12.075Z] OrderImport: nothing to do.
[2026-06-19T01:44:41.213Z] OrderImport daemon: cycle start
[2026-06-19T01:44:42.062Z] OrderImport: found 0 file(s)
[2026-06-19T01:44:42.062Z] OrderImport: nothing to do.
[2026-06-19T01:45:11.220Z] OrderImport daemon: cycle start
[2026-06-19T01:45:12.098Z] OrderImport: found 0 file(s)
[2026-06-19T01:45:12.098Z] OrderImport: nothing to do.
[2026-06-19T01:45:41.239Z] OrderImport daemon: cycle start
[2026-06-19T01:45:42.110Z] OrderImport: found 0 file(s)
[2026-06-19T01:45:42.110Z] OrderImport: nothing to do.
[2026-06-19T01:46:11.267Z] OrderImport daemon: cycle start
[2026-06-19T01:46:12.142Z] OrderImport: found 0 file(s)
[2026-06-19T01:46:12.142Z] OrderImport: nothing to do.
[2026-06-19T01:46:41.295Z] OrderImport daemon: cycle start
[2026-06-19T01:46:42.155Z] OrderImport: found 0 file(s)
[2026-06-19T01:46:42.155Z] OrderImport: nothing to do.
[2026-06-19T01:47:11.323Z] OrderImport daemon: cycle start
[2026-06-19T01:47:12.673Z] OrderImport: found 0 file(s)
[2026-06-19T01:47:12.673Z] OrderImport: nothing to do.
[2026-06-19T01:47:41.350Z] OrderImport daemon: cycle start
[2026-06-19T01:47:42.645Z] OrderImport: found 0 file(s)
[2026-06-19T01:47:42.645Z] OrderImport: nothing to do.
[2026-06-19T01:48:11.378Z] OrderImport daemon: cycle start
[2026-06-19T01:48:12.692Z] OrderImport: found 0 file(s)
[2026-06-19T01:48:12.692Z] OrderImport: nothing to do.
[2026-06-19T01:48:41.405Z] OrderImport daemon: cycle start
[2026-06-19T01:48:42.709Z] OrderImport: found 0 file(s)
[2026-06-19T01:48:42.709Z] OrderImport: nothing to do.
[2026-06-19T01:49:11.433Z] OrderImport daemon: cycle start
[2026-06-19T01:49:12.637Z] OrderImport: found 0 file(s)
[2026-06-19T01:49:12.637Z] OrderImport: nothing to do.
[2026-06-19T01:49:41.461Z] OrderImport daemon: cycle start
[2026-06-19T01:49:42.353Z] OrderImport: nothing to do.
[2026-06-19T01:49:42.353Z] OrderImport: found 0 file(s)
[2026-06-19T01:50:11.483Z] OrderImport daemon: cycle start
[2026-06-19T01:50:12.395Z] OrderImport: found 0 file(s)
[2026-06-19T01:50:12.395Z] OrderImport: nothing to do.
[2026-06-19T01:50:41.508Z] OrderImport daemon: cycle start
[2026-06-19T01:50:42.444Z] OrderImport: found 0 file(s)
[2026-06-19T01:50:42.445Z] OrderImport: nothing to do.
[2026-06-19T01:51:11.528Z] OrderImport daemon: cycle start
[2026-06-19T01:51:12.474Z] OrderImport: nothing to do.
[2026-06-19T01:51:12.473Z] OrderImport: found 0 file(s)
[2026-06-19T01:51:41.555Z] OrderImport daemon: cycle start
[2026-06-19T01:51:42.521Z] OrderImport: found 0 file(s)
[2026-06-19T01:51:42.521Z] OrderImport: nothing to do.
[2026-06-19T01:52:11.583Z] OrderImport daemon: cycle start
[2026-06-19T01:52:12.471Z] OrderImport: found 0 file(s)
[2026-06-19T01:52:12.471Z] OrderImport: nothing to do.
[2026-06-19T01:52:41.595Z] OrderImport daemon: cycle start
[2026-06-19T01:52:42.531Z] OrderImport: found 0 file(s)
[2026-06-19T01:52:42.531Z] OrderImport: nothing to do.
[2026-06-19T01:53:11.612Z] OrderImport daemon: cycle start
[2026-06-19T01:53:12.468Z] OrderImport: found 0 file(s)
[2026-06-19T01:53:12.468Z] OrderImport: nothing to do.
[2026-06-19T01:53:41.639Z] OrderImport daemon: cycle start
[2026-06-19T01:53:42.542Z] OrderImport: found 0 file(s)
[2026-06-19T01:53:42.543Z] OrderImport: nothing to do.
[2026-06-19T01:54:11.668Z] OrderImport daemon: cycle start
[2026-06-19T01:54:12.559Z] OrderImport: found 0 file(s)
[2026-06-19T01:54:12.559Z] OrderImport: nothing to do.
[2026-06-19T01:54:41.695Z] OrderImport daemon: cycle start
[2026-06-19T01:54:42.616Z] OrderImport: found 0 file(s)
[2026-06-19T01:54:42.616Z] OrderImport: nothing to do.
[2026-06-19T01:55:11.715Z] OrderImport daemon: cycle start
[2026-06-19T01:55:12.579Z] OrderImport: found 0 file(s)
[2026-06-19T01:55:12.579Z] OrderImport: nothing to do.
[2026-06-19T01:55:41.744Z] OrderImport daemon: cycle start
[2026-06-19T01:55:42.644Z] OrderImport: found 0 file(s)
[2026-06-19T01:55:42.644Z] OrderImport: nothing to do.
[2026-06-19T01:56:11.764Z] OrderImport daemon: cycle start
[2026-06-19T01:56:12.662Z] OrderImport: found 0 file(s)
[2026-06-19T01:56:12.662Z] OrderImport: nothing to do.
[2026-06-19T01:56:41.780Z] OrderImport daemon: cycle start
[2026-06-19T01:56:42.690Z] OrderImport: found 0 file(s)
[2026-06-19T01:56:42.690Z] OrderImport: nothing to do.
[2026-06-19T01:57:11.807Z] OrderImport daemon: cycle start
[2026-06-19T01:57:12.703Z] OrderImport: found 0 file(s)
[2026-06-19T01:57:12.704Z] OrderImport: nothing to do.
[2026-06-19T01:57:41.835Z] OrderImport daemon: cycle start
[2026-06-19T01:57:42.734Z] OrderImport: found 0 file(s)
[2026-06-19T01:57:42.734Z] OrderImport: nothing to do.
[2026-06-19T01:58:11.836Z] OrderImport daemon: cycle start
[2026-06-19T01:58:12.740Z] OrderImport: found 0 file(s)
[2026-06-19T01:58:12.740Z] OrderImport: nothing to do.
[2026-06-19T01:58:41.864Z] OrderImport daemon: cycle start
[2026-06-19T01:58:43.175Z] OrderImport: found 0 file(s)
[2026-06-19T01:58:43.175Z] OrderImport: nothing to do.
[2026-06-19T01:59:11.891Z] OrderImport daemon: cycle start
[2026-06-19T01:59:13.182Z] OrderImport: found 0 file(s)
[2026-06-19T01:59:13.182Z] OrderImport: nothing to do.
[2026-06-19T01:59:41.919Z] OrderImport daemon: cycle start
[2026-06-19T01:59:43.240Z] OrderImport: found 0 file(s)
[2026-06-19T01:59:43.240Z] OrderImport: nothing to do.
[2026-06-19T02:00:11.947Z] OrderImport daemon: cycle start
[2026-06-19T02:00:13.250Z] OrderImport: found 0 file(s)
[2026-06-19T02:00:13.250Z] OrderImport: nothing to do.
[2026-06-19T02:00:41.949Z] OrderImport daemon: cycle start
[2026-06-19T02:00:43.281Z] OrderImport: nothing to do.
[2026-06-19T02:00:43.281Z] OrderImport: found 0 file(s)
[2026-06-19T02:01:11.975Z] OrderImport daemon: cycle start
[2026-06-19T02:01:12.887Z] OrderImport: found 0 file(s)
[2026-06-19T02:01:12.887Z] OrderImport: nothing to do.
[2026-06-19T02:01:41.997Z] OrderImport daemon: cycle start
[2026-06-19T02:01:42.922Z] OrderImport: found 0 file(s)
[2026-06-19T02:01:42.922Z] OrderImport: nothing to do.
[2026-06-19T02:02:11.999Z] OrderImport daemon: cycle start
[2026-06-19T02:02:12.901Z] OrderImport: found 0 file(s)
[2026-06-19T02:02:12.901Z] OrderImport: nothing to do.
[2026-06-19T02:02:42.015Z] OrderImport daemon: cycle start
[2026-06-19T02:02:42.916Z] OrderImport: found 0 file(s)
[2026-06-19T02:02:42.916Z] OrderImport: nothing to do.
[2026-06-19T02:03:12.027Z] OrderImport daemon: cycle start
[2026-06-19T02:03:12.918Z] OrderImport: found 0 file(s)
[2026-06-19T02:03:12.918Z] OrderImport: nothing to do.
[2026-06-19T02:03:42.055Z] OrderImport daemon: cycle start
[2026-06-19T02:03:42.934Z] OrderImport: nothing to do.
[2026-06-19T02:03:42.934Z] OrderImport: found 0 file(s)
[2026-06-19T02:04:12.078Z] OrderImport daemon: cycle start
[2026-06-19T02:04:12.949Z] OrderImport: found 0 file(s)
[2026-06-19T02:04:12.949Z] OrderImport: nothing to do.
[2026-06-19T02:04:42.108Z] OrderImport daemon: cycle start
[2026-06-19T02:04:43.056Z] OrderImport: found 0 file(s)
[2026-06-19T02:04:43.056Z] OrderImport: nothing to do.
[2026-06-19T02:05:12.123Z] OrderImport daemon: cycle start
[2026-06-19T02:05:13.051Z] OrderImport: found 0 file(s)
[2026-06-19T02:05:13.051Z] OrderImport: nothing to do.
[2026-06-19T02:05:42.144Z] OrderImport daemon: cycle start
[2026-06-19T02:05:43.050Z] OrderImport: found 0 file(s)
[2026-06-19T02:05:43.050Z] OrderImport: nothing to do.
[2026-06-19T02:06:12.171Z] OrderImport daemon: cycle start
[2026-06-19T02:06:13.068Z] OrderImport: found 0 file(s)
[2026-06-19T02:06:13.069Z] OrderImport: nothing to do.
[2026-06-19T02:06:42.194Z] OrderImport daemon: cycle start
[2026-06-19T02:06:43.092Z] OrderImport: found 0 file(s)
[2026-06-19T02:06:43.093Z] OrderImport: nothing to do.
[2026-06-19T02:07:12.219Z] OrderImport daemon: cycle start
[2026-06-19T02:07:13.131Z] OrderImport: found 0 file(s)
[2026-06-19T02:07:13.132Z] OrderImport: nothing to do.
[2026-06-19T02:07:42.247Z] OrderImport daemon: cycle start
[2026-06-19T02:07:43.134Z] OrderImport: found 0 file(s)
[2026-06-19T02:07:43.134Z] OrderImport: nothing to do.
[2026-06-19T02:08:12.256Z] OrderImport daemon: cycle start
[2026-06-19T02:08:13.161Z] OrderImport: found 0 file(s)
[2026-06-19T02:08:13.162Z] OrderImport: nothing to do.
[2026-06-19T02:08:42.284Z] OrderImport daemon: cycle start
[2026-06-19T02:08:43.145Z] OrderImport: found 0 file(s)
[2026-06-19T02:08:43.145Z] OrderImport: nothing to do.
[2026-06-19T02:09:12.311Z] OrderImport daemon: cycle start
[2026-06-19T02:09:13.220Z] OrderImport: found 0 file(s)
[2026-06-19T02:09:13.220Z] OrderImport: nothing to do.
[2026-06-19T02:09:42.339Z] OrderImport daemon: cycle start
[2026-06-19T02:09:43.241Z] OrderImport: found 0 file(s)
[2026-06-19T02:09:43.242Z] OrderImport: nothing to do.
[2026-06-19T02:10:12.368Z] OrderImport daemon: cycle start
[2026-06-19T02:10:13.296Z] OrderImport: found 0 file(s)
[2026-06-19T02:10:13.296Z] OrderImport: nothing to do.
[2026-06-19T02:10:42.395Z] OrderImport daemon: cycle start
[2026-06-19T02:10:43.280Z] OrderImport: found 0 file(s)
[2026-06-19T02:10:43.280Z] OrderImport: nothing to do.
[2026-06-19T02:11:12.416Z] OrderImport daemon: cycle start
[2026-06-19T02:11:13.309Z] OrderImport: found 0 file(s)
[2026-06-19T02:11:13.309Z] OrderImport: nothing to do.
[2026-06-19T02:11:42.445Z] OrderImport daemon: cycle start
[2026-06-19T02:11:43.328Z] OrderImport: found 0 file(s)
[2026-06-19T02:11:43.328Z] OrderImport: nothing to do.
[2026-06-19T02:12:12.451Z] OrderImport daemon: cycle start
[2026-06-19T02:12:13.348Z] OrderImport: found 0 file(s)
[2026-06-19T02:12:13.348Z] OrderImport: nothing to do.
[2026-06-19T02:12:42.479Z] OrderImport daemon: cycle start
[2026-06-19T02:12:43.400Z] OrderImport: found 0 file(s)
[2026-06-19T02:12:43.400Z] OrderImport: nothing to do.
[2026-06-19T02:13:12.508Z] OrderImport daemon: cycle start
[2026-06-19T02:13:13.402Z] OrderImport: found 0 file(s)
[2026-06-19T02:13:13.402Z] OrderImport: nothing to do.
[2026-06-19T02:13:42.533Z] OrderImport daemon: cycle start
[2026-06-19T02:13:43.408Z] OrderImport: found 0 file(s)
[2026-06-19T02:13:43.408Z] OrderImport: nothing to do.
[2026-06-19T02:14:12.559Z] OrderImport daemon: cycle start
[2026-06-19T02:14:13.496Z] OrderImport: found 0 file(s)
[2026-06-19T02:14:13.496Z] OrderImport: nothing to do.
[2026-06-19T02:14:42.587Z] OrderImport daemon: cycle start
[2026-06-19T02:14:43.508Z] OrderImport: found 0 file(s)
[2026-06-19T02:14:43.508Z] OrderImport: nothing to do.
[2026-06-19T02:15:12.600Z] OrderImport daemon: cycle start
[2026-06-19T02:15:13.517Z] OrderImport: found 0 file(s)
[2026-06-19T02:15:13.518Z] OrderImport: nothing to do.
[2026-06-19T02:15:42.627Z] OrderImport daemon: cycle start
[2026-06-19T02:15:43.549Z] OrderImport: found 0 file(s)
[2026-06-19T02:15:43.549Z] OrderImport: nothing to do.
[2026-06-19T02:16:12.655Z] OrderImport daemon: cycle start
[2026-06-19T02:16:13.592Z] OrderImport: found 0 file(s)
[2026-06-19T02:16:13.592Z] OrderImport: nothing to do.
[2026-06-19T02:16:42.683Z] OrderImport daemon: cycle start
[2026-06-19T02:16:43.576Z] OrderImport: found 0 file(s)
[2026-06-19T02:16:43.576Z] OrderImport: nothing to do.
[2026-06-19T02:17:12.711Z] OrderImport daemon: cycle start
[2026-06-19T02:17:13.598Z] OrderImport: nothing to do.
[2026-06-19T02:17:13.598Z] OrderImport: found 0 file(s)
[2026-06-19T02:17:42.740Z] OrderImport daemon: cycle start
[2026-06-19T02:17:43.626Z] OrderImport: found 0 file(s)
[2026-06-19T02:17:43.626Z] OrderImport: nothing to do.
[2026-06-19T02:18:12.764Z] OrderImport daemon: cycle start
[2026-06-19T02:18:13.657Z] OrderImport: found 0 file(s)
[2026-06-19T02:18:13.657Z] OrderImport: nothing to do.
[2026-06-19T02:18:42.791Z] OrderImport daemon: cycle start
[2026-06-19T02:18:43.704Z] OrderImport: found 0 file(s)
[2026-06-19T02:18:43.704Z] OrderImport: nothing to do.
[2026-06-19T02:19:12.819Z] OrderImport daemon: cycle start
[2026-06-19T02:19:13.733Z] OrderImport: found 0 file(s)
[2026-06-19T02:19:13.733Z] OrderImport: nothing to do.
[2026-06-19T02:19:42.846Z] OrderImport daemon: cycle start
[2026-06-19T02:19:43.777Z] OrderImport: found 0 file(s)
[2026-06-19T02:19:43.777Z] OrderImport: nothing to do.
[2026-06-19T02:20:12.852Z] OrderImport daemon: cycle start
[2026-06-19T02:20:13.711Z] OrderImport: found 0 file(s)
[2026-06-19T02:20:13.711Z] OrderImport: nothing to do.
[2026-06-19T02:20:42.854Z] OrderImport daemon: cycle start
[2026-06-19T02:20:43.737Z] OrderImport: found 0 file(s)
[2026-06-19T02:20:43.737Z] OrderImport: nothing to do.
[2026-06-19T02:21:12.883Z] OrderImport daemon: cycle start
[2026-06-19T02:21:13.855Z] OrderImport: found 0 file(s)
[2026-06-19T02:21:13.855Z] OrderImport: nothing to do.
[2026-06-19T02:21:42.908Z] OrderImport daemon: cycle start
[2026-06-19T02:21:43.805Z] OrderImport: found 0 file(s)
[2026-06-19T02:21:43.805Z] OrderImport: nothing to do.
[2026-06-19T02:22:12.916Z] OrderImport daemon: cycle start
[2026-06-19T02:22:13.845Z] OrderImport: found 0 file(s)
[2026-06-19T02:22:13.845Z] OrderImport: nothing to do.
[2026-06-19T02:22:42.924Z] OrderImport daemon: cycle start
[2026-06-19T02:22:43.799Z] OrderImport: found 0 file(s)
[2026-06-19T02:22:43.799Z] OrderImport: nothing to do.
[2026-06-19T02:23:12.947Z] OrderImport daemon: cycle start
[2026-06-19T02:23:13.842Z] OrderImport: found 0 file(s)
[2026-06-19T02:23:13.842Z] OrderImport: nothing to do.
[2026-06-19T02:23:42.976Z] OrderImport daemon: cycle start
[2026-06-19T02:23:43.859Z] OrderImport: nothing to do.
[2026-06-19T02:23:43.859Z] OrderImport: found 0 file(s)
[2026-06-19T02:24:12.983Z] OrderImport daemon: cycle start
[2026-06-19T02:24:13.875Z] OrderImport: found 0 file(s)
[2026-06-19T02:24:13.875Z] OrderImport: nothing to do.
[2026-06-19T02:24:43.012Z] OrderImport daemon: cycle start
[2026-06-19T02:24:43.914Z] OrderImport: found 0 file(s)
[2026-06-19T02:24:43.914Z] OrderImport: nothing to do.
[2026-06-19T02:25:13.040Z] OrderImport daemon: cycle start
[2026-06-19T02:25:13.950Z] OrderImport: found 0 file(s)
[2026-06-19T02:25:13.950Z] OrderImport: nothing to do.
[2026-06-19T02:25:43.067Z] OrderImport daemon: cycle start
[2026-06-19T02:25:43.980Z] OrderImport: found 0 file(s)
[2026-06-19T02:25:43.980Z] OrderImport: nothing to do.
[2026-06-19T02:26:13.096Z] OrderImport daemon: cycle start
[2026-06-19T02:26:13.971Z] OrderImport: found 0 file(s)
[2026-06-19T02:26:13.971Z] OrderImport: nothing to do.
[2026-06-19T02:26:43.124Z] OrderImport daemon: cycle start
[2026-06-19T02:26:44.009Z] OrderImport: found 0 file(s)
[2026-06-19T02:26:44.009Z] OrderImport: nothing to do.
[2026-06-19T02:27:13.141Z] OrderImport daemon: cycle start
[2026-06-19T02:27:14.041Z] OrderImport: found 0 file(s)
[2026-06-19T02:27:14.041Z] OrderImport: nothing to do.
[2026-06-19T02:27:43.154Z] OrderImport daemon: cycle start
[2026-06-19T02:27:44.024Z] OrderImport: found 0 file(s)
[2026-06-19T02:27:44.024Z] OrderImport: nothing to do.
[2026-06-19T02:28:13.180Z] OrderImport daemon: cycle start
[2026-06-19T02:28:14.057Z] OrderImport: found 0 file(s)
[2026-06-19T02:28:14.057Z] OrderImport: nothing to do.
[2026-06-19T02:28:43.200Z] OrderImport daemon: cycle start
[2026-06-19T02:28:44.518Z] OrderImport: found 0 file(s)
[2026-06-19T02:28:44.518Z] OrderImport: nothing to do.
[2026-06-19T02:29:13.202Z] OrderImport daemon: cycle start
[2026-06-19T02:29:14.522Z] OrderImport: found 0 file(s)
[2026-06-19T02:29:14.522Z] OrderImport: nothing to do.
[2026-06-19T02:29:43.211Z] OrderImport daemon: cycle start
[2026-06-19T02:29:44.509Z] OrderImport: found 0 file(s)
[2026-06-19T02:29:44.509Z] OrderImport: nothing to do.
[2026-06-19T02:30:13.214Z] OrderImport daemon: cycle start
[2026-06-19T02:30:14.528Z] OrderImport: found 0 file(s)
[2026-06-19T02:30:14.528Z] OrderImport: nothing to do.
[2026-06-19T02:30:43.219Z] OrderImport daemon: cycle start
[2026-06-19T02:30:44.527Z] OrderImport: found 0 file(s)
[2026-06-19T02:30:44.527Z] OrderImport: nothing to do.
[2026-06-19T02:31:13.245Z] OrderImport daemon: cycle start
[2026-06-19T02:31:14.135Z] OrderImport: found 0 file(s)
[2026-06-19T02:31:14.135Z] OrderImport: nothing to do.
[2026-06-19T02:31:43.266Z] OrderImport daemon: cycle start
[2026-06-19T02:31:44.142Z] OrderImport: found 0 file(s)
[2026-06-19T02:31:44.142Z] OrderImport: nothing to do.
[2026-06-19T02:32:13.292Z] OrderImport daemon: cycle start
[2026-06-19T02:32:14.182Z] OrderImport: nothing to do.
[2026-06-19T02:32:14.182Z] OrderImport: found 0 file(s)
[2026-06-19T02:32:43.319Z] OrderImport daemon: cycle start
[2026-06-19T02:32:44.193Z] OrderImport: found 0 file(s)
[2026-06-19T02:32:44.193Z] OrderImport: nothing to do.
[2026-06-19T02:33:13.347Z] OrderImport daemon: cycle start
[2026-06-19T02:33:14.244Z] OrderImport: found 0 file(s)
[2026-06-19T02:33:14.244Z] OrderImport: nothing to do.
[2026-06-19T02:33:43.375Z] OrderImport daemon: cycle start
[2026-06-19T02:33:44.287Z] OrderImport: found 0 file(s)
[2026-06-19T02:33:44.287Z] OrderImport: nothing to do.
[2026-06-19T02:34:13.403Z] OrderImport daemon: cycle start
[2026-06-19T02:34:14.304Z] OrderImport: found 0 file(s)
[2026-06-19T02:34:14.304Z] OrderImport: nothing to do.
[2026-06-19T02:34:43.431Z] OrderImport daemon: cycle start
[2026-06-19T02:34:44.318Z] OrderImport: found 0 file(s)
[2026-06-19T02:34:44.318Z] OrderImport: nothing to do.
[2026-06-19T02:35:13.459Z] OrderImport daemon: cycle start
[2026-06-19T02:35:14.329Z] OrderImport: found 0 file(s)
[2026-06-19T02:35:14.329Z] OrderImport: nothing to do.
[2026-06-19T02:35:43.471Z] OrderImport daemon: cycle start
[2026-06-19T02:35:44.405Z] OrderImport: found 0 file(s)
[2026-06-19T02:35:44.405Z] OrderImport: nothing to do.
[2026-06-19T02:36:13.501Z] OrderImport daemon: cycle start
[2026-06-19T02:36:14.411Z] OrderImport: found 0 file(s)
[2026-06-19T02:36:14.411Z] OrderImport: nothing to do.
[2026-06-19T02:36:43.525Z] OrderImport daemon: cycle start
[2026-06-19T02:36:44.432Z] OrderImport: found 0 file(s)
[2026-06-19T02:36:44.432Z] OrderImport: nothing to do.
[2026-06-19T02:37:13.540Z] OrderImport daemon: cycle start
[2026-06-19T02:37:14.435Z] OrderImport: found 0 file(s)
[2026-06-19T02:37:14.435Z] OrderImport: nothing to do.
[2026-06-19T02:37:43.568Z] OrderImport daemon: cycle start
[2026-06-19T02:37:44.448Z] OrderImport: found 0 file(s)
[2026-06-19T02:37:44.449Z] OrderImport: nothing to do.
[2026-06-19T02:38:13.595Z] OrderImport daemon: cycle start
[2026-06-19T02:38:14.494Z] OrderImport: found 0 file(s)
[2026-06-19T02:38:14.494Z] OrderImport: nothing to do.
[2026-06-19T02:38:43.612Z] OrderImport daemon: cycle start
[2026-06-19T02:38:44.472Z] OrderImport: found 0 file(s)
[2026-06-19T02:38:44.472Z] OrderImport: nothing to do.
[2026-06-19T02:39:13.623Z] OrderImport daemon: cycle start
[2026-06-19T02:39:14.561Z] OrderImport: found 0 file(s)
[2026-06-19T02:39:14.561Z] OrderImport: nothing to do.
[2026-06-19T02:39:43.636Z] OrderImport daemon: cycle start
[2026-06-19T02:39:44.517Z] OrderImport: found 0 file(s)
[2026-06-19T02:39:44.517Z] OrderImport: nothing to do.
[2026-06-19T02:40:13.663Z] OrderImport daemon: cycle start
[2026-06-19T02:40:14.550Z] OrderImport: found 0 file(s)
[2026-06-19T02:40:14.550Z] OrderImport: nothing to do.
[2026-06-19T02:40:43.691Z] OrderImport daemon: cycle start
[2026-06-19T02:40:44.598Z] OrderImport: found 0 file(s)
[2026-06-19T02:40:44.599Z] OrderImport: nothing to do.
[2026-06-19T02:41:13.704Z] OrderImport daemon: cycle start
[2026-06-19T02:41:14.655Z] OrderImport: found 0 file(s)
[2026-06-19T02:41:14.655Z] OrderImport: nothing to do.
[2026-06-19T02:41:43.731Z] OrderImport daemon: cycle start
[2026-06-19T02:41:44.642Z] OrderImport: found 0 file(s)
[2026-06-19T02:41:44.642Z] OrderImport: nothing to do.
[2026-06-19T02:42:13.759Z] OrderImport daemon: cycle start
[2026-06-19T02:42:14.670Z] OrderImport: found 0 file(s)
[2026-06-19T02:42:14.670Z] OrderImport: nothing to do.
[2026-06-19T02:42:43.787Z] OrderImport daemon: cycle start
[2026-06-19T02:42:44.687Z] OrderImport: found 0 file(s)
[2026-06-19T02:42:44.687Z] OrderImport: nothing to do.
[2026-06-19T02:43:13.816Z] OrderImport daemon: cycle start
[2026-06-19T02:43:14.707Z] OrderImport: found 0 file(s)
[2026-06-19T02:43:14.707Z] OrderImport: nothing to do.
[2026-06-19T02:43:43.830Z] OrderImport daemon: cycle start
[2026-06-19T02:43:44.759Z] OrderImport: found 0 file(s)
[2026-06-19T02:43:44.759Z] OrderImport: nothing to do.
[2026-06-19T02:44:13.834Z] OrderImport daemon: cycle start
[2026-06-19T02:44:14.784Z] OrderImport: found 0 file(s)
[2026-06-19T02:44:14.784Z] OrderImport: nothing to do.
[2026-06-19T02:44:43.863Z] OrderImport daemon: cycle start
[2026-06-19T02:44:44.752Z] OrderImport: found 0 file(s)
[2026-06-19T02:44:44.752Z] OrderImport: nothing to do.
[2026-06-19T02:45:13.884Z] OrderImport daemon: cycle start
[2026-06-19T02:45:14.769Z] OrderImport: found 0 file(s)
[2026-06-19T02:45:14.769Z] OrderImport: nothing to do.
[2026-06-19T02:45:43.911Z] OrderImport daemon: cycle start
[2026-06-19T02:45:44.821Z] OrderImport: found 0 file(s)
[2026-06-19T02:45:44.821Z] OrderImport: nothing to do.
[2026-06-19T02:46:13.939Z] OrderImport daemon: cycle start
[2026-06-19T02:46:14.852Z] OrderImport: found 0 file(s)
[2026-06-19T02:46:14.852Z] OrderImport: nothing to do.
[2026-06-19T02:46:43.967Z] OrderImport daemon: cycle start
[2026-06-19T02:46:44.858Z] OrderImport: found 0 file(s)
[2026-06-19T02:46:44.858Z] OrderImport: nothing to do.
[2026-06-19T02:47:13.995Z] OrderImport daemon: cycle start
[2026-06-19T02:47:14.893Z] OrderImport: found 0 file(s)
[2026-06-19T02:47:14.893Z] OrderImport: nothing to do.
[2026-06-19T02:47:44.012Z] OrderImport daemon: cycle start
[2026-06-19T02:47:44.939Z] OrderImport: found 0 file(s)
[2026-06-19T02:47:44.940Z] OrderImport: nothing to do.
[2026-06-19T02:48:14.040Z] OrderImport daemon: cycle start
[2026-06-19T02:48:14.933Z] OrderImport: found 0 file(s)
[2026-06-19T02:48:14.933Z] OrderImport: nothing to do.
[2026-06-19T02:48:44.064Z] OrderImport daemon: cycle start
[2026-06-19T02:48:44.964Z] OrderImport: found 0 file(s)
[2026-06-19T02:48:44.964Z] OrderImport: nothing to do.
[2026-06-19T02:49:14.092Z] OrderImport daemon: cycle start
[2026-06-19T02:49:15.020Z] OrderImport: found 0 file(s)
[2026-06-19T02:49:15.020Z] OrderImport: nothing to do.
[2026-06-19T02:49:44.121Z] OrderImport daemon: cycle start
[2026-06-19T02:49:45.081Z] OrderImport: found 0 file(s)
[2026-06-19T02:49:45.081Z] OrderImport: nothing to do.
[2026-06-19T02:50:14.123Z] OrderImport daemon: cycle start
[2026-06-19T02:50:15.031Z] OrderImport: found 0 file(s)
[2026-06-19T02:50:15.031Z] OrderImport: nothing to do.
[2026-06-19T02:50:44.151Z] OrderImport daemon: cycle start
[2026-06-19T02:50:45.097Z] OrderImport: found 0 file(s)
[2026-06-19T02:50:45.097Z] OrderImport: nothing to do.
[2026-06-19T02:51:14.179Z] OrderImport daemon: cycle start
[2026-06-19T02:51:15.095Z] OrderImport: nothing to do.
[2026-06-19T02:51:15.095Z] OrderImport: found 0 file(s)
[2026-06-19T02:51:44.180Z] OrderImport daemon: cycle start
[2026-06-19T02:51:45.095Z] OrderImport: found 0 file(s)
[2026-06-19T02:51:45.095Z] OrderImport: nothing to do.
[2026-06-19T02:52:14.207Z] OrderImport daemon: cycle start
[2026-06-19T02:52:15.108Z] OrderImport: found 0 file(s)
[2026-06-19T02:52:15.108Z] OrderImport: nothing to do.
[2026-06-19T02:52:44.235Z] OrderImport daemon: cycle start
[2026-06-19T02:52:45.139Z] OrderImport: nothing to do.
[2026-06-19T02:52:45.139Z] OrderImport: found 0 file(s)
[2026-06-19T02:53:14.264Z] OrderImport daemon: cycle start
[2026-06-19T02:53:15.167Z] OrderImport: found 0 file(s)
[2026-06-19T02:53:15.167Z] OrderImport: nothing to do.
[2026-06-19T02:53:44.291Z] OrderImport daemon: cycle start
[2026-06-19T02:53:45.196Z] OrderImport: found 0 file(s)
[2026-06-19T02:53:45.196Z] OrderImport: nothing to do.
[2026-06-19T02:54:14.319Z] OrderImport daemon: cycle start
[2026-06-19T02:54:15.219Z] OrderImport: found 0 file(s)
[2026-06-19T02:54:15.219Z] OrderImport: nothing to do.
[2026-06-19T02:54:44.348Z] OrderImport daemon: cycle start
[2026-06-19T02:54:45.242Z] OrderImport: found 0 file(s)
[2026-06-19T02:54:45.242Z] OrderImport: nothing to do.
[2026-06-19T02:55:14.355Z] OrderImport daemon: cycle start
[2026-06-19T02:55:15.270Z] OrderImport: found 0 file(s)
[2026-06-19T02:55:15.270Z] OrderImport: nothing to do.
[2026-06-19T02:55:44.383Z] OrderImport daemon: cycle start
[2026-06-19T02:55:45.244Z] OrderImport: found 0 file(s)
[2026-06-19T02:55:45.244Z] OrderImport: nothing to do.
[2026-06-19T02:56:14.411Z] OrderImport daemon: cycle start
[2026-06-19T02:56:15.325Z] OrderImport: found 0 file(s)
[2026-06-19T02:56:15.325Z] OrderImport: nothing to do.
[2026-06-19T02:56:44.439Z] OrderImport daemon: cycle start
[2026-06-19T02:56:45.308Z] OrderImport: found 0 file(s)
[2026-06-19T02:56:45.308Z] OrderImport: nothing to do.
[2026-06-19T02:57:14.463Z] OrderImport daemon: cycle start
[2026-06-19T02:57:15.339Z] OrderImport: found 0 file(s)
[2026-06-19T02:57:15.339Z] OrderImport: nothing to do.
[2026-06-19T02:57:44.472Z] OrderImport daemon: cycle start
[2026-06-19T02:57:45.360Z] OrderImport: found 0 file(s)
[2026-06-19T02:57:45.360Z] OrderImport: nothing to do.
[2026-06-19T02:58:14.499Z] OrderImport daemon: cycle start
[2026-06-19T02:58:15.372Z] OrderImport: found 0 file(s)
[2026-06-19T02:58:15.372Z] OrderImport: nothing to do.
[2026-06-19T02:58:44.527Z] OrderImport daemon: cycle start
[2026-06-19T02:58:45.425Z] OrderImport: found 0 file(s)
[2026-06-19T02:58:45.425Z] OrderImport: nothing to do.
[2026-06-19T02:59:14.550Z] OrderImport daemon: cycle start
[2026-06-19T02:59:15.458Z] OrderImport: found 0 file(s)
[2026-06-19T02:59:15.458Z] OrderImport: nothing to do.
[2026-06-19T02:59:44.575Z] OrderImport daemon: cycle start
[2026-06-19T02:59:45.476Z] OrderImport: found 0 file(s)
[2026-06-19T02:59:45.476Z] OrderImport: nothing to do.
[2026-06-19T03:00:14.578Z] OrderImport daemon: cycle start
[2026-06-19T03:00:15.514Z] OrderImport: found 0 file(s)
[2026-06-19T03:00:15.514Z] OrderImport: nothing to do.
[2026-06-19T03:00:44.580Z] OrderImport daemon: cycle start
[2026-06-19T03:00:45.480Z] OrderImport: found 0 file(s)
[2026-06-19T03:00:45.480Z] OrderImport: nothing to do.
[2026-06-19T03:01:14.609Z] OrderImport daemon: cycle start
[2026-06-19T03:01:15.474Z] OrderImport: nothing to do.
[2026-06-19T03:01:15.474Z] OrderImport: found 0 file(s)
[2026-06-19T03:01:44.616Z] OrderImport daemon: cycle start
[2026-06-19T03:01:45.492Z] OrderImport: found 0 file(s)
[2026-06-19T03:01:45.492Z] OrderImport: nothing to do.
[2026-06-19T03:02:14.644Z] OrderImport daemon: cycle start
[2026-06-19T03:02:15.512Z] OrderImport: found 0 file(s)
[2026-06-19T03:02:15.512Z] OrderImport: nothing to do.
[2026-06-19T03:02:44.663Z] OrderImport daemon: cycle start
[2026-06-19T03:02:45.546Z] OrderImport: found 0 file(s)
[2026-06-19T03:02:45.546Z] OrderImport: nothing to do.
[2026-06-19T03:03:14.676Z] OrderImport daemon: cycle start
[2026-06-19T03:03:15.558Z] OrderImport: found 0 file(s)
[2026-06-19T03:03:15.558Z] OrderImport: nothing to do.
[2026-06-19T03:03:44.704Z] OrderImport daemon: cycle start
[2026-06-19T03:03:45.611Z] OrderImport: found 0 file(s)
[2026-06-19T03:03:45.611Z] OrderImport: nothing to do.
[2026-06-19T03:04:14.721Z] OrderImport daemon: cycle start
[2026-06-19T03:04:15.603Z] OrderImport: found 0 file(s)
[2026-06-19T03:04:15.603Z] OrderImport: nothing to do.
[2026-06-19T03:04:44.726Z] OrderImport daemon: cycle start
[2026-06-19T03:04:45.627Z] OrderImport: found 0 file(s)
[2026-06-19T03:04:45.628Z] OrderImport: nothing to do.
[2026-06-19T03:05:14.737Z] OrderImport daemon: cycle start
[2026-06-19T03:05:15.638Z] OrderImport: found 0 file(s)
[2026-06-19T03:05:15.638Z] OrderImport: nothing to do.
[2026-06-19T03:05:44.758Z] OrderImport daemon: cycle start
[2026-06-19T03:05:45.680Z] OrderImport: found 0 file(s)
[2026-06-19T03:05:45.680Z] OrderImport: nothing to do.
[2026-06-19T03:06:14.776Z] OrderImport daemon: cycle start
[2026-06-19T03:06:15.646Z] OrderImport: found 0 file(s)
[2026-06-19T03:06:15.646Z] OrderImport: nothing to do.
[2026-06-19T03:06:44.793Z] OrderImport daemon: cycle start
[2026-06-19T03:06:45.658Z] OrderImport: found 0 file(s)
[2026-06-19T03:06:45.658Z] OrderImport: nothing to do.
[2026-06-19T03:07:14.819Z] OrderImport daemon: cycle start
[2026-06-19T03:07:15.712Z] OrderImport: nothing to do.
[2026-06-19T03:07:15.712Z] OrderImport: found 0 file(s)
[2026-06-19T03:07:44.848Z] OrderImport daemon: cycle start
[2026-06-19T03:07:45.756Z] OrderImport: found 0 file(s)
[2026-06-19T03:07:45.756Z] OrderImport: nothing to do.
[2026-06-19T03:08:14.875Z] OrderImport daemon: cycle start
[2026-06-19T03:08:15.802Z] OrderImport: found 0 file(s)
[2026-06-19T03:08:15.802Z] OrderImport: nothing to do.
[2026-06-19T03:08:44.899Z] OrderImport daemon: cycle start
[2026-06-19T03:08:45.785Z] OrderImport: found 0 file(s)
[2026-06-19T03:08:45.785Z] OrderImport: nothing to do.
[2026-06-19T03:09:14.901Z] OrderImport daemon: cycle start
[2026-06-19T03:09:15.799Z] OrderImport: found 0 file(s)
[2026-06-19T03:09:15.799Z] OrderImport: nothing to do.
[2026-06-19T03:09:44.926Z] OrderImport daemon: cycle start
[2026-06-19T03:09:45.789Z] OrderImport: nothing to do.
[2026-06-19T03:09:45.789Z] OrderImport: found 0 file(s)
[2026-06-19T03:10:14.955Z] OrderImport daemon: cycle start
[2026-06-19T03:10:15.834Z] OrderImport: found 0 file(s)
[2026-06-19T03:10:15.834Z] OrderImport: nothing to do.
[2026-06-19T03:10:44.975Z] OrderImport daemon: cycle start
[2026-06-19T03:10:45.877Z] OrderImport: found 0 file(s)
[2026-06-19T03:10:45.877Z] OrderImport: nothing to do.
[2026-06-19T03:11:14.991Z] OrderImport daemon: cycle start
[2026-06-19T03:11:15.880Z] OrderImport: found 0 file(s)
[2026-06-19T03:11:15.881Z] OrderImport: nothing to do.
[2026-06-19T03:11:45.013Z] OrderImport daemon: cycle start
[2026-06-19T03:11:45.904Z] OrderImport: nothing to do.
[2026-06-19T03:11:45.904Z] OrderImport: found 0 file(s)
[2026-06-19T03:12:15.022Z] OrderImport daemon: cycle start
[2026-06-19T03:12:15.912Z] OrderImport: found 0 file(s)
[2026-06-19T03:12:15.912Z] OrderImport: nothing to do.
[2026-06-19T03:12:45.047Z] OrderImport daemon: cycle start
[2026-06-19T03:12:45.945Z] OrderImport: found 0 file(s)
[2026-06-19T03:12:45.945Z] OrderImport: nothing to do.
[2026-06-19T03:13:15.075Z] OrderImport daemon: cycle start
[2026-06-19T03:13:15.955Z] OrderImport: found 0 file(s)
[2026-06-19T03:13:15.955Z] OrderImport: nothing to do.
[2026-06-19T03:13:45.104Z] OrderImport daemon: cycle start
[2026-06-19T03:13:46.015Z] OrderImport: found 0 file(s)
[2026-06-19T03:13:46.015Z] OrderImport: nothing to do.
[2026-06-19T03:14:15.131Z] OrderImport daemon: cycle start
[2026-06-19T03:14:16.048Z] OrderImport: found 0 file(s)
[2026-06-19T03:14:16.048Z] OrderImport: nothing to do.
[2026-06-19T03:14:45.159Z] OrderImport daemon: cycle start
[2026-06-19T03:14:46.020Z] OrderImport: nothing to do.
[2026-06-19T03:14:46.020Z] OrderImport: found 0 file(s)
[2026-06-19T03:15:15.163Z] OrderImport daemon: cycle start
[2026-06-19T03:15:16.058Z] OrderImport: found 0 file(s)
[2026-06-19T03:15:16.058Z] OrderImport: nothing to do.
[2026-06-19T03:15:45.163Z] OrderImport daemon: cycle start
[2026-06-19T03:15:46.101Z] OrderImport: found 0 file(s)
[2026-06-19T03:15:46.101Z] OrderImport: nothing to do.
[2026-06-19T03:16:15.187Z] OrderImport daemon: cycle start
[2026-06-19T03:16:16.090Z] OrderImport: found 0 file(s)
[2026-06-19T03:16:16.090Z] OrderImport: nothing to do.
[2026-06-19T03:16:45.215Z] OrderImport daemon: cycle start
[2026-06-19T03:16:46.118Z] OrderImport: found 0 file(s)
[2026-06-19T03:16:46.118Z] OrderImport: nothing to do.
[2026-06-19T03:17:15.223Z] OrderImport daemon: cycle start
[2026-06-19T03:17:16.157Z] OrderImport: found 0 file(s)
[2026-06-19T03:17:16.157Z] OrderImport: nothing to do.
[2026-06-19T03:17:45.251Z] OrderImport daemon: cycle start
[2026-06-19T03:17:46.156Z] OrderImport: found 0 file(s)
[2026-06-19T03:17:46.156Z] OrderImport: nothing to do.
[2026-06-19T03:18:15.279Z] OrderImport daemon: cycle start
[2026-06-19T03:18:16.179Z] OrderImport: found 0 file(s)
[2026-06-19T03:18:16.179Z] OrderImport: nothing to do.
[2026-06-19T03:18:45.295Z] OrderImport daemon: cycle start
[2026-06-19T03:18:46.182Z] OrderImport: found 0 file(s)
[2026-06-19T03:18:46.183Z] OrderImport: nothing to do.
[2026-06-19T03:19:15.323Z] OrderImport daemon: cycle start
[2026-06-19T03:19:16.278Z] OrderImport: found 0 file(s)
[2026-06-19T03:19:16.279Z] OrderImport: nothing to do.
[2026-06-19T03:19:45.347Z] OrderImport daemon: cycle start
[2026-06-19T03:19:46.245Z] OrderImport: found 0 file(s)
[2026-06-19T03:19:46.245Z] OrderImport: nothing to do.
[2026-06-19T03:20:15.376Z] OrderImport daemon: cycle start
[2026-06-19T03:20:16.293Z] OrderImport: found 0 file(s)
[2026-06-19T03:20:16.293Z] OrderImport: nothing to do.
[2026-06-19T03:20:45.404Z] OrderImport daemon: cycle start
[2026-06-19T03:20:46.294Z] OrderImport: found 0 file(s)
[2026-06-19T03:20:46.294Z] OrderImport: nothing to do.
[2026-06-19T03:21:15.431Z] OrderImport daemon: cycle start
[2026-06-19T03:21:16.318Z] OrderImport: found 0 file(s)
[2026-06-19T03:21:16.319Z] OrderImport: nothing to do.
[2026-06-19T03:21:45.442Z] OrderImport daemon: cycle start
[2026-06-19T03:21:46.334Z] OrderImport: found 0 file(s)
[2026-06-19T03:21:46.334Z] OrderImport: nothing to do.
[2026-06-19T03:22:15.467Z] OrderImport daemon: cycle start
[2026-06-19T03:22:16.371Z] OrderImport: found 0 file(s)
[2026-06-19T03:22:16.371Z] OrderImport: nothing to do.
[2026-06-19T03:22:45.495Z] OrderImport daemon: cycle start
[2026-06-19T03:22:46.416Z] OrderImport: found 0 file(s)
[2026-06-19T03:22:46.416Z] OrderImport: nothing to do.
[2026-06-19T03:23:15.523Z] OrderImport daemon: cycle start
[2026-06-19T03:23:16.414Z] OrderImport: found 0 file(s)
[2026-06-19T03:23:16.415Z] OrderImport: nothing to do.
[2026-06-19T03:23:45.551Z] OrderImport daemon: cycle start
[2026-06-19T03:23:46.444Z] OrderImport: found 0 file(s)
[2026-06-19T03:23:46.445Z] OrderImport: nothing to do.
[2026-06-19T03:24:15.559Z] OrderImport daemon: cycle start
[2026-06-19T03:24:16.430Z] OrderImport: found 0 file(s)
[2026-06-19T03:24:16.430Z] OrderImport: nothing to do.
[2026-06-19T03:24:45.587Z] OrderImport daemon: cycle start
[2026-06-19T03:24:46.503Z] OrderImport: found 0 file(s)
[2026-06-19T03:24:46.503Z] OrderImport: nothing to do.
[2026-06-19T03:25:15.615Z] OrderImport daemon: cycle start
[2026-06-19T03:25:16.517Z] OrderImport: found 0 file(s)
[2026-06-19T03:25:16.517Z] OrderImport: nothing to do.
[2026-06-19T03:25:45.644Z] OrderImport daemon: cycle start
[2026-06-19T03:25:46.547Z] OrderImport: found 0 file(s)
[2026-06-19T03:25:46.547Z] OrderImport: nothing to do.
[2026-06-19T03:26:15.671Z] OrderImport daemon: cycle start
[2026-06-19T03:26:16.656Z] OrderImport: found 0 file(s)
[2026-06-19T03:26:16.656Z] OrderImport: nothing to do.
[2026-06-19T03:26:45.699Z] OrderImport daemon: cycle start
[2026-06-19T03:26:46.594Z] OrderImport: found 0 file(s)
[2026-06-19T03:26:46.595Z] OrderImport: nothing to do.
[2026-06-19T03:27:15.699Z] OrderImport daemon: cycle start
[2026-06-19T03:27:16.558Z] OrderImport: found 0 file(s)
[2026-06-19T03:27:16.558Z] OrderImport: nothing to do.
[2026-06-19T03:27:45.727Z] OrderImport daemon: cycle start
[2026-06-19T03:27:46.661Z] OrderImport: found 0 file(s)
[2026-06-19T03:27:46.661Z] OrderImport: nothing to do.
[2026-06-19T03:28:15.755Z] OrderImport daemon: cycle start
[2026-06-19T03:28:16.619Z] OrderImport: found 0 file(s)
[2026-06-19T03:28:16.619Z] OrderImport: nothing to do.
[2026-06-19T03:28:45.783Z] OrderImport daemon: cycle start
[2026-06-19T03:28:46.683Z] OrderImport: found 0 file(s)
[2026-06-19T03:28:46.683Z] OrderImport: nothing to do.
[2026-06-19T03:29:15.808Z] OrderImport daemon: cycle start
[2026-06-19T03:29:16.710Z] OrderImport: found 0 file(s)
[2026-06-19T03:29:16.710Z] OrderImport: nothing to do.
[2026-06-19T03:29:45.835Z] OrderImport daemon: cycle start
[2026-06-19T03:29:46.718Z] OrderImport: found 0 file(s)
[2026-06-19T03:29:46.718Z] OrderImport: nothing to do.
[2026-06-19T03:30:15.863Z] OrderImport daemon: cycle start
[2026-06-19T03:30:16.771Z] OrderImport: found 0 file(s)
[2026-06-19T03:30:16.771Z] OrderImport: nothing to do.
[2026-06-19T03:30:45.892Z] OrderImport daemon: cycle start
[2026-06-19T03:30:46.854Z] OrderImport: found 0 file(s)
[2026-06-19T03:30:46.854Z] OrderImport: nothing to do.
[2026-06-19T03:31:15.919Z] OrderImport daemon: cycle start
[2026-06-19T03:31:16.841Z] OrderImport: found 0 file(s)
[2026-06-19T03:31:16.841Z] OrderImport: nothing to do.
[2026-06-19T03:31:45.939Z] OrderImport daemon: cycle start
[2026-06-19T03:31:46.838Z] OrderImport: found 0 file(s)
[2026-06-19T03:31:46.839Z] OrderImport: nothing to do.
[2026-06-19T03:32:15.950Z] OrderImport daemon: cycle start
[2026-06-19T03:32:16.876Z] OrderImport: found 0 file(s)
[2026-06-19T03:32:16.876Z] OrderImport: nothing to do.
[2026-06-19T03:32:45.957Z] OrderImport daemon: cycle start
[2026-06-19T03:32:46.847Z] OrderImport: found 0 file(s)
[2026-06-19T03:32:46.847Z] OrderImport: nothing to do.
[2026-06-19T03:33:15.966Z] OrderImport daemon: cycle start
[2026-06-19T03:33:16.869Z] OrderImport: found 0 file(s)
[2026-06-19T03:33:16.869Z] OrderImport: nothing to do.
[2026-06-19T03:33:45.970Z] OrderImport daemon: cycle start
[2026-06-19T03:33:46.853Z] OrderImport: found 0 file(s)
[2026-06-19T03:33:46.853Z] OrderImport: nothing to do.
[2026-06-19T03:34:15.994Z] OrderImport daemon: cycle start
[2026-06-19T03:34:16.914Z] OrderImport: found 0 file(s)
[2026-06-19T03:34:16.914Z] OrderImport: nothing to do.
[2026-06-19T03:34:46.023Z] OrderImport daemon: cycle start
[2026-06-19T03:34:46.918Z] OrderImport: found 0 file(s)
[2026-06-19T03:34:46.918Z] OrderImport: nothing to do.
[2026-06-19T03:35:16.051Z] OrderImport daemon: cycle start
[2026-06-19T03:35:16.959Z] OrderImport: found 0 file(s)
[2026-06-19T03:35:16.959Z] OrderImport: nothing to do.
[2026-06-19T03:35:46.079Z] OrderImport daemon: cycle start
[2026-06-19T03:35:47.002Z] OrderImport: found 0 file(s)
[2026-06-19T03:35:47.002Z] OrderImport: nothing to do.
[2026-06-19T03:36:16.103Z] OrderImport daemon: cycle start
[2026-06-19T03:36:17.045Z] OrderImport: nothing to do.
[2026-06-19T03:36:17.045Z] OrderImport: found 0 file(s)
[2026-06-19T03:36:46.130Z] OrderImport daemon: cycle start
[2026-06-19T03:36:47.031Z] OrderImport: found 0 file(s)
[2026-06-19T03:36:47.031Z] OrderImport: nothing to do.
[2026-06-19T03:37:16.159Z] OrderImport daemon: cycle start
[2026-06-19T03:37:17.026Z] OrderImport: found 0 file(s)
[2026-06-19T03:37:17.026Z] OrderImport: nothing to do.
[2026-06-19T03:37:46.180Z] OrderImport daemon: cycle start
[2026-06-19T03:37:47.047Z] OrderImport: found 0 file(s)
[2026-06-19T03:37:47.047Z] OrderImport: nothing to do.
[2026-06-19T03:38:16.183Z] OrderImport daemon: cycle start
[2026-06-19T03:38:17.090Z] OrderImport: found 0 file(s)
[2026-06-19T03:38:17.090Z] OrderImport: nothing to do.
[2026-06-19T03:38:46.212Z] OrderImport daemon: cycle start
[2026-06-19T03:38:47.130Z] OrderImport: found 0 file(s)
[2026-06-19T03:38:47.131Z] OrderImport: nothing to do.
[2026-06-19T03:39:16.236Z] OrderImport daemon: cycle start
[2026-06-19T03:39:17.119Z] OrderImport: found 0 file(s)
[2026-06-19T03:39:17.119Z] OrderImport: nothing to do.
[2026-06-19T03:39:46.265Z] OrderImport daemon: cycle start
[2026-06-19T03:39:47.147Z] OrderImport: found 0 file(s)
[2026-06-19T03:39:47.147Z] OrderImport: nothing to do.
[2026-06-19T03:40:16.268Z] OrderImport daemon: cycle start
[2026-06-19T03:40:17.186Z] OrderImport: found 0 file(s)
[2026-06-19T03:40:17.186Z] OrderImport: nothing to do.
[2026-06-19T03:40:46.297Z] OrderImport daemon: cycle start
[2026-06-19T03:40:47.188Z] OrderImport: found 0 file(s)
[2026-06-19T03:40:47.188Z] OrderImport: nothing to do.
[2026-06-19T03:41:16.315Z] OrderImport daemon: cycle start
[2026-06-19T03:41:17.208Z] OrderImport: found 0 file(s)
[2026-06-19T03:41:17.208Z] OrderImport: nothing to do.
[2026-06-19T03:41:46.322Z] OrderImport daemon: cycle start
[2026-06-19T03:41:47.166Z] OrderImport: found 0 file(s)
[2026-06-19T03:41:47.166Z] OrderImport: nothing to do.
[2026-06-19T03:42:16.347Z] OrderImport daemon: cycle start
[2026-06-19T03:42:17.239Z] OrderImport: found 0 file(s)
[2026-06-19T03:42:17.240Z] OrderImport: nothing to do.
[2026-06-19T03:42:46.373Z] OrderImport daemon: cycle start
[2026-06-19T03:42:47.303Z] OrderImport: found 0 file(s)
[2026-06-19T03:42:47.303Z] OrderImport: nothing to do.
[2026-06-19T03:43:16.399Z] OrderImport daemon: cycle start
[2026-06-19T03:43:17.288Z] OrderImport: found 0 file(s)
[2026-06-19T03:43:17.288Z] OrderImport: nothing to do.
[2026-06-19T03:43:46.427Z] OrderImport daemon: cycle start
[2026-06-19T03:43:47.311Z] OrderImport: found 0 file(s)
[2026-06-19T03:43:47.311Z] OrderImport: nothing to do.
[2026-06-19T03:44:16.455Z] OrderImport daemon: cycle start
[2026-06-19T03:44:17.336Z] OrderImport: found 0 file(s)
[2026-06-19T03:44:17.336Z] OrderImport: nothing to do.
[2026-06-19T03:44:46.481Z] OrderImport daemon: cycle start
[2026-06-19T03:44:47.353Z] OrderImport: found 0 file(s)
[2026-06-19T03:44:47.353Z] OrderImport: nothing to do.
[2026-06-19T03:45:16.506Z] OrderImport daemon: cycle start
[2026-06-19T03:45:17.435Z] OrderImport: found 0 file(s)
[2026-06-19T03:45:17.435Z] OrderImport: nothing to do.
[2026-06-19T03:45:46.516Z] OrderImport daemon: cycle start
[2026-06-19T03:45:47.429Z] OrderImport: found 0 file(s)
[2026-06-19T03:45:47.429Z] OrderImport: nothing to do.
[2026-06-19T03:46:16.516Z] OrderImport daemon: cycle start
[2026-06-19T03:46:17.455Z] OrderImport: found 0 file(s)
[2026-06-19T03:46:17.455Z] OrderImport: nothing to do.
[2026-06-19T03:46:46.536Z] OrderImport daemon: cycle start
[2026-06-19T03:46:47.447Z] OrderImport: found 0 file(s)
[2026-06-19T03:46:47.447Z] OrderImport: nothing to do.
[2026-06-19T03:47:16.563Z] OrderImport daemon: cycle start
[2026-06-19T03:47:17.467Z] OrderImport: found 0 file(s)
[2026-06-19T03:47:17.467Z] OrderImport: nothing to do.
[2026-06-19T03:47:46.564Z] OrderImport daemon: cycle start
[2026-06-19T03:47:47.431Z] OrderImport: found 0 file(s)
[2026-06-19T03:47:47.431Z] OrderImport: nothing to do.
[2026-06-19T03:48:16.591Z] OrderImport daemon: cycle start
[2026-06-19T03:48:17.486Z] OrderImport: found 0 file(s)
[2026-06-19T03:48:17.486Z] OrderImport: nothing to do.
[2026-06-19T03:48:46.615Z] OrderImport daemon: cycle start
[2026-06-19T03:48:47.493Z] OrderImport: found 0 file(s)
[2026-06-19T03:48:47.493Z] OrderImport: nothing to do.
[2026-06-19T03:49:16.637Z] OrderImport daemon: cycle start
[2026-06-19T03:49:17.515Z] OrderImport: found 0 file(s)
[2026-06-19T03:49:17.515Z] OrderImport: nothing to do.
[2026-06-19T03:49:46.655Z] OrderImport daemon: cycle start
[2026-06-19T03:49:47.541Z] OrderImport: found 0 file(s)
[2026-06-19T03:49:47.541Z] OrderImport: nothing to do.
[2026-06-19T03:50:16.670Z] OrderImport daemon: cycle start
[2026-06-19T03:50:17.567Z] OrderImport: found 0 file(s)
[2026-06-19T03:50:17.567Z] OrderImport: nothing to do.
[2026-06-19T03:50:46.698Z] OrderImport daemon: cycle start
[2026-06-19T03:50:47.590Z] OrderImport: found 0 file(s)
[2026-06-19T03:50:47.590Z] OrderImport: nothing to do.
[2026-06-19T03:51:16.717Z] OrderImport daemon: cycle start
[2026-06-19T03:51:17.643Z] OrderImport: found 0 file(s)
[2026-06-19T03:51:17.644Z] OrderImport: nothing to do.
[2026-06-19T03:51:46.739Z] OrderImport daemon: cycle start
[2026-06-19T03:51:47.665Z] OrderImport: found 0 file(s)
[2026-06-19T03:51:47.665Z] OrderImport: nothing to do.
[2026-06-19T03:52:16.768Z] OrderImport daemon: cycle start
[2026-06-19T03:52:17.747Z] OrderImport: found 0 file(s)
[2026-06-19T03:52:17.747Z] OrderImport: nothing to do.
[2026-06-19T03:52:46.795Z] OrderImport daemon: cycle start
[2026-06-19T03:52:47.686Z] OrderImport: found 0 file(s)
[2026-06-19T03:52:47.686Z] OrderImport: nothing to do.
[2026-06-19T03:53:16.820Z] OrderImport daemon: cycle start
[2026-06-19T03:53:17.731Z] OrderImport: found 0 file(s)
[2026-06-19T03:53:17.731Z] OrderImport: nothing to do.
[2026-06-19T03:53:46.848Z] OrderImport daemon: cycle start
[2026-06-19T03:53:47.741Z] OrderImport: found 0 file(s)
[2026-06-19T03:53:47.741Z] OrderImport: nothing to do.
[2026-06-19T03:54:16.856Z] OrderImport daemon: cycle start
[2026-06-19T03:54:17.780Z] OrderImport: found 0 file(s)
[2026-06-19T03:54:17.780Z] OrderImport: nothing to do.
[2026-06-19T03:54:46.878Z] OrderImport daemon: cycle start
[2026-06-19T03:54:47.785Z] OrderImport: found 0 file(s)
[2026-06-19T03:54:47.785Z] OrderImport: nothing to do.
[2026-06-19T03:55:16.903Z] OrderImport daemon: cycle start
[2026-06-19T03:55:17.804Z] OrderImport: found 0 file(s)
[2026-06-19T03:55:17.804Z] OrderImport: nothing to do.
[2026-06-19T03:55:46.905Z] OrderImport daemon: cycle start
[2026-06-19T03:55:47.796Z] OrderImport: found 0 file(s)
[2026-06-19T03:55:47.797Z] OrderImport: nothing to do.
[2026-06-19T03:56:16.934Z] OrderImport daemon: cycle start
[2026-06-19T03:56:17.846Z] OrderImport: found 0 file(s)
[2026-06-19T03:56:17.846Z] OrderImport: nothing to do.
[2026-06-19T03:56:46.963Z] OrderImport daemon: cycle start
[2026-06-19T03:56:47.861Z] OrderImport: found 0 file(s)
[2026-06-19T03:56:47.861Z] OrderImport: nothing to do.
[2026-06-19T03:57:16.979Z] OrderImport daemon: cycle start
[2026-06-19T03:57:17.882Z] OrderImport: found 0 file(s)
[2026-06-19T03:57:17.882Z] OrderImport: nothing to do.
[2026-06-19T03:57:47.002Z] OrderImport daemon: cycle start
[2026-06-19T03:57:47.898Z] OrderImport: found 0 file(s)
[2026-06-19T03:57:47.898Z] OrderImport: nothing to do.
[2026-06-19T03:58:17.020Z] OrderImport daemon: cycle start
[2026-06-19T03:58:17.922Z] OrderImport: found 0 file(s)
[2026-06-19T03:58:17.922Z] OrderImport: nothing to do.
[2026-06-19T03:58:47.048Z] OrderImport daemon: cycle start
[2026-06-19T03:58:47.941Z] OrderImport: found 0 file(s)
[2026-06-19T03:58:47.941Z] OrderImport: nothing to do.
[2026-06-19T03:59:17.071Z] OrderImport daemon: cycle start
[2026-06-19T03:59:17.991Z] OrderImport: nothing to do.
[2026-06-19T03:59:17.991Z] OrderImport: found 0 file(s)
[2026-06-19T03:59:47.099Z] OrderImport daemon: cycle start
[2026-06-19T03:59:48.036Z] OrderImport: found 0 file(s)
[2026-06-19T03:59:48.036Z] OrderImport: nothing to do.
[2026-06-19T04:00:17.113Z] OrderImport daemon: cycle start
[2026-06-19T04:00:17.977Z] OrderImport: found 0 file(s)
[2026-06-19T04:00:17.977Z] OrderImport: nothing to do.
[2026-06-19T04:00:47.139Z] OrderImport daemon: cycle start
[2026-06-19T04:00:48.040Z] OrderImport: found 0 file(s)
[2026-06-19T04:00:48.040Z] OrderImport: nothing to do.
[2026-06-19T04:01:17.163Z] OrderImport daemon: cycle start
[2026-06-19T04:01:18.076Z] OrderImport: found 0 file(s)
[2026-06-19T04:01:18.077Z] OrderImport: nothing to do.
[2026-06-19T04:01:47.163Z] OrderImport daemon: cycle start
[2026-06-19T04:01:48.037Z] OrderImport: found 0 file(s)
[2026-06-19T04:01:48.037Z] OrderImport: nothing to do.
[2026-06-19T04:02:17.191Z] OrderImport daemon: cycle start
[2026-06-19T04:02:18.101Z] OrderImport: found 0 file(s)
[2026-06-19T04:02:18.102Z] OrderImport: nothing to do.
[2026-06-19T04:02:47.216Z] OrderImport daemon: cycle start
[2026-06-19T04:02:48.104Z] OrderImport: found 0 file(s)
[2026-06-19T04:02:48.104Z] OrderImport: nothing to do.
[2026-06-19T04:03:17.243Z] OrderImport daemon: cycle start
[2026-06-19T04:03:18.130Z] OrderImport: found 0 file(s)
[2026-06-19T04:03:18.130Z] OrderImport: nothing to do.
[2026-06-19T04:03:47.256Z] OrderImport daemon: cycle start
[2026-06-19T04:03:48.157Z] OrderImport: found 0 file(s)
[2026-06-19T04:03:48.157Z] OrderImport: nothing to do.
[2026-06-19T04:04:17.283Z] OrderImport daemon: cycle start
[2026-06-19T04:04:18.173Z] OrderImport: found 0 file(s)
[2026-06-19T04:04:18.173Z] OrderImport: nothing to do.
[2026-06-19T04:04:47.285Z] OrderImport daemon: cycle start
[2026-06-19T04:04:48.190Z] OrderImport: found 0 file(s)
[2026-06-19T04:04:48.190Z] OrderImport: nothing to do.
[2026-06-19T04:05:17.311Z] OrderImport daemon: cycle start
[2026-06-19T04:05:18.206Z] OrderImport: found 0 file(s)
[2026-06-19T04:05:18.207Z] OrderImport: nothing to do.
[2026-06-19T04:05:47.339Z] OrderImport daemon: cycle start
[2026-06-19T04:05:48.220Z] OrderImport: nothing to do.
[2026-06-19T04:05:48.220Z] OrderImport: found 0 file(s)
[2026-06-19T04:06:17.367Z] OrderImport daemon: cycle start
[2026-06-19T04:06:18.269Z] OrderImport: found 0 file(s)
[2026-06-19T04:06:18.269Z] OrderImport: nothing to do.
[2026-06-19T04:06:47.395Z] OrderImport daemon: cycle start
[2026-06-19T04:06:48.285Z] OrderImport: found 0 file(s)
[2026-06-19T04:06:48.285Z] OrderImport: nothing to do.
[2026-06-19T04:07:17.420Z] OrderImport daemon: cycle start
[2026-06-19T04:07:18.330Z] OrderImport: found 0 file(s)
[2026-06-19T04:07:18.330Z] OrderImport: nothing to do.
[2026-06-19T04:07:47.428Z] OrderImport daemon: cycle start
[2026-06-19T04:07:48.299Z] OrderImport: found 0 file(s)
[2026-06-19T04:07:48.299Z] OrderImport: nothing to do.
[2026-06-19T04:08:17.440Z] OrderImport daemon: cycle start
[2026-06-19T04:08:18.329Z] OrderImport: found 0 file(s)
[2026-06-19T04:08:18.329Z] OrderImport: nothing to do.
[2026-06-19T04:08:47.468Z] OrderImport daemon: cycle start
[2026-06-19T04:08:48.379Z] OrderImport: found 0 file(s)
[2026-06-19T04:08:48.379Z] OrderImport: nothing to do.
[2026-06-19T04:09:17.479Z] OrderImport daemon: cycle start
[2026-06-19T04:09:18.385Z] OrderImport: found 0 file(s)
[2026-06-19T04:09:18.385Z] OrderImport: nothing to do.
[2026-06-19T04:09:47.487Z] OrderImport daemon: cycle start
[2026-06-19T04:09:48.365Z] OrderImport: found 0 file(s)
[2026-06-19T04:09:48.365Z] OrderImport: nothing to do.
[2026-06-19T04:10:17.490Z] OrderImport daemon: cycle start
[2026-06-19T04:10:18.380Z] OrderImport: found 0 file(s)
[2026-06-19T04:10:18.381Z] OrderImport: nothing to do.
[2026-06-19T04:10:47.519Z] OrderImport daemon: cycle start
[2026-06-19T04:10:48.414Z] OrderImport: found 0 file(s)
[2026-06-19T04:10:48.414Z] OrderImport: nothing to do.
[2026-06-19T04:11:17.532Z] OrderImport daemon: cycle start
[2026-06-19T04:11:18.413Z] OrderImport: found 0 file(s)
[2026-06-19T04:11:18.413Z] OrderImport: nothing to do.
[2026-06-19T04:11:47.560Z] OrderImport daemon: cycle start
[2026-06-19T04:11:48.456Z] OrderImport: found 0 file(s)
[2026-06-19T04:11:48.456Z] OrderImport: nothing to do.
[2026-06-19T04:12:17.578Z] OrderImport daemon: cycle start
[2026-06-19T04:12:18.513Z] OrderImport: found 0 file(s)
[2026-06-19T04:12:18.513Z] OrderImport: nothing to do.
[2026-06-19T04:12:47.603Z] OrderImport daemon: cycle start
[2026-06-19T04:12:48.602Z] OrderImport: found 0 file(s)
[2026-06-19T04:12:48.602Z] OrderImport: nothing to do.
[2026-06-19T04:13:17.627Z] OrderImport daemon: cycle start
[2026-06-19T04:13:18.513Z] OrderImport: found 0 file(s)
[2026-06-19T04:13:18.513Z] OrderImport: nothing to do.
[2026-06-19T04:13:47.629Z] OrderImport daemon: cycle start
[2026-06-19T04:13:48.538Z] OrderImport: found 0 file(s)
[2026-06-19T04:13:48.538Z] OrderImport: nothing to do.
[2026-06-19T04:14:17.655Z] OrderImport daemon: cycle start
[2026-06-19T04:14:18.535Z] OrderImport: found 0 file(s)
[2026-06-19T04:14:18.535Z] OrderImport: nothing to do.
[2026-06-19T04:14:47.683Z] OrderImport daemon: cycle start
[2026-06-19T04:14:48.565Z] OrderImport: found 0 file(s)
[2026-06-19T04:14:48.565Z] OrderImport: nothing to do.
[2026-06-19T04:15:17.702Z] OrderImport daemon: cycle start
[2026-06-19T04:15:18.642Z] OrderImport: found 0 file(s)
[2026-06-19T04:15:18.642Z] OrderImport: nothing to do.
[2026-06-19T04:15:47.730Z] OrderImport daemon: cycle start
[2026-06-19T04:15:49.074Z] OrderImport: found 0 file(s)
[2026-06-19T04:15:49.074Z] OrderImport: nothing to do.
[2026-06-19T04:16:17.759Z] OrderImport daemon: cycle start
[2026-06-19T04:16:19.070Z] OrderImport: found 0 file(s)
[2026-06-19T04:16:19.070Z] OrderImport: nothing to do.
[2026-06-19T04:16:47.787Z] OrderImport daemon: cycle start
[2026-06-19T04:16:49.108Z] OrderImport: found 0 file(s)
[2026-06-19T04:16:49.108Z] OrderImport: nothing to do.
[2026-06-19T04:17:17.815Z] OrderImport daemon: cycle start
[2026-06-19T04:17:19.122Z] OrderImport: found 0 file(s)
[2026-06-19T04:17:19.122Z] OrderImport: nothing to do.
[2026-06-19T04:17:47.823Z] OrderImport daemon: cycle start
[2026-06-19T04:17:49.170Z] OrderImport: found 0 file(s)
[2026-06-19T04:17:49.170Z] OrderImport: nothing to do.
[2026-06-19T04:18:17.847Z] OrderImport daemon: cycle start
[2026-06-19T04:18:18.739Z] OrderImport: found 0 file(s)
[2026-06-19T04:18:18.739Z] OrderImport: nothing to do.
[2026-06-19T04:18:47.875Z] OrderImport daemon: cycle start
[2026-06-19T04:18:48.738Z] OrderImport: found 0 file(s)
[2026-06-19T04:18:48.738Z] OrderImport: nothing to do.
[2026-06-19T04:19:17.903Z] OrderImport daemon: cycle start
[2026-06-19T04:19:18.789Z] OrderImport: found 0 file(s)
[2026-06-19T04:19:18.789Z] OrderImport: nothing to do.
[2026-06-19T04:19:47.931Z] OrderImport daemon: cycle start
[2026-06-19T04:19:48.835Z] OrderImport: found 0 file(s)
[2026-06-19T04:19:48.835Z] OrderImport: nothing to do.
[2026-06-19T04:20:17.959Z] OrderImport daemon: cycle start
[2026-06-19T04:20:18.858Z] OrderImport: found 0 file(s)
[2026-06-19T04:20:18.858Z] OrderImport: nothing to do.
[2026-06-19T04:20:47.987Z] OrderImport daemon: cycle start
[2026-06-19T04:20:48.873Z] OrderImport: found 0 file(s)
[2026-06-19T04:20:48.873Z] OrderImport: nothing to do.
[2026-06-19T04:21:18.007Z] OrderImport daemon: cycle start
[2026-06-19T04:21:18.911Z] OrderImport: found 0 file(s)
[2026-06-19T04:21:18.911Z] OrderImport: nothing to do.
[2026-06-19T04:21:48.010Z] OrderImport daemon: cycle start
[2026-06-19T04:21:48.913Z] OrderImport: found 0 file(s)
[2026-06-19T04:21:48.913Z] OrderImport: nothing to do.
[2026-06-19T04:22:18.035Z] OrderImport daemon: cycle start
[2026-06-19T04:22:18.909Z] OrderImport: found 0 file(s)
[2026-06-19T04:22:18.909Z] OrderImport: nothing to do.
[2026-06-19T04:22:48.055Z] OrderImport daemon: cycle start
[2026-06-19T04:22:48.987Z] OrderImport: found 0 file(s)
[2026-06-19T04:22:48.987Z] OrderImport: nothing to do.
[2026-06-19T04:23:18.084Z] OrderImport daemon: cycle start
[2026-06-19T04:23:18.999Z] OrderImport: found 0 file(s)
[2026-06-19T04:23:18.999Z] OrderImport: nothing to do.
[2026-06-19T04:23:48.111Z] OrderImport daemon: cycle start
[2026-06-19T04:23:48.989Z] OrderImport: found 0 file(s)
[2026-06-19T04:23:48.989Z] OrderImport: nothing to do.
[2026-06-19T04:24:18.137Z] OrderImport daemon: cycle start
[2026-06-19T04:24:19.031Z] OrderImport: found 0 file(s)
[2026-06-19T04:24:19.031Z] OrderImport: nothing to do.
[2026-06-19T04:24:48.161Z] OrderImport daemon: cycle start
[2026-06-19T04:24:49.020Z] OrderImport: found 0 file(s)
[2026-06-19T04:24:49.020Z] OrderImport: nothing to do.
[2026-06-19T04:25:18.188Z] OrderImport daemon: cycle start
[2026-06-19T04:25:19.086Z] OrderImport: found 0 file(s)
[2026-06-19T04:25:19.086Z] OrderImport: nothing to do.
[2026-06-19T04:25:48.215Z] OrderImport daemon: cycle start
[2026-06-19T04:25:49.099Z] OrderImport: found 0 file(s)
[2026-06-19T04:25:49.100Z] OrderImport: nothing to do.
[2026-06-19T04:26:18.215Z] OrderImport daemon: cycle start
[2026-06-19T04:26:19.129Z] OrderImport: found 0 file(s)
[2026-06-19T04:26:19.129Z] OrderImport: nothing to do.
[2026-06-19T04:26:48.245Z] OrderImport daemon: cycle start
[2026-06-19T04:26:49.133Z] OrderImport: found 0 file(s)
[2026-06-19T04:26:49.134Z] OrderImport: nothing to do.
[2026-06-19T04:27:18.248Z] OrderImport daemon: cycle start
[2026-06-19T04:27:19.149Z] OrderImport: found 0 file(s)
[2026-06-19T04:27:19.149Z] OrderImport: nothing to do.
[2026-06-19T04:27:48.276Z] OrderImport daemon: cycle start
[2026-06-19T04:27:49.169Z] OrderImport: found 0 file(s)
[2026-06-19T04:27:49.169Z] OrderImport: nothing to do.
[2026-06-19T04:28:18.303Z] OrderImport daemon: cycle start
[2026-06-19T04:28:19.160Z] OrderImport: nothing to do.
[2026-06-19T04:28:19.160Z] OrderImport: found 0 file(s)
[2026-06-19T04:28:48.322Z] OrderImport daemon: cycle start
[2026-06-19T04:28:49.239Z] OrderImport: nothing to do.
[2026-06-19T04:28:49.239Z] OrderImport: found 0 file(s)
[2026-06-19T04:29:18.341Z] OrderImport daemon: cycle start
[2026-06-19T04:29:19.234Z] OrderImport: found 0 file(s)
[2026-06-19T04:29:19.234Z] OrderImport: nothing to do.
[2026-06-19T04:29:48.367Z] OrderImport daemon: cycle start
[2026-06-19T04:29:49.268Z] OrderImport: found 0 file(s)
[2026-06-19T04:29:49.268Z] OrderImport: nothing to do.
[2026-06-19T04:30:18.391Z] OrderImport daemon: cycle start
[2026-06-19T04:30:19.295Z] OrderImport: found 0 file(s)
[2026-06-19T04:30:19.295Z] OrderImport: nothing to do.
[2026-06-19T04:30:48.419Z] OrderImport daemon: cycle start
[2026-06-19T04:30:49.332Z] OrderImport: found 0 file(s)
[2026-06-19T04:30:49.332Z] OrderImport: nothing to do.
[2026-06-19T04:31:18.435Z] OrderImport daemon: cycle start
[2026-06-19T04:31:19.330Z] OrderImport: found 0 file(s)
[2026-06-19T04:31:19.330Z] OrderImport: nothing to do.
[2026-06-19T04:31:48.460Z] OrderImport daemon: cycle start
[2026-06-19T04:31:49.420Z] OrderImport: found 0 file(s)
[2026-06-19T04:31:49.420Z] OrderImport: nothing to do.
[2026-06-19T04:32:18.488Z] OrderImport daemon: cycle start
[2026-06-19T04:32:19.387Z] OrderImport: found 0 file(s)
[2026-06-19T04:32:19.387Z] OrderImport: nothing to do.
[2026-06-19T04:32:48.504Z] OrderImport daemon: cycle start
[2026-06-19T04:32:49.383Z] OrderImport: found 0 file(s)
[2026-06-19T04:32:49.383Z] OrderImport: nothing to do.
[2026-06-19T04:33:18.531Z] OrderImport daemon: cycle start
[2026-06-19T04:33:19.404Z] OrderImport: found 0 file(s)
[2026-06-19T04:33:19.404Z] OrderImport: nothing to do.
[2026-06-19T04:33:48.559Z] OrderImport daemon: cycle start
[2026-06-19T04:33:49.455Z] OrderImport: found 0 file(s)
[2026-06-19T04:33:49.455Z] OrderImport: nothing to do.
[2026-06-19T04:34:18.586Z] OrderImport daemon: cycle start
[2026-06-19T04:34:19.495Z] OrderImport: found 0 file(s)
[2026-06-19T04:34:19.496Z] OrderImport: nothing to do.
[2026-06-19T04:34:48.611Z] OrderImport daemon: cycle start
[2026-06-19T04:34:49.485Z] OrderImport: found 0 file(s)
[2026-06-19T04:34:49.485Z] OrderImport: nothing to do.
[2026-06-19T04:35:18.641Z] OrderImport daemon: cycle start
[2026-06-19T04:35:19.572Z] OrderImport: found 0 file(s)
[2026-06-19T04:35:19.572Z] OrderImport: nothing to do.
[2026-06-19T04:35:48.667Z] OrderImport daemon: cycle start
[2026-06-19T04:35:49.599Z] OrderImport: found 0 file(s)
[2026-06-19T04:35:49.599Z] OrderImport: nothing to do.
[2026-06-19T04:36:18.695Z] OrderImport daemon: cycle start
[2026-06-19T04:36:19.584Z] OrderImport: found 0 file(s)
[2026-06-19T04:36:19.585Z] OrderImport: nothing to do.
[2026-06-19T04:36:48.714Z] OrderImport daemon: cycle start
[2026-06-19T04:36:49.636Z] OrderImport: found 0 file(s)
[2026-06-19T04:36:49.636Z] OrderImport: nothing to do.
[2026-06-19T04:37:18.742Z] OrderImport daemon: cycle start
[2026-06-19T04:37:19.634Z] OrderImport: found 0 file(s)
[2026-06-19T04:37:19.634Z] OrderImport: nothing to do.
[2026-06-19T04:37:48.750Z] OrderImport daemon: cycle start
[2026-06-19T04:37:49.670Z] OrderImport: found 0 file(s)
[2026-06-19T04:37:49.670Z] OrderImport: nothing to do.
[2026-06-19T04:38:18.779Z] OrderImport daemon: cycle start
[2026-06-19T04:38:19.704Z] OrderImport: found 0 file(s)
[2026-06-19T04:38:19.705Z] OrderImport: nothing to do.
[2026-06-19T04:38:48.808Z] OrderImport daemon: cycle start
[2026-06-19T04:38:49.687Z] OrderImport: found 0 file(s)
[2026-06-19T04:38:49.687Z] OrderImport: nothing to do.
[2026-06-19T04:39:18.835Z] OrderImport daemon: cycle start
[2026-06-19T04:39:19.710Z] OrderImport: found 0 file(s)
[2026-06-19T04:39:19.711Z] OrderImport: nothing to do.
[2026-06-19T04:39:48.863Z] OrderImport daemon: cycle start
[2026-06-19T04:39:49.749Z] OrderImport: found 0 file(s)
[2026-06-19T04:39:49.749Z] OrderImport: nothing to do.
[2026-06-19T04:40:18.892Z] OrderImport daemon: cycle start
[2026-06-19T04:40:19.776Z] OrderImport: found 0 file(s)
[2026-06-19T04:40:19.776Z] OrderImport: nothing to do.
[2026-06-19T04:40:48.921Z] OrderImport daemon: cycle start
[2026-06-19T04:40:49.824Z] OrderImport: found 0 file(s)
[2026-06-19T04:40:49.824Z] OrderImport: nothing to do.
[2026-06-19T04:41:18.950Z] OrderImport daemon: cycle start
[2026-06-19T04:41:19.823Z] OrderImport: found 0 file(s)
[2026-06-19T04:41:19.824Z] OrderImport: nothing to do.
[2026-06-19T04:41:48.975Z] OrderImport daemon: cycle start
[2026-06-19T04:41:49.877Z] OrderImport: found 0 file(s)
[2026-06-19T04:41:49.877Z] OrderImport: nothing to do.
[2026-06-19T04:42:19.005Z] OrderImport daemon: cycle start
[2026-06-19T04:42:19.925Z] OrderImport: found 0 file(s)
[2026-06-19T04:42:19.926Z] OrderImport: nothing to do.
[2026-06-19T04:42:49.031Z] OrderImport daemon: cycle start
[2026-06-19T04:42:49.923Z] OrderImport: found 0 file(s)
[2026-06-19T04:42:49.923Z] OrderImport: nothing to do.
[2026-06-19T04:43:19.059Z] OrderImport daemon: cycle start
[2026-06-19T04:43:19.965Z] OrderImport: found 0 file(s)
[2026-06-19T04:43:19.965Z] OrderImport: nothing to do.
[2026-06-19T04:43:49.088Z] OrderImport daemon: cycle start
[2026-06-19T04:43:49.973Z] OrderImport: found 0 file(s)
[2026-06-19T04:43:49.973Z] OrderImport: nothing to do.
[2026-06-19T04:44:19.115Z] OrderImport daemon: cycle start
[2026-06-19T04:44:20.024Z] OrderImport: found 0 file(s)
[2026-06-19T04:44:20.025Z] OrderImport: nothing to do.
[2026-06-19T04:44:49.133Z] OrderImport daemon: cycle start
[2026-06-19T04:44:50.008Z] OrderImport: found 0 file(s)
[2026-06-19T04:44:50.008Z] OrderImport: nothing to do.
[2026-06-19T04:45:19.159Z] OrderImport daemon: cycle start
[2026-06-19T04:45:20.131Z] OrderImport: found 0 file(s)
[2026-06-19T04:45:20.131Z] OrderImport: nothing to do.
[2026-06-19T04:45:49.189Z] OrderImport daemon: cycle start
[2026-06-19T04:45:50.094Z] OrderImport: found 0 file(s)
[2026-06-19T04:45:50.094Z] OrderImport: nothing to do.
[2026-06-19T04:46:19.200Z] OrderImport daemon: cycle start
[2026-06-19T04:46:20.076Z] OrderImport: found 0 file(s)
[2026-06-19T04:46:20.076Z] OrderImport: nothing to do.
[2026-06-19T04:46:49.227Z] OrderImport daemon: cycle start
[2026-06-19T04:46:50.239Z] OrderImport: found 0 file(s)
[2026-06-19T04:46:50.239Z] OrderImport: nothing to do.
[2026-06-19T04:47:19.255Z] OrderImport daemon: cycle start
[2026-06-19T04:47:20.171Z] OrderImport: found 0 file(s)
[2026-06-19T04:47:20.171Z] OrderImport: nothing to do.
[2026-06-19T04:47:49.279Z] OrderImport daemon: cycle start
[2026-06-19T04:47:50.202Z] OrderImport: found 0 file(s)
[2026-06-19T04:47:50.202Z] OrderImport: nothing to do.
[2026-06-19T04:48:19.308Z] OrderImport daemon: cycle start
[2026-06-19T04:48:20.230Z] OrderImport: found 0 file(s)
[2026-06-19T04:48:20.230Z] OrderImport: nothing to do.
[2026-06-19T04:48:49.336Z] OrderImport daemon: cycle start
[2026-06-19T04:48:50.218Z] OrderImport: found 0 file(s)
[2026-06-19T04:48:50.218Z] OrderImport: nothing to do.
[2026-06-19T04:49:19.364Z] OrderImport daemon: cycle start
[2026-06-19T04:49:20.226Z] OrderImport: found 0 file(s)
[2026-06-19T04:49:20.226Z] OrderImport: nothing to do.
[2026-06-19T04:49:49.391Z] OrderImport daemon: cycle start
[2026-06-19T04:49:50.312Z] OrderImport: found 0 file(s)
[2026-06-19T04:49:50.312Z] OrderImport: nothing to do.
[2026-06-19T04:50:19.396Z] OrderImport daemon: cycle start
[2026-06-19T04:50:20.297Z] OrderImport: found 0 file(s)
[2026-06-19T04:50:20.297Z] OrderImport: nothing to do.
[2026-06-19T04:50:49.425Z] OrderImport daemon: cycle start
[2026-06-19T04:50:50.352Z] OrderImport: found 0 file(s)
[2026-06-19T04:50:50.352Z] OrderImport: nothing to do.
[2026-06-19T04:51:19.451Z] OrderImport daemon: cycle start
[2026-06-19T04:51:20.365Z] OrderImport: found 0 file(s)
[2026-06-19T04:51:20.365Z] OrderImport: nothing to do.
[2026-06-19T04:51:49.479Z] OrderImport daemon: cycle start
[2026-06-19T04:51:50.369Z] OrderImport: found 0 file(s)
[2026-06-19T04:51:50.369Z] OrderImport: nothing to do.
[2026-06-19T04:52:19.486Z] OrderImport daemon: cycle start
[2026-06-19T04:52:20.386Z] OrderImport: found 0 file(s)
[2026-06-19T04:52:20.386Z] OrderImport: nothing to do.
[2026-06-19T04:52:49.511Z] OrderImport daemon: cycle start
[2026-06-19T04:52:50.413Z] OrderImport: found 0 file(s)
[2026-06-19T04:52:50.413Z] OrderImport: nothing to do.
[2026-06-19T04:53:19.539Z] OrderImport daemon: cycle start
[2026-06-19T04:53:20.453Z] OrderImport: found 0 file(s)
[2026-06-19T04:53:20.453Z] OrderImport: nothing to do.
[2026-06-19T04:53:49.568Z] OrderImport daemon: cycle start
[2026-06-19T04:53:50.512Z] OrderImport: found 0 file(s)
[2026-06-19T04:53:50.512Z] OrderImport: nothing to do.
[2026-06-19T04:54:19.597Z] OrderImport daemon: cycle start
[2026-06-19T04:54:20.529Z] OrderImport: found 0 file(s)
[2026-06-19T04:54:20.529Z] OrderImport: nothing to do.
[2026-06-19T04:54:49.598Z] OrderImport daemon: cycle start
[2026-06-19T04:54:50.470Z] OrderImport: found 0 file(s)
[2026-06-19T04:54:50.471Z] OrderImport: nothing to do.
[2026-06-19T04:55:19.621Z] OrderImport daemon: cycle start
[2026-06-19T04:55:20.568Z] OrderImport: found 0 file(s)
[2026-06-19T04:55:20.568Z] OrderImport: nothing to do.
[2026-06-19T04:55:49.650Z] OrderImport daemon: cycle start
[2026-06-19T04:55:50.560Z] OrderImport: found 0 file(s)
[2026-06-19T04:55:50.560Z] OrderImport: nothing to do.
[2026-06-19T04:56:19.675Z] OrderImport daemon: cycle start
[2026-06-19T04:56:20.629Z] OrderImport: found 0 file(s)
[2026-06-19T04:56:20.629Z] OrderImport: nothing to do.
[2026-06-19T04:56:49.703Z] OrderImport daemon: cycle start
[2026-06-19T04:56:50.599Z] OrderImport: found 0 file(s)
[2026-06-19T04:56:50.599Z] OrderImport: nothing to do.
[2026-06-19T04:57:19.704Z] OrderImport daemon: cycle start
[2026-06-19T04:57:20.602Z] OrderImport: found 0 file(s)
[2026-06-19T04:57:20.602Z] OrderImport: nothing to do.
[2026-06-19T04:57:49.732Z] OrderImport daemon: cycle start
[2026-06-19T04:57:50.629Z] OrderImport: found 0 file(s)
[2026-06-19T04:57:50.629Z] OrderImport: nothing to do.
[2026-06-19T04:58:19.759Z] OrderImport daemon: cycle start
[2026-06-19T04:58:20.686Z] OrderImport: found 0 file(s)
[2026-06-19T04:58:20.686Z] OrderImport: nothing to do.
[2026-06-19T04:58:49.781Z] OrderImport daemon: cycle start
[2026-06-19T04:58:50.649Z] OrderImport: found 0 file(s)
[2026-06-19T04:58:50.649Z] OrderImport: nothing to do.
[2026-06-19T04:59:19.808Z] OrderImport daemon: cycle start
[2026-06-19T04:59:20.728Z] OrderImport: found 0 file(s)
[2026-06-19T04:59:20.728Z] OrderImport: nothing to do.
[2026-06-19T04:59:49.835Z] OrderImport daemon: cycle start
[2026-06-19T04:59:50.758Z] OrderImport: found 0 file(s)
[2026-06-19T04:59:50.759Z] OrderImport: nothing to do.
[2026-06-19T05:00:19.864Z] OrderImport daemon: cycle start
[2026-06-19T05:00:20.755Z] OrderImport: nothing to do.
[2026-06-19T05:00:20.755Z] OrderImport: found 0 file(s)
[2026-06-19T05:00:49.891Z] OrderImport daemon: cycle start
[2026-06-19T05:00:50.803Z] OrderImport: found 0 file(s)
[2026-06-19T05:00:50.803Z] OrderImport: nothing to do.
[2026-06-19T05:01:19.919Z] OrderImport daemon: cycle start
[2026-06-19T05:01:20.795Z] OrderImport: found 0 file(s)
[2026-06-19T05:01:20.795Z] OrderImport: nothing to do.
[2026-06-19T05:01:49.948Z] OrderImport daemon: cycle start
[2026-06-19T05:01:50.878Z] OrderImport: found 0 file(s)
[2026-06-19T05:01:50.878Z] OrderImport: nothing to do.
[2026-06-19T05:02:19.977Z] OrderImport daemon: cycle start
[2026-06-19T05:02:20.878Z] OrderImport: found 0 file(s)
[2026-06-19T05:02:20.878Z] OrderImport: nothing to do.
[2026-06-19T05:02:50.006Z] OrderImport daemon: cycle start
[2026-06-19T05:02:50.906Z] OrderImport: found 0 file(s)
[2026-06-19T05:02:50.907Z] OrderImport: nothing to do.
[2026-06-19T05:03:20.023Z] OrderImport daemon: cycle start
[2026-06-19T05:03:20.960Z] OrderImport: found 0 file(s)
[2026-06-19T05:03:20.960Z] OrderImport: nothing to do.
[2026-06-19T05:03:50.041Z] OrderImport daemon: cycle start
[2026-06-19T05:03:50.967Z] OrderImport: found 0 file(s)
[2026-06-19T05:03:50.967Z] OrderImport: nothing to do.
[2026-06-19T05:04:20.058Z] OrderImport daemon: cycle start
[2026-06-19T05:04:20.968Z] OrderImport: found 0 file(s)
[2026-06-19T05:04:20.968Z] OrderImport: nothing to do.
[2026-06-19T05:04:50.083Z] OrderImport daemon: cycle start
[2026-06-19T05:04:51.000Z] OrderImport: found 0 file(s)
[2026-06-19T05:04:51.000Z] OrderImport: nothing to do.
[2026-06-19T05:05:20.099Z] OrderImport daemon: cycle start
[2026-06-19T05:05:21.023Z] OrderImport: found 0 file(s)
[2026-06-19T05:05:21.023Z] OrderImport: nothing to do.
[2026-06-19T05:05:50.127Z] OrderImport daemon: cycle start
[2026-06-19T05:05:51.499Z] OrderImport: found 0 file(s)
[2026-06-19T05:05:51.499Z] OrderImport: nothing to do.
[2026-06-19T05:06:20.155Z] OrderImport daemon: cycle start
[2026-06-19T05:06:21.521Z] OrderImport: found 0 file(s)
[2026-06-19T05:06:21.521Z] OrderImport: nothing to do.
[2026-06-19T05:06:50.183Z] OrderImport daemon: cycle start
[2026-06-19T05:06:51.531Z] OrderImport: found 0 file(s)
[2026-06-19T05:06:51.531Z] OrderImport: nothing to do.
[2026-06-19T05:07:20.211Z] OrderImport daemon: cycle start
[2026-06-19T05:07:21.562Z] OrderImport: found 0 file(s)
[2026-06-19T05:07:21.562Z] OrderImport: nothing to do.
[2026-06-19T05:07:50.219Z] OrderImport daemon: cycle start
[2026-06-19T05:07:51.612Z] OrderImport: found 0 file(s)
[2026-06-19T05:07:51.612Z] OrderImport: nothing to do.
[2026-06-19T05:08:20.245Z] OrderImport daemon: cycle start
[2026-06-19T05:08:21.587Z] OrderImport: found 0 file(s)
[2026-06-19T05:08:21.587Z] OrderImport: nothing to do.
[2026-06-19T05:08:50.272Z] OrderImport daemon: cycle start
[2026-06-19T05:08:51.580Z] OrderImport: found 0 file(s)
[2026-06-19T05:08:51.580Z] OrderImport: nothing to do.
[2026-06-19T05:09:20.295Z] OrderImport daemon: cycle start
[2026-06-19T05:09:21.499Z] OrderImport: found 0 file(s)
[2026-06-19T05:09:21.499Z] OrderImport: nothing to do.
[2026-06-19T05:09:50.311Z] OrderImport daemon: cycle start
[2026-06-19T05:09:51.250Z] OrderImport: nothing to do.
[2026-06-19T05:09:51.250Z] OrderImport: found 0 file(s)
[2026-06-19T05:10:20.339Z] OrderImport daemon: cycle start
[2026-06-19T05:10:21.313Z] OrderImport: found 0 file(s)
[2026-06-19T05:10:21.313Z] OrderImport: nothing to do.
[2026-06-19T05:10:50.367Z] OrderImport daemon: cycle start
[2026-06-19T05:10:51.278Z] OrderImport: found 0 file(s)
[2026-06-19T05:10:51.278Z] OrderImport: nothing to do.
[2026-06-19T05:11:20.395Z] OrderImport daemon: cycle start
[2026-06-19T05:11:21.334Z] OrderImport: found 0 file(s)
[2026-06-19T05:11:21.334Z] OrderImport: nothing to do.
[2026-06-19T05:11:50.424Z] OrderImport daemon: cycle start
[2026-06-19T05:11:51.326Z] OrderImport: found 0 file(s)
[2026-06-19T05:11:51.326Z] OrderImport: nothing to do.
[2026-06-19T05:12:20.451Z] OrderImport daemon: cycle start
[2026-06-19T05:12:21.358Z] OrderImport: found 0 file(s)
[2026-06-19T05:12:21.358Z] OrderImport: nothing to do.
[2026-06-19T05:12:50.468Z] OrderImport daemon: cycle start
[2026-06-19T05:12:51.362Z] OrderImport: found 0 file(s)
[2026-06-19T05:12:51.363Z] OrderImport: nothing to do.
[2026-06-19T05:13:20.469Z] OrderImport daemon: cycle start
[2026-06-19T05:13:21.379Z] OrderImport: found 0 file(s)
[2026-06-19T05:13:21.379Z] OrderImport: nothing to do.
[2026-06-19T05:13:50.495Z] OrderImport daemon: cycle start
[2026-06-19T05:13:51.411Z] OrderImport: found 0 file(s)
[2026-06-19T05:13:51.412Z] OrderImport: nothing to do.
[2026-06-19T05:14:20.524Z] OrderImport daemon: cycle start
[2026-06-19T05:14:21.412Z] OrderImport: found 0 file(s)
[2026-06-19T05:14:21.412Z] OrderImport: nothing to do.
[2026-06-19T05:14:50.533Z] OrderImport daemon: cycle start
[2026-06-19T05:14:51.419Z] OrderImport: nothing to do.
[2026-06-19T05:14:51.419Z] OrderImport: found 0 file(s)
[2026-06-19T05:15:20.563Z] OrderImport daemon: cycle start
[2026-06-19T05:15:21.500Z] OrderImport: found 0 file(s)
[2026-06-19T05:15:21.500Z] OrderImport: nothing to do.
[2026-06-19T05:15:50.591Z] OrderImport daemon: cycle start
[2026-06-19T05:15:51.525Z] OrderImport: found 0 file(s)
[2026-06-19T05:15:51.526Z] OrderImport: nothing to do.
[2026-06-19T05:16:20.612Z] OrderImport daemon: cycle start
[2026-06-19T05:16:21.533Z] OrderImport: found 0 file(s)
[2026-06-19T05:16:21.533Z] OrderImport: nothing to do.
[2026-06-19T05:16:50.639Z] OrderImport daemon: cycle start
[2026-06-19T05:16:51.588Z] OrderImport: found 0 file(s)
[2026-06-19T05:16:51.588Z] OrderImport: nothing to do.
[2026-06-19T05:17:20.667Z] OrderImport daemon: cycle start
[2026-06-19T05:17:21.614Z] OrderImport: found 0 file(s)
[2026-06-19T05:17:21.614Z] OrderImport: nothing to do.
[2026-06-19T05:17:50.677Z] OrderImport daemon: cycle start
[2026-06-19T05:17:51.590Z] OrderImport: found 0 file(s)
[2026-06-19T05:17:51.590Z] OrderImport: nothing to do.
[2026-06-19T05:18:20.706Z] OrderImport daemon: cycle start
[2026-06-19T05:18:21.614Z] OrderImport: found 0 file(s)
[2026-06-19T05:18:21.614Z] OrderImport: nothing to do.
[2026-06-19T05:18:50.731Z] OrderImport daemon: cycle start
[2026-06-19T05:18:51.623Z] OrderImport: found 0 file(s)
[2026-06-19T05:18:51.623Z] OrderImport: nothing to do.
[2026-06-19T05:19:20.735Z] OrderImport daemon: cycle start
[2026-06-19T05:19:21.680Z] OrderImport: found 0 file(s)
[2026-06-19T05:19:21.681Z] OrderImport: nothing to do.
[2026-06-19T05:19:50.763Z] OrderImport daemon: cycle start
[2026-06-19T05:19:51.644Z] OrderImport: found 0 file(s)
[2026-06-19T05:19:51.644Z] OrderImport: nothing to do.
[2026-06-19T05:20:20.787Z] OrderImport daemon: cycle start
[2026-06-19T05:20:21.698Z] OrderImport: found 0 file(s)
[2026-06-19T05:20:21.698Z] OrderImport: nothing to do.
[2026-06-19T05:20:50.808Z] OrderImport daemon: cycle start
[2026-06-19T05:20:51.713Z] OrderImport: found 0 file(s)
[2026-06-19T05:20:51.713Z] OrderImport: nothing to do.
[2026-06-19T05:21:20.835Z] OrderImport daemon: cycle start
[2026-06-19T05:21:21.762Z] OrderImport: found 0 file(s)
[2026-06-19T05:21:21.762Z] OrderImport: nothing to do.
[2026-06-19T05:21:50.863Z] OrderImport daemon: cycle start
[2026-06-19T05:21:51.780Z] OrderImport: found 0 file(s)
[2026-06-19T05:21:51.780Z] OrderImport: nothing to do.
[2026-06-19T05:22:20.893Z] OrderImport daemon: cycle start
[2026-06-19T05:22:21.807Z] OrderImport: found 0 file(s)
[2026-06-19T05:22:21.807Z] OrderImport: nothing to do.
[2026-06-19T05:22:50.919Z] OrderImport daemon: cycle start
[2026-06-19T05:22:51.849Z] OrderImport: found 0 file(s)
[2026-06-19T05:22:51.850Z] OrderImport: nothing to do.
[2026-06-19T05:23:20.933Z] OrderImport daemon: cycle start
[2026-06-19T05:23:21.834Z] OrderImport: found 0 file(s)
[2026-06-19T05:23:21.834Z] OrderImport: nothing to do.
[2026-06-19T05:23:50.959Z] OrderImport daemon: cycle start
[2026-06-19T05:23:51.874Z] OrderImport: found 0 file(s)
[2026-06-19T05:23:51.874Z] OrderImport: nothing to do.
[2026-06-19T05:24:20.966Z] OrderImport daemon: cycle start
[2026-06-19T05:24:21.902Z] OrderImport: found 0 file(s)
[2026-06-19T05:24:21.903Z] OrderImport: nothing to do.
[2026-06-19T05:24:50.994Z] OrderImport daemon: cycle start
[2026-06-19T05:24:51.929Z] OrderImport: found 0 file(s)
[2026-06-19T05:24:51.929Z] OrderImport: nothing to do.
[2026-06-19T05:25:21.007Z] OrderImport daemon: cycle start
[2026-06-19T05:25:21.910Z] OrderImport: found 0 file(s)
[2026-06-19T05:25:21.910Z] OrderImport: nothing to do.
[2026-06-19T05:25:51.035Z] OrderImport daemon: cycle start
[2026-06-19T05:25:51.976Z] OrderImport: found 0 file(s)
[2026-06-19T05:25:51.976Z] OrderImport: nothing to do.
[2026-06-19T05:26:21.036Z] OrderImport daemon: cycle start
[2026-06-19T05:26:21.963Z] OrderImport: found 0 file(s)
[2026-06-19T05:26:21.964Z] OrderImport: nothing to do.
[2026-06-19T05:26:51.041Z] OrderImport daemon: cycle start
[2026-06-19T05:26:51.938Z] OrderImport: found 0 file(s)
[2026-06-19T05:26:51.938Z] OrderImport: nothing to do.
[2026-06-19T05:27:21.050Z] OrderImport daemon: cycle start
[2026-06-19T05:27:21.995Z] OrderImport: found 0 file(s)
[2026-06-19T05:27:21.995Z] OrderImport: nothing to do.
[2026-06-19T05:27:51.075Z] OrderImport daemon: cycle start
[2026-06-19T05:27:52.005Z] OrderImport: found 0 file(s)
[2026-06-19T05:27:52.005Z] OrderImport: nothing to do.
[2026-06-19T05:28:21.075Z] OrderImport daemon: cycle start
[2026-06-19T05:28:21.982Z] OrderImport: found 0 file(s)
[2026-06-19T05:28:21.982Z] OrderImport: nothing to do.
[2026-06-19T05:28:51.103Z] OrderImport daemon: cycle start
[2026-06-19T05:28:51.987Z] OrderImport: found 0 file(s)
[2026-06-19T05:28:51.987Z] OrderImport: nothing to do.
[2026-06-19T05:29:21.107Z] OrderImport daemon: cycle start
[2026-06-19T05:29:22.004Z] OrderImport: found 0 file(s)
[2026-06-19T05:29:22.005Z] OrderImport: nothing to do.
[2026-06-19T05:29:51.137Z] OrderImport daemon: cycle start
[2026-06-19T05:29:52.052Z] OrderImport: found 0 file(s)
[2026-06-19T05:29:52.053Z] OrderImport: nothing to do.
[2026-06-19T05:30:21.163Z] OrderImport daemon: cycle start
[2026-06-19T05:30:22.098Z] OrderImport: found 0 file(s)
[2026-06-19T05:30:22.098Z] OrderImport: nothing to do.
[2026-06-19T05:30:51.192Z] OrderImport daemon: cycle start
[2026-06-19T05:30:52.065Z] OrderImport: found 0 file(s)
[2026-06-19T05:30:52.065Z] OrderImport: nothing to do.
[2026-06-19T05:31:21.219Z] OrderImport daemon: cycle start
[2026-06-19T05:31:22.132Z] OrderImport: found 0 file(s)
[2026-06-19T05:31:22.132Z] OrderImport: nothing to do.
[2026-06-19T05:31:51.220Z] OrderImport daemon: cycle start
[2026-06-19T05:31:52.140Z] OrderImport: found 0 file(s)
[2026-06-19T05:31:52.140Z] OrderImport: nothing to do.
[2026-06-19T05:32:21.247Z] OrderImport daemon: cycle start
[2026-06-19T05:32:22.147Z] OrderImport: found 0 file(s)
[2026-06-19T05:32:22.148Z] OrderImport: nothing to do.
[2026-06-19T05:32:51.269Z] OrderImport daemon: cycle start
[2026-06-19T05:32:52.162Z] OrderImport: found 0 file(s)
[2026-06-19T05:32:52.162Z] OrderImport: nothing to do.
[2026-06-19T05:33:21.280Z] OrderImport daemon: cycle start
[2026-06-19T05:33:22.163Z] OrderImport: found 0 file(s)
[2026-06-19T05:33:22.163Z] OrderImport: nothing to do.
[2026-06-19T05:33:51.304Z] OrderImport daemon: cycle start
[2026-06-19T05:33:52.216Z] OrderImport: found 0 file(s)
[2026-06-19T05:33:52.216Z] OrderImport: nothing to do.
[2026-06-19T05:34:21.304Z] OrderImport daemon: cycle start
[2026-06-19T05:34:22.177Z] OrderImport: found 0 file(s)
[2026-06-19T05:34:22.177Z] OrderImport: nothing to do.
[2026-06-19T05:34:51.327Z] OrderImport daemon: cycle start
[2026-06-19T05:34:52.249Z] OrderImport: found 0 file(s)
[2026-06-19T05:34:52.249Z] OrderImport: nothing to do.
[2026-06-19T05:35:21.351Z] OrderImport daemon: cycle start
[2026-06-19T05:35:22.245Z] OrderImport: found 0 file(s)
[2026-06-19T05:35:22.245Z] OrderImport: nothing to do.
[2026-06-19T05:35:51.379Z] OrderImport daemon: cycle start
[2026-06-19T05:35:52.285Z] OrderImport: found 0 file(s)
[2026-06-19T05:35:52.285Z] OrderImport: nothing to do.
[2026-06-19T05:36:21.407Z] OrderImport daemon: cycle start
[2026-06-19T05:36:22.322Z] OrderImport: found 0 file(s)
[2026-06-19T05:36:22.322Z] OrderImport: nothing to do.
[2026-06-19T05:36:51.435Z] OrderImport daemon: cycle start
[2026-06-19T05:36:52.325Z] OrderImport: found 0 file(s)
[2026-06-19T05:36:52.325Z] OrderImport: nothing to do.
[2026-06-19T05:37:21.463Z] OrderImport daemon: cycle start
[2026-06-19T05:37:22.358Z] OrderImport: found 0 file(s)
[2026-06-19T05:37:22.358Z] OrderImport: nothing to do.
[2026-06-19T05:37:51.491Z] OrderImport daemon: cycle start
[2026-06-19T05:37:52.416Z] OrderImport: found 0 file(s)
[2026-06-19T05:37:52.416Z] OrderImport: nothing to do.
[2026-06-19T05:38:21.492Z] OrderImport daemon: cycle start
[2026-06-19T05:38:22.413Z] OrderImport: found 0 file(s)
[2026-06-19T05:38:22.413Z] OrderImport: nothing to do.
[2026-06-19T05:38:51.516Z] OrderImport daemon: cycle start
[2026-06-19T05:38:52.478Z] OrderImport: found 0 file(s)
[2026-06-19T05:38:52.478Z] OrderImport: nothing to do.
[2026-06-19T05:39:21.542Z] OrderImport daemon: cycle start
[2026-06-19T05:39:22.479Z] OrderImport: found 0 file(s)
[2026-06-19T05:39:22.479Z] OrderImport: nothing to do.
[2026-06-19T05:39:51.557Z] OrderImport daemon: cycle start
[2026-06-19T05:39:52.467Z] OrderImport: found 0 file(s)
[2026-06-19T05:39:52.467Z] OrderImport: nothing to do.
[2026-06-19T05:40:21.585Z] OrderImport daemon: cycle start
[2026-06-19T05:40:22.505Z] OrderImport: found 0 file(s)
[2026-06-19T05:40:22.505Z] OrderImport: nothing to do.
[2026-06-19T05:40:51.609Z] OrderImport daemon: cycle start
[2026-06-19T05:40:52.495Z] OrderImport: found 0 file(s)
[2026-06-19T05:40:52.495Z] OrderImport: nothing to do.
[2026-06-19T05:41:21.610Z] OrderImport daemon: cycle start
[2026-06-19T05:41:22.533Z] OrderImport: found 0 file(s)
[2026-06-19T05:41:22.533Z] OrderImport: nothing to do.
[2026-06-19T05:41:51.639Z] OrderImport daemon: cycle start
[2026-06-19T05:41:52.532Z] OrderImport: found 0 file(s)
[2026-06-19T05:41:52.532Z] OrderImport: nothing to do.
[2026-06-19T05:42:21.647Z] OrderImport daemon: cycle start
[2026-06-19T05:42:22.536Z] OrderImport: found 0 file(s)
[2026-06-19T05:42:22.536Z] OrderImport: nothing to do.
[2026-06-19T05:42:51.675Z] OrderImport daemon: cycle start
[2026-06-19T05:42:52.581Z] OrderImport: found 0 file(s)
[2026-06-19T05:42:52.581Z] OrderImport: nothing to do.
[2026-06-19T05:43:21.704Z] OrderImport daemon: cycle start
[2026-06-19T05:43:22.615Z] OrderImport: found 0 file(s)
[2026-06-19T05:43:22.615Z] OrderImport: nothing to do.
[2026-06-19T05:43:51.731Z] OrderImport daemon: cycle start
[2026-06-19T05:43:52.637Z] OrderImport: nothing to do.
[2026-06-19T05:43:52.637Z] OrderImport: found 0 file(s)
[2026-06-19T05:44:21.759Z] OrderImport daemon: cycle start
[2026-06-19T05:44:22.662Z] OrderImport: found 0 file(s)
[2026-06-19T05:44:22.662Z] OrderImport: nothing to do.
[2026-06-19T05:44:51.787Z] OrderImport daemon: cycle start
[2026-06-19T05:44:52.705Z] OrderImport: found 0 file(s)
[2026-06-19T05:44:52.706Z] OrderImport: nothing to do.
[2026-06-19T05:45:21.816Z] OrderImport daemon: cycle start
[2026-06-19T05:45:22.749Z] OrderImport: found 0 file(s)
[2026-06-19T05:45:22.749Z] OrderImport: nothing to do.
[2026-06-19T05:45:51.835Z] OrderImport daemon: cycle start
[2026-06-19T05:45:52.744Z] OrderImport: found 0 file(s)
[2026-06-19T05:45:52.745Z] OrderImport: nothing to do.
[2026-06-19T05:46:21.843Z] OrderImport daemon: cycle start
[2026-06-19T05:46:22.735Z] OrderImport: found 0 file(s)
[2026-06-19T05:46:22.735Z] OrderImport: nothing to do.
[2026-06-19T05:46:51.855Z] OrderImport daemon: cycle start
[2026-06-19T05:46:52.787Z] OrderImport: found 0 file(s)
[2026-06-19T05:46:52.787Z] OrderImport: nothing to do.
[2026-06-19T05:47:21.873Z] OrderImport daemon: cycle start
[2026-06-19T05:47:22.813Z] OrderImport: found 0 file(s)
[2026-06-19T05:47:22.813Z] OrderImport: nothing to do.
[2026-06-19T05:47:51.899Z] OrderImport daemon: cycle start
[2026-06-19T05:47:52.789Z] OrderImport: found 0 file(s)
[2026-06-19T05:47:52.789Z] OrderImport: nothing to do.
[2026-06-19T05:48:21.927Z] OrderImport daemon: cycle start
[2026-06-19T05:48:22.870Z] OrderImport: found 0 file(s)
[2026-06-19T05:48:22.870Z] OrderImport: nothing to do.
[2026-06-19T05:48:51.955Z] OrderImport daemon: cycle start
[2026-06-19T05:48:52.852Z] OrderImport: found 0 file(s)
[2026-06-19T05:48:52.852Z] OrderImport: nothing to do.
[2026-06-19T05:49:21.984Z] OrderImport daemon: cycle start
[2026-06-19T05:49:22.905Z] OrderImport: found 0 file(s)
[2026-06-19T05:49:22.905Z] OrderImport: nothing to do.
[2026-06-19T05:49:52.010Z] OrderImport daemon: cycle start
[2026-06-19T05:49:52.897Z] OrderImport: found 0 file(s)
[2026-06-19T05:49:52.897Z] OrderImport: nothing to do.
[2026-06-19T05:50:22.035Z] OrderImport daemon: cycle start
[2026-06-19T05:50:22.967Z] OrderImport: found 0 file(s)
[2026-06-19T05:50:22.967Z] OrderImport: nothing to do.
[2026-06-19T05:50:52.063Z] OrderImport daemon: cycle start
[2026-06-19T05:50:52.956Z] OrderImport: found 0 file(s)
[2026-06-19T05:50:52.956Z] OrderImport: nothing to do.
[2026-06-19T05:51:22.088Z] OrderImport daemon: cycle start
[2026-06-19T05:51:22.989Z] OrderImport: found 0 file(s)
[2026-06-19T05:51:22.989Z] OrderImport: nothing to do.
[2026-06-19T05:51:52.115Z] OrderImport daemon: cycle start
[2026-06-19T05:51:53.018Z] OrderImport: found 0 file(s)
[2026-06-19T05:51:53.019Z] OrderImport: nothing to do.
[2026-06-19T05:52:22.144Z] OrderImport daemon: cycle start
[2026-06-19T05:52:23.039Z] OrderImport: found 0 file(s)
[2026-06-19T05:52:23.039Z] OrderImport: nothing to do.
[2026-06-19T05:52:52.173Z] OrderImport daemon: cycle start
[2026-06-19T05:52:53.056Z] OrderImport: nothing to do.
[2026-06-19T05:52:53.056Z] OrderImport: found 0 file(s)
[2026-06-19T05:53:22.189Z] OrderImport daemon: cycle start
[2026-06-19T05:53:23.113Z] OrderImport: found 0 file(s)
[2026-06-19T05:53:23.114Z] OrderImport: nothing to do.
[2026-06-19T05:53:52.199Z] OrderImport daemon: cycle start
[2026-06-19T05:53:53.073Z] OrderImport: found 0 file(s)
[2026-06-19T05:53:53.073Z] OrderImport: nothing to do.
[2026-06-19T05:54:22.227Z] OrderImport daemon: cycle start
[2026-06-19T05:54:23.129Z] OrderImport: found 0 file(s)
[2026-06-19T05:54:23.129Z] OrderImport: nothing to do.
[2026-06-19T05:54:52.247Z] OrderImport daemon: cycle start
[2026-06-19T05:54:53.144Z] OrderImport: found 0 file(s)
[2026-06-19T05:54:53.144Z] OrderImport: nothing to do.
[2026-06-19T05:55:22.276Z] OrderImport daemon: cycle start
[2026-06-19T05:55:23.202Z] OrderImport: found 0 file(s)
[2026-06-19T05:55:23.202Z] OrderImport: nothing to do.
[2026-06-19T05:55:52.305Z] OrderImport daemon: cycle start
[2026-06-19T05:55:53.178Z] OrderImport: found 0 file(s)
[2026-06-19T05:55:53.178Z] OrderImport: nothing to do.
[2026-06-19T05:56:22.333Z] OrderImport daemon: cycle start
[2026-06-19T05:56:23.275Z] OrderImport: found 0 file(s)
[2026-06-19T05:56:23.275Z] OrderImport: nothing to do.
[2026-06-19T05:56:52.351Z] OrderImport daemon: cycle start
[2026-06-19T05:56:53.255Z] OrderImport: found 0 file(s)
[2026-06-19T05:56:53.255Z] OrderImport: nothing to do.
[2026-06-19T05:57:22.356Z] OrderImport daemon: cycle start
[2026-06-19T05:57:23.301Z] OrderImport: found 0 file(s)
[2026-06-19T05:57:23.301Z] OrderImport: nothing to do.
[2026-06-19T05:57:52.383Z] OrderImport daemon: cycle start
[2026-06-19T05:57:53.282Z] OrderImport: found 0 file(s)
[2026-06-19T05:57:53.282Z] OrderImport: nothing to do.
[2026-06-19T05:58:22.398Z] OrderImport daemon: cycle start
[2026-06-19T05:58:23.301Z] OrderImport: found 0 file(s)
[2026-06-19T05:58:23.301Z] OrderImport: nothing to do.
[2026-06-19T05:58:52.423Z] OrderImport daemon: cycle start
[2026-06-19T05:58:53.337Z] OrderImport: found 0 file(s)
[2026-06-19T05:58:53.337Z] OrderImport: nothing to do.
[2026-06-19T05:59:22.451Z] OrderImport daemon: cycle start
[2026-06-19T05:59:23.344Z] OrderImport: found 0 file(s)
[2026-06-19T05:59:23.344Z] OrderImport: nothing to do.
[2026-06-19T05:59:52.479Z] OrderImport daemon: cycle start
[2026-06-19T05:59:53.409Z] OrderImport: found 0 file(s)
[2026-06-19T05:59:53.409Z] OrderImport: nothing to do.
[2026-06-19T06:00:22.502Z] OrderImport daemon: cycle start
[2026-06-19T06:00:23.418Z] OrderImport: found 0 file(s)
[2026-06-19T06:00:23.418Z] OrderImport: nothing to do.
[2026-06-19T06:00:52.527Z] OrderImport daemon: cycle start
[2026-06-19T06:00:53.544Z] OrderImport: found 0 file(s)
[2026-06-19T06:00:53.544Z] OrderImport: nothing to do.
[2026-06-19T06:01:22.543Z] OrderImport daemon: cycle start
[2026-06-19T06:01:23.440Z] OrderImport: found 0 file(s)
[2026-06-19T06:01:23.440Z] OrderImport: nothing to do.
[2026-06-19T06:01:52.565Z] OrderImport daemon: cycle start
[2026-06-19T06:01:53.450Z] OrderImport: found 0 file(s)
[2026-06-19T06:01:53.450Z] OrderImport: nothing to do.
[2026-06-19T06:02:22.589Z] OrderImport daemon: cycle start
[2026-06-19T06:02:23.475Z] OrderImport: found 0 file(s)
[2026-06-19T06:02:23.476Z] OrderImport: nothing to do.
[2026-06-19T06:02:52.615Z] OrderImport daemon: cycle start
[2026-06-19T06:02:53.498Z] OrderImport: found 0 file(s)
[2026-06-19T06:02:53.498Z] OrderImport: nothing to do.
[2026-06-19T06:03:22.643Z] OrderImport daemon: cycle start
[2026-06-19T06:03:23.586Z] OrderImport: found 0 file(s)
[2026-06-19T06:03:23.586Z] OrderImport: nothing to do.
[2026-06-19T06:03:52.661Z] OrderImport daemon: cycle start
[2026-06-19T06:03:53.617Z] OrderImport: found 0 file(s)
[2026-06-19T06:03:53.617Z] OrderImport: nothing to do.
[2026-06-19T06:04:22.675Z] OrderImport daemon: cycle start
[2026-06-19T06:04:23.561Z] OrderImport: found 0 file(s)
[2026-06-19T06:04:23.561Z] OrderImport: nothing to do.
[2026-06-19T06:04:52.703Z] OrderImport daemon: cycle start
[2026-06-19T06:04:53.639Z] OrderImport: found 0 file(s)
[2026-06-19T06:04:53.639Z] OrderImport: nothing to do.
[2026-06-19T06:05:22.713Z] OrderImport daemon: cycle start
[2026-06-19T06:05:23.733Z] OrderImport: found 0 file(s)
[2026-06-19T06:05:23.733Z] OrderImport: nothing to do.
[2026-06-19T06:05:52.719Z] OrderImport daemon: cycle start
[2026-06-19T06:05:53.667Z] OrderImport: found 0 file(s)
[2026-06-19T06:05:53.667Z] OrderImport: nothing to do.
[2026-06-19T06:06:22.744Z] OrderImport daemon: cycle start
[2026-06-19T06:06:23.678Z] OrderImport: nothing to do.
[2026-06-19T06:06:23.678Z] OrderImport: found 0 file(s)
[2026-06-19T06:06:52.770Z] OrderImport daemon: cycle start
[2026-06-19T06:06:53.685Z] OrderImport: found 0 file(s)
[2026-06-19T06:06:53.685Z] OrderImport: nothing to do.
[2026-06-19T06:07:22.795Z] OrderImport daemon: cycle start
[2026-06-19T06:07:23.715Z] OrderImport: found 0 file(s)
[2026-06-19T06:07:23.715Z] OrderImport: nothing to do.
[2026-06-19T06:07:52.823Z] OrderImport daemon: cycle start
[2026-06-19T06:07:53.764Z] OrderImport: found 0 file(s)
[2026-06-19T06:07:53.764Z] OrderImport: nothing to do.
[2026-06-19T06:08:22.844Z] OrderImport daemon: cycle start
[2026-06-19T06:08:23.756Z] OrderImport: found 0 file(s)
[2026-06-19T06:08:23.756Z] OrderImport: nothing to do.
[2026-06-19T06:08:52.852Z] OrderImport daemon: cycle start
[2026-06-19T06:08:53.767Z] OrderImport: found 0 file(s)
[2026-06-19T06:08:53.768Z] OrderImport: nothing to do.
[2026-06-19T06:09:22.879Z] OrderImport daemon: cycle start
[2026-06-19T06:09:23.795Z] OrderImport: found 0 file(s)
[2026-06-19T06:09:23.796Z] OrderImport: nothing to do.
[2026-06-19T06:09:52.906Z] OrderImport daemon: cycle start
[2026-06-19T06:09:53.803Z] OrderImport: found 0 file(s)
[2026-06-19T06:09:53.803Z] OrderImport: nothing to do.
[2026-06-19T06:10:22.935Z] OrderImport daemon: cycle start
[2026-06-19T06:10:23.839Z] OrderImport: found 0 file(s)
[2026-06-19T06:10:23.839Z] OrderImport: nothing to do.
[2026-06-19T06:10:52.956Z] OrderImport daemon: cycle start
[2026-06-19T06:10:53.874Z] OrderImport: found 0 file(s)
[2026-06-19T06:10:53.874Z] OrderImport: nothing to do.
[2026-06-19T06:11:22.984Z] OrderImport daemon: cycle start
[2026-06-19T06:11:23.888Z] OrderImport: nothing to do.
[2026-06-19T06:11:23.888Z] OrderImport: found 0 file(s)
[2026-06-19T06:11:52.998Z] OrderImport daemon: cycle start
[2026-06-19T06:11:53.907Z] OrderImport: nothing to do.
[2026-06-19T06:11:53.906Z] OrderImport: found 0 file(s)
[2026-06-19T06:12:23.003Z] OrderImport daemon: cycle start
[2026-06-19T06:12:23.895Z] OrderImport: found 0 file(s)
[2026-06-19T06:12:23.895Z] OrderImport: nothing to do.
[2026-06-19T06:12:53.031Z] OrderImport daemon: cycle start
[2026-06-19T06:12:53.956Z] OrderImport: found 0 file(s)
[2026-06-19T06:12:53.956Z] OrderImport: nothing to do.
[2026-06-19T06:13:23.059Z] OrderImport daemon: cycle start
[2026-06-19T06:13:23.962Z] OrderImport: found 0 file(s)
[2026-06-19T06:13:23.962Z] OrderImport: nothing to do.
[2026-06-19T06:13:53.075Z] OrderImport daemon: cycle start
[2026-06-19T06:13:53.963Z] OrderImport: found 0 file(s)
[2026-06-19T06:13:53.963Z] OrderImport: nothing to do.
[2026-06-19T06:14:23.103Z] OrderImport daemon: cycle start
[2026-06-19T06:14:24.043Z] OrderImport: found 0 file(s)
[2026-06-19T06:14:24.043Z] OrderImport: nothing to do.
[2026-06-19T06:14:53.108Z] OrderImport daemon: cycle start
[2026-06-19T06:14:54.029Z] OrderImport: found 0 file(s)
[2026-06-19T06:14:54.029Z] OrderImport: nothing to do.
[2026-06-19T06:15:23.135Z] OrderImport daemon: cycle start
[2026-06-19T06:15:24.077Z] OrderImport: found 0 file(s)
[2026-06-19T06:15:24.077Z] OrderImport: nothing to do.
[2026-06-19T06:15:53.163Z] OrderImport daemon: cycle start
[2026-06-19T06:15:54.109Z] OrderImport: found 0 file(s)
[2026-06-19T06:15:54.109Z] OrderImport: nothing to do.
[2026-06-19T06:16:23.191Z] OrderImport daemon: cycle start
[2026-06-19T06:16:24.106Z] OrderImport: found 0 file(s)
[2026-06-19T06:16:24.106Z] OrderImport: nothing to do.
[2026-06-19T06:16:53.217Z] OrderImport daemon: cycle start
[2026-06-19T06:16:54.183Z] OrderImport: found 0 file(s)
[2026-06-19T06:16:54.183Z] OrderImport: nothing to do.
[2026-06-19T06:17:23.243Z] OrderImport daemon: cycle start
[2026-06-19T06:17:24.159Z] OrderImport: found 0 file(s)
[2026-06-19T06:17:24.159Z] OrderImport: nothing to do.
[2026-06-19T06:17:53.272Z] OrderImport daemon: cycle start
[2026-06-19T06:17:54.254Z] OrderImport: found 0 file(s)
[2026-06-19T06:17:54.254Z] OrderImport: nothing to do.
[2026-06-19T06:18:23.299Z] OrderImport daemon: cycle start
[2026-06-19T06:18:24.227Z] OrderImport: found 0 file(s)
[2026-06-19T06:18:24.227Z] OrderImport: nothing to do.
[2026-06-19T06:18:53.327Z] OrderImport daemon: cycle start
[2026-06-19T06:18:54.221Z] OrderImport: nothing to do.
[2026-06-19T06:18:54.221Z] OrderImport: found 0 file(s)
[2026-06-19T06:19:23.347Z] OrderImport daemon: cycle start
[2026-06-19T06:19:24.301Z] OrderImport: found 0 file(s)
[2026-06-19T06:19:24.301Z] OrderImport: nothing to do.
[2026-06-19T06:19:53.348Z] OrderImport daemon: cycle start
[2026-06-19T06:19:54.319Z] OrderImport: found 0 file(s)
[2026-06-19T06:19:54.319Z] OrderImport: nothing to do.
[2026-06-19T06:20:23.375Z] OrderImport daemon: cycle start
[2026-06-19T06:20:24.287Z] OrderImport: found 0 file(s)
[2026-06-19T06:20:24.287Z] OrderImport: nothing to do.
[2026-06-19T06:20:53.403Z] OrderImport daemon: cycle start
[2026-06-19T06:20:54.292Z] OrderImport: found 0 file(s)
[2026-06-19T06:20:54.293Z] OrderImport: nothing to do.
[2026-06-19T06:21:23.431Z] OrderImport daemon: cycle start
[2026-06-19T06:21:24.379Z] OrderImport: found 0 file(s)
[2026-06-19T06:21:24.379Z] OrderImport: nothing to do.
[2026-06-19T06:21:53.459Z] OrderImport daemon: cycle start
[2026-06-19T06:21:54.386Z] OrderImport: found 0 file(s)
[2026-06-19T06:21:54.386Z] OrderImport: nothing to do.
[2026-06-19T06:22:23.483Z] OrderImport daemon: cycle start
[2026-06-19T06:22:24.433Z] OrderImport: found 0 file(s)
[2026-06-19T06:22:24.433Z] OrderImport: nothing to do.
[2026-06-19T06:22:53.493Z] OrderImport daemon: cycle start
[2026-06-19T06:22:54.417Z] OrderImport: found 0 file(s)
[2026-06-19T06:22:54.417Z] OrderImport: nothing to do.
[2026-06-19T06:23:23.519Z] OrderImport daemon: cycle start
[2026-06-19T06:23:24.454Z] OrderImport: found 0 file(s)
[2026-06-19T06:23:24.454Z] OrderImport: nothing to do.
[2026-06-19T06:23:53.548Z] OrderImport daemon: cycle start
[2026-06-19T06:23:54.478Z] OrderImport: found 0 file(s)
[2026-06-19T06:23:54.478Z] OrderImport: nothing to do.
[2026-06-19T06:24:23.575Z] OrderImport daemon: cycle start
[2026-06-19T06:24:24.503Z] OrderImport: found 0 file(s)
[2026-06-19T06:24:24.504Z] OrderImport: nothing to do.
[2026-06-19T06:24:53.603Z] OrderImport daemon: cycle start
[2026-06-19T06:24:54.516Z] OrderImport: found 0 file(s)
[2026-06-19T06:24:54.516Z] OrderImport: nothing to do.
[2026-06-19T06:25:23.633Z] OrderImport daemon: cycle start
[2026-06-19T06:25:24.539Z] OrderImport: found 0 file(s)
[2026-06-19T06:25:24.539Z] OrderImport: nothing to do.
[2026-06-19T06:25:53.659Z] OrderImport daemon: cycle start
[2026-06-19T06:25:54.594Z] OrderImport: found 0 file(s)
[2026-06-19T06:25:54.594Z] OrderImport: nothing to do.
[2026-06-19T06:26:23.687Z] OrderImport daemon: cycle start
[2026-06-19T06:26:24.590Z] OrderImport: found 0 file(s)
[2026-06-19T06:26:24.590Z] OrderImport: nothing to do.
[2026-06-19T06:26:53.715Z] OrderImport daemon: cycle start
[2026-06-19T06:26:54.661Z] OrderImport: found 0 file(s)
[2026-06-19T06:26:54.661Z] OrderImport: nothing to do.
[2026-06-19T06:27:23.743Z] OrderImport daemon: cycle start
[2026-06-19T06:27:24.661Z] OrderImport: found 0 file(s)
[2026-06-19T06:27:24.661Z] OrderImport: nothing to do.
[2026-06-19T06:27:53.771Z] OrderImport daemon: cycle start
[2026-06-19T06:27:54.716Z] OrderImport: found 0 file(s)
[2026-06-19T06:27:54.716Z] OrderImport: nothing to do.
[2026-06-19T06:28:23.799Z] OrderImport daemon: cycle start
[2026-06-19T06:28:24.720Z] OrderImport: found 0 file(s)
[2026-06-19T06:28:24.720Z] OrderImport: nothing to do.
[2026-06-19T06:28:53.818Z] OrderImport daemon: cycle start
[2026-06-19T06:28:54.705Z] OrderImport: found 0 file(s)
[2026-06-19T06:28:54.705Z] OrderImport: nothing to do.
[2026-06-19T06:29:23.847Z] OrderImport daemon: cycle start
[2026-06-19T06:29:24.801Z] OrderImport: found 0 file(s)
[2026-06-19T06:29:24.801Z] OrderImport: nothing to do.
[2026-06-19T06:29:53.860Z] OrderImport daemon: cycle start
[2026-06-19T06:29:54.788Z] OrderImport: nothing to do.
[2026-06-19T06:29:54.788Z] OrderImport: found 0 file(s)
[2026-06-19T06:30:23.871Z] OrderImport daemon: cycle start
[2026-06-19T06:30:24.841Z] OrderImport: found 0 file(s)
[2026-06-19T06:30:24.841Z] OrderImport: nothing to do.
[2026-06-19T06:30:53.898Z] OrderImport daemon: cycle start
[2026-06-19T06:30:54.879Z] OrderImport: found 0 file(s)
[2026-06-19T06:30:54.879Z] OrderImport: nothing to do.
[2026-06-19T06:31:23.923Z] OrderImport daemon: cycle start
[2026-06-19T06:31:24.858Z] OrderImport: found 0 file(s)
[2026-06-19T06:31:24.858Z] OrderImport: nothing to do.
[2026-06-19T06:31:53.936Z] OrderImport daemon: cycle start
[2026-06-19T06:31:54.841Z] OrderImport: found 0 file(s)
[2026-06-19T06:31:54.841Z] OrderImport: nothing to do.
[2026-06-19T06:32:23.939Z] OrderImport daemon: cycle start
[2026-06-19T06:32:24.855Z] OrderImport: found 0 file(s)
[2026-06-19T06:32:24.855Z] OrderImport: nothing to do.
[2026-06-19T06:32:53.967Z] OrderImport daemon: cycle start
[2026-06-19T06:32:54.895Z] OrderImport: found 0 file(s)
[2026-06-19T06:32:54.895Z] OrderImport: nothing to do.
[2026-06-19T06:33:23.995Z] OrderImport daemon: cycle start
[2026-06-19T06:33:24.906Z] OrderImport: found 0 file(s)
[2026-06-19T06:33:24.906Z] OrderImport: nothing to do.
[2026-06-19T06:33:54.023Z] OrderImport daemon: cycle start
[2026-06-19T06:33:54.934Z] OrderImport: found 0 file(s)
[2026-06-19T06:33:54.934Z] OrderImport: nothing to do.
[2026-06-19T06:34:24.051Z] OrderImport daemon: cycle start
[2026-06-19T06:34:24.984Z] OrderImport: found 0 file(s)
[2026-06-19T06:34:24.984Z] OrderImport: nothing to do.
[2026-06-19T06:34:54.079Z] OrderImport daemon: cycle start
[2026-06-19T06:34:55.010Z] OrderImport: found 0 file(s)
[2026-06-19T06:34:55.010Z] OrderImport: nothing to do.
[2026-06-19T06:35:24.107Z] OrderImport daemon: cycle start
[2026-06-19T06:35:25.036Z] OrderImport: found 0 file(s)
[2026-06-19T06:35:25.036Z] OrderImport: nothing to do.
[2026-06-19T06:35:54.135Z] OrderImport daemon: cycle start
[2026-06-19T06:35:55.032Z] OrderImport: found 0 file(s)
[2026-06-19T06:35:55.032Z] OrderImport: nothing to do.
[2026-06-19T06:36:24.163Z] OrderImport daemon: cycle start
[2026-06-19T06:36:25.088Z] OrderImport: found 0 file(s)
[2026-06-19T06:36:25.088Z] OrderImport: nothing to do.
[2026-06-19T06:36:54.184Z] OrderImport daemon: cycle start
[2026-06-19T06:36:55.111Z] OrderImport: found 0 file(s)
[2026-06-19T06:36:55.111Z] OrderImport: nothing to do.
[2026-06-19T06:37:24.211Z] OrderImport daemon: cycle start
[2026-06-19T06:37:25.148Z] OrderImport: found 0 file(s)
[2026-06-19T06:37:25.148Z] OrderImport: nothing to do.
[2026-06-19T06:37:54.231Z] OrderImport daemon: cycle start
[2026-06-19T06:37:55.219Z] OrderImport: found 0 file(s)
[2026-06-19T06:37:55.219Z] OrderImport: nothing to do.
[2026-06-19T06:38:24.257Z] OrderImport daemon: cycle start
[2026-06-19T06:38:25.198Z] OrderImport: nothing to do.
[2026-06-19T06:38:25.198Z] OrderImport: found 0 file(s)
[2026-06-19T06:38:54.265Z] OrderImport daemon: cycle start
[2026-06-19T06:38:55.202Z] OrderImport: found 0 file(s)
[2026-06-19T06:38:55.202Z] OrderImport: nothing to do.
[2026-06-19T06:39:24.292Z] OrderImport daemon: cycle start
[2026-06-19T06:39:25.220Z] OrderImport: found 0 file(s)
[2026-06-19T06:39:25.220Z] OrderImport: nothing to do.
[2026-06-19T06:39:54.317Z] OrderImport daemon: cycle start
[2026-06-19T06:39:55.249Z] OrderImport: found 0 file(s)
[2026-06-19T06:39:55.249Z] OrderImport: nothing to do.
[2026-06-19T06:40:24.338Z] OrderImport daemon: cycle start
[2026-06-19T06:40:25.262Z] OrderImport: found 0 file(s)
[2026-06-19T06:40:25.262Z] OrderImport: nothing to do.
[2026-06-19T06:40:54.368Z] OrderImport daemon: cycle start
[2026-06-19T06:40:55.282Z] OrderImport: found 0 file(s)
[2026-06-19T06:40:55.282Z] OrderImport: nothing to do.
[2026-06-19T06:41:24.388Z] OrderImport daemon: cycle start
[2026-06-19T06:41:25.319Z] OrderImport: found 0 file(s)
[2026-06-19T06:41:25.319Z] OrderImport: nothing to do.
[2026-06-19T06:41:54.415Z] OrderImport daemon: cycle start
[2026-06-19T06:41:55.324Z] OrderImport: nothing to do.
[2026-06-19T06:41:55.323Z] OrderImport: found 0 file(s)
[2026-06-19T06:42:24.443Z] OrderImport daemon: cycle start
[2026-06-19T06:42:25.331Z] OrderImport: found 0 file(s)
[2026-06-19T06:42:25.331Z] OrderImport: nothing to do.
[2026-06-19T06:42:54.471Z] OrderImport daemon: cycle start
[2026-06-19T06:42:55.366Z] OrderImport: found 0 file(s)
[2026-06-19T06:42:55.366Z] OrderImport: nothing to do.
[2026-06-19T06:43:24.500Z] OrderImport daemon: cycle start
[2026-06-19T06:43:25.450Z] OrderImport: found 0 file(s)
[2026-06-19T06:43:25.450Z] OrderImport: nothing to do.
[2026-06-19T06:43:54.527Z] OrderImport daemon: cycle start
[2026-06-19T06:43:55.438Z] OrderImport: found 0 file(s)
[2026-06-19T06:43:55.438Z] OrderImport: nothing to do.
[2026-06-19T06:44:24.555Z] OrderImport daemon: cycle start
[2026-06-19T06:44:25.457Z] OrderImport: found 0 file(s)
[2026-06-19T06:44:25.457Z] OrderImport: nothing to do.
[2026-06-19T06:44:54.583Z] OrderImport daemon: cycle start
[2026-06-19T06:44:55.504Z] OrderImport: found 0 file(s)
[2026-06-19T06:44:55.505Z] OrderImport: nothing to do.
[2026-06-19T06:45:24.611Z] OrderImport daemon: cycle start
[2026-06-19T06:45:25.598Z] OrderImport: found 0 file(s)
[2026-06-19T06:45:25.599Z] OrderImport: nothing to do.
[2026-06-19T06:45:54.639Z] OrderImport daemon: cycle start
[2026-06-19T06:45:55.603Z] OrderImport: found 0 file(s)
[2026-06-19T06:45:55.603Z] OrderImport: nothing to do.
[2026-06-19T06:46:24.667Z] OrderImport daemon: cycle start
[2026-06-19T06:46:25.687Z] OrderImport: found 0 file(s)
[2026-06-19T06:46:25.687Z] OrderImport: nothing to do.
[2026-06-19T06:46:54.695Z] OrderImport daemon: cycle start
[2026-06-19T06:46:55.602Z] OrderImport: found 0 file(s)
[2026-06-19T06:46:55.602Z] OrderImport: nothing to do.
[2026-06-19T06:47:24.725Z] OrderImport daemon: cycle start
[2026-06-19T06:47:25.660Z] OrderImport: found 0 file(s)
[2026-06-19T06:47:25.661Z] OrderImport: nothing to do.
[2026-06-19T06:47:54.751Z] OrderImport daemon: cycle start
[2026-06-19T06:47:55.666Z] OrderImport: found 0 file(s)
[2026-06-19T06:47:55.666Z] OrderImport: nothing to do.
[2026-06-19T06:48:24.779Z] OrderImport daemon: cycle start
[2026-06-19T06:48:25.684Z] OrderImport: found 0 file(s)
[2026-06-19T06:48:25.684Z] OrderImport: nothing to do.
[2026-06-19T06:48:54.807Z] OrderImport daemon: cycle start
[2026-06-19T06:48:55.721Z] OrderImport: found 0 file(s)
[2026-06-19T06:48:55.721Z] OrderImport: nothing to do.
[2026-06-19T06:49:24.836Z] OrderImport daemon: cycle start
[2026-06-19T06:49:25.791Z] OrderImport: found 0 file(s)
[2026-06-19T06:49:25.791Z] OrderImport: nothing to do.
[2026-06-19T06:49:54.863Z] OrderImport daemon: cycle start
[2026-06-19T06:49:55.772Z] OrderImport: found 0 file(s)
[2026-06-19T06:49:55.772Z] OrderImport: nothing to do.
[2026-06-19T06:50:24.891Z] OrderImport daemon: cycle start
[2026-06-19T06:50:25.830Z] OrderImport: found 0 file(s)
[2026-06-19T06:50:25.830Z] OrderImport: nothing to do.
[2026-06-19T06:50:54.915Z] OrderImport daemon: cycle start
[2026-06-19T06:50:55.881Z] OrderImport: found 0 file(s)
[2026-06-19T06:50:55.881Z] OrderImport: nothing to do.
[2026-06-19T06:51:24.943Z] OrderImport daemon: cycle start
[2026-06-19T06:51:25.841Z] OrderImport: found 0 file(s)
[2026-06-19T06:51:25.841Z] OrderImport: nothing to do.
[2026-06-19T06:51:54.951Z] OrderImport daemon: cycle start
[2026-06-19T06:51:55.882Z] OrderImport: found 0 file(s)
[2026-06-19T06:51:55.882Z] OrderImport: nothing to do.
[2026-06-19T06:52:24.976Z] OrderImport daemon: cycle start
[2026-06-19T06:52:25.914Z] OrderImport: found 0 file(s)
[2026-06-19T06:52:25.914Z] OrderImport: nothing to do.
[2026-06-19T06:52:55.003Z] OrderImport daemon: cycle start
[2026-06-19T06:52:55.897Z] OrderImport: found 0 file(s)
[2026-06-19T06:52:55.897Z] OrderImport: nothing to do.
[2026-06-19T06:53:25.033Z] OrderImport daemon: cycle start
[2026-06-19T06:53:25.947Z] OrderImport: found 0 file(s)
[2026-06-19T06:53:25.947Z] OrderImport: nothing to do.
[2026-06-19T06:53:55.059Z] OrderImport daemon: cycle start
[2026-06-19T06:53:55.992Z] OrderImport: found 0 file(s)
[2026-06-19T06:53:55.992Z] OrderImport: nothing to do.
[2026-06-19T06:54:25.087Z] OrderImport daemon: cycle start
[2026-06-19T06:54:25.964Z] OrderImport: found 0 file(s)
[2026-06-19T06:54:25.964Z] OrderImport: nothing to do.
[2026-06-19T06:54:55.099Z] OrderImport daemon: cycle start
[2026-06-19T06:54:56.040Z] OrderImport: found 0 file(s)
[2026-06-19T06:54:56.040Z] OrderImport: nothing to do.
[2026-06-19T06:55:25.127Z] OrderImport daemon: cycle start
[2026-06-19T06:55:26.043Z] OrderImport: found 0 file(s)
[2026-06-19T06:55:26.043Z] OrderImport: nothing to do.
[2026-06-19T06:55:55.148Z] OrderImport daemon: cycle start
[2026-06-19T06:55:56.095Z] OrderImport: found 0 file(s)
[2026-06-19T06:55:56.095Z] OrderImport: nothing to do.
[2026-06-19T06:56:25.176Z] OrderImport daemon: cycle start
[2026-06-19T06:56:26.078Z] OrderImport: found 0 file(s)
[2026-06-19T06:56:26.078Z] OrderImport: nothing to do.
[2026-06-19T06:56:55.203Z] OrderImport daemon: cycle start
[2026-06-19T06:56:56.126Z] OrderImport: found 0 file(s)
[2026-06-19T06:56:56.126Z] OrderImport: nothing to do.
[2026-06-19T06:57:25.232Z] OrderImport daemon: cycle start
[2026-06-19T06:57:26.124Z] OrderImport: found 0 file(s)
[2026-06-19T06:57:26.124Z] OrderImport: nothing to do.
[2026-06-19T06:57:55.261Z] OrderImport daemon: cycle start
[2026-06-19T06:57:56.240Z] OrderImport: found 0 file(s)
[2026-06-19T06:57:56.240Z] OrderImport: nothing to do.
[2026-06-19T06:58:25.287Z] OrderImport daemon: cycle start
[2026-06-19T06:58:26.185Z] OrderImport: found 0 file(s)
[2026-06-19T06:58:26.186Z] OrderImport: nothing to do.
[2026-06-19T06:58:55.301Z] OrderImport daemon: cycle start
[2026-06-19T06:58:56.194Z] OrderImport: found 0 file(s)
[2026-06-19T06:58:56.194Z] OrderImport: nothing to do.
[2026-06-19T06:59:25.327Z] OrderImport daemon: cycle start
[2026-06-19T06:59:26.254Z] OrderImport: found 0 file(s)
[2026-06-19T06:59:26.254Z] OrderImport: nothing to do.
[2026-06-19T06:59:55.355Z] OrderImport daemon: cycle start
[2026-06-19T06:59:56.316Z] OrderImport: found 0 file(s)
[2026-06-19T06:59:56.317Z] OrderImport: nothing to do.
[2026-06-19T07:00:25.365Z] OrderImport daemon: cycle start
[2026-06-19T07:00:26.297Z] OrderImport: found 0 file(s)
[2026-06-19T07:00:26.297Z] OrderImport: nothing to do.
[2026-06-19T07:00:55.391Z] OrderImport daemon: cycle start
[2026-06-19T07:00:56.314Z] OrderImport: found 0 file(s)
[2026-06-19T07:00:56.314Z] OrderImport: nothing to do.
[2026-06-19T07:01:25.396Z] OrderImport daemon: cycle start
[2026-06-19T07:01:26.357Z] OrderImport: found 0 file(s)
[2026-06-19T07:01:26.358Z] OrderImport: nothing to do.
[2026-06-19T07:01:55.425Z] OrderImport daemon: cycle start
[2026-06-19T07:01:56.351Z] OrderImport: found 0 file(s)
[2026-06-19T07:01:56.351Z] OrderImport: nothing to do.
[2026-06-19T07:02:25.451Z] OrderImport daemon: cycle start
[2026-06-19T07:02:26.418Z] OrderImport: nothing to do.
[2026-06-19T07:02:26.417Z] OrderImport: found 0 file(s)
[2026-06-19T07:02:55.480Z] OrderImport daemon: cycle start
[2026-06-19T07:02:56.462Z] OrderImport: found 0 file(s)
[2026-06-19T07:02:56.462Z] OrderImport: nothing to do.
[2026-06-19T07:03:25.485Z] OrderImport daemon: cycle start
[2026-06-19T07:03:26.446Z] OrderImport: found 0 file(s)
[2026-06-19T07:03:26.446Z] OrderImport: nothing to do.
[2026-06-19T07:03:55.492Z] OrderImport daemon: cycle start
[2026-06-19T07:03:56.431Z] OrderImport: found 0 file(s)
[2026-06-19T07:03:56.432Z] OrderImport: nothing to do.
[2026-06-19T07:04:25.519Z] OrderImport daemon: cycle start
[2026-06-19T07:04:26.471Z] OrderImport: found 0 file(s)
[2026-06-19T07:04:26.471Z] OrderImport: nothing to do.
[2026-06-19T07:04:55.547Z] OrderImport daemon: cycle start
[2026-06-19T07:04:56.671Z] OrderImport: found 0 file(s)
[2026-06-19T07:04:56.671Z] OrderImport: nothing to do.
[2026-06-19T07:05:25.575Z] OrderImport daemon: cycle start
[2026-06-19T07:05:26.529Z] OrderImport: found 0 file(s)
[2026-06-19T07:05:26.530Z] OrderImport: nothing to do.
[2026-06-19T07:05:55.603Z] OrderImport daemon: cycle start
[2026-06-19T07:05:56.574Z] OrderImport: found 0 file(s)
[2026-06-19T07:05:56.574Z] OrderImport: nothing to do.
[2026-06-19T07:06:25.615Z] OrderImport daemon: cycle start
[2026-06-19T07:06:26.608Z] OrderImport: found 0 file(s)
[2026-06-19T07:06:26.608Z] OrderImport: nothing to do.
[2026-06-19T07:06:55.638Z] OrderImport daemon: cycle start
[2026-06-19T07:06:56.558Z] OrderImport: found 0 file(s)
[2026-06-19T07:06:56.558Z] OrderImport: nothing to do.
[2026-06-19T07:07:25.667Z] OrderImport daemon: cycle start
[2026-06-19T07:07:26.609Z] OrderImport: found 0 file(s)
[2026-06-19T07:07:26.609Z] OrderImport: nothing to do.
[2026-06-19T07:07:55.695Z] OrderImport daemon: cycle start
[2026-06-19T07:07:56.609Z] OrderImport: found 0 file(s)
[2026-06-19T07:07:56.609Z] OrderImport: nothing to do.
[2026-06-19T07:08:25.723Z] OrderImport daemon: cycle start
[2026-06-19T07:08:26.617Z] OrderImport: found 0 file(s)
[2026-06-19T07:08:26.617Z] OrderImport: nothing to do.
[2026-06-19T07:08:55.724Z] OrderImport daemon: cycle start
[2026-06-19T07:08:56.581Z] OrderImport: found 0 file(s)
[2026-06-19T07:08:56.581Z] OrderImport: nothing to do.
[2026-06-19T07:09:25.752Z] OrderImport daemon: cycle start
[2026-06-19T07:09:26.650Z] OrderImport: found 0 file(s)
[2026-06-19T07:09:26.650Z] OrderImport: nothing to do.
[2026-06-19T07:09:55.780Z] OrderImport daemon: cycle start
[2026-06-19T07:09:56.776Z] OrderImport: found 0 file(s)
[2026-06-19T07:09:56.776Z] OrderImport: nothing to do.
[2026-06-19T07:10:25.805Z] OrderImport daemon: cycle start
[2026-06-19T07:10:26.742Z] OrderImport: found 0 file(s)
[2026-06-19T07:10:26.742Z] OrderImport: nothing to do.
[2026-06-19T07:10:55.827Z] OrderImport daemon: cycle start
[2026-06-19T07:10:56.758Z] OrderImport: found 0 file(s)
[2026-06-19T07:10:56.758Z] OrderImport: nothing to do.
[2026-06-19T07:11:25.835Z] OrderImport daemon: cycle start
[2026-06-19T07:11:26.766Z] OrderImport: found 0 file(s)
[2026-06-19T07:11:26.766Z] OrderImport: nothing to do.
[2026-06-19T07:11:55.864Z] OrderImport daemon: cycle start
[2026-06-19T07:11:56.802Z] OrderImport: found 0 file(s)
[2026-06-19T07:11:56.802Z] OrderImport: nothing to do.
[2026-06-19T07:12:25.891Z] OrderImport daemon: cycle start
[2026-06-19T07:12:26.769Z] OrderImport: found 0 file(s)
[2026-06-19T07:12:26.769Z] OrderImport: nothing to do.
[2026-06-19T07:12:55.909Z] OrderImport daemon: cycle start
[2026-06-19T07:12:56.810Z] OrderImport: found 0 file(s)
[2026-06-19T07:12:56.810Z] OrderImport: nothing to do.
[2026-06-19T07:13:25.935Z] OrderImport daemon: cycle start
[2026-06-19T07:13:26.935Z] OrderImport: found 0 file(s)
[2026-06-19T07:13:26.935Z] OrderImport: nothing to do.
[2026-06-19T07:13:55.963Z] OrderImport daemon: cycle start
[2026-06-19T07:13:56.890Z] OrderImport: found 0 file(s)
[2026-06-19T07:13:56.891Z] OrderImport: nothing to do.
[2026-06-19T07:14:25.991Z] OrderImport daemon: cycle start
[2026-06-19T07:14:26.907Z] OrderImport: found 0 file(s)
[2026-06-19T07:14:26.907Z] OrderImport: nothing to do.
[2026-06-19T07:14:56.012Z] OrderImport daemon: cycle start
[2026-06-19T07:14:56.927Z] OrderImport: found 0 file(s)
[2026-06-19T07:14:56.927Z] OrderImport: nothing to do.
[2026-06-19T07:15:26.033Z] OrderImport daemon: cycle start
[2026-06-19T07:15:26.979Z] OrderImport: found 0 file(s)
[2026-06-19T07:15:26.979Z] OrderImport: nothing to do.
[2026-06-19T07:15:56.059Z] OrderImport daemon: cycle start
[2026-06-19T07:15:57.087Z] OrderImport: found 0 file(s)
[2026-06-19T07:15:57.088Z] OrderImport: nothing to do.
[2026-06-19T07:16:26.088Z] OrderImport daemon: cycle start
[2026-06-19T07:16:26.980Z] OrderImport: found 0 file(s)
[2026-06-19T07:16:26.980Z] OrderImport: nothing to do.
[2026-06-19T07:16:56.115Z] OrderImport daemon: cycle start
[2026-06-19T07:16:57.035Z] OrderImport: found 0 file(s)
[2026-06-19T07:16:57.036Z] OrderImport: nothing to do.
[2026-06-19T07:17:26.116Z] OrderImport daemon: cycle start
[2026-06-19T07:17:27.015Z] OrderImport: found 0 file(s)
[2026-06-19T07:17:27.015Z] OrderImport: nothing to do.
[2026-06-19T07:17:56.144Z] OrderImport daemon: cycle start
[2026-06-19T07:17:57.082Z] OrderImport: found 0 file(s)
[2026-06-19T07:17:57.082Z] OrderImport: nothing to do.
[2026-06-19T07:18:26.155Z] OrderImport daemon: cycle start
[2026-06-19T07:18:27.053Z] OrderImport: found 0 file(s)
[2026-06-19T07:18:27.053Z] OrderImport: nothing to do.
[2026-06-19T07:18:56.166Z] OrderImport daemon: cycle start
[2026-06-19T07:18:57.092Z] OrderImport: found 0 file(s)
[2026-06-19T07:18:57.092Z] OrderImport: nothing to do.
[2026-06-19T07:19:26.195Z] OrderImport daemon: cycle start
[2026-06-19T07:19:27.101Z] OrderImport: found 0 file(s)
[2026-06-19T07:19:27.101Z] OrderImport: nothing to do.
[2026-06-19T07:19:56.206Z] OrderImport daemon: cycle start
[2026-06-19T07:19:57.102Z] OrderImport: nothing to do.
[2026-06-19T07:19:57.102Z] OrderImport: found 0 file(s)
[2026-06-19T07:20:26.231Z] OrderImport daemon: cycle start
[2026-06-19T07:20:27.142Z] OrderImport: found 0 file(s)
[2026-06-19T07:20:27.142Z] OrderImport: nothing to do.
[2026-06-19T07:20:56.259Z] OrderImport daemon: cycle start
[2026-06-19T07:20:57.134Z] OrderImport: found 0 file(s)
[2026-06-19T07:20:57.134Z] OrderImport: nothing to do.
[2026-06-19T07:21:26.288Z] OrderImport daemon: cycle start
[2026-06-19T07:21:27.215Z] OrderImport: found 0 file(s)
[2026-06-19T07:21:27.215Z] OrderImport: nothing to do.
[2026-06-19T07:21:56.305Z] OrderImport daemon: cycle start
[2026-06-19T07:21:57.215Z] OrderImport: found 0 file(s)
[2026-06-19T07:21:57.215Z] OrderImport: nothing to do.
[2026-06-19T07:22:26.331Z] OrderImport daemon: cycle start
[2026-06-19T07:22:27.291Z] OrderImport: found 0 file(s)
[2026-06-19T07:22:27.291Z] OrderImport: nothing to do.
[2026-06-19T07:22:56.335Z] OrderImport daemon: cycle start
[2026-06-19T07:22:57.266Z] OrderImport: found 0 file(s)
[2026-06-19T07:22:57.267Z] OrderImport: nothing to do.
[2026-06-19T07:23:26.363Z] OrderImport daemon: cycle start
[2026-06-19T07:23:27.262Z] OrderImport: found 0 file(s)
[2026-06-19T07:23:27.263Z] OrderImport: nothing to do.
[2026-06-19T07:23:56.390Z] OrderImport daemon: cycle start
[2026-06-19T07:23:57.313Z] OrderImport: found 0 file(s)
[2026-06-19T07:23:57.313Z] OrderImport: nothing to do.
[2026-06-19T07:24:26.415Z] OrderImport daemon: cycle start
[2026-06-19T07:24:27.333Z] OrderImport: found 0 file(s)
[2026-06-19T07:24:27.333Z] OrderImport: nothing to do.
[2026-06-19T07:24:56.436Z] OrderImport daemon: cycle start
[2026-06-19T07:24:57.313Z] OrderImport: found 0 file(s)
[2026-06-19T07:24:57.313Z] OrderImport: nothing to do.
[2026-06-19T07:25:26.459Z] OrderImport daemon: cycle start
[2026-06-19T07:25:27.377Z] OrderImport: found 0 file(s)
[2026-06-19T07:25:27.377Z] OrderImport: nothing to do.
[2026-06-19T07:25:56.472Z] OrderImport daemon: cycle start
[2026-06-19T07:25:57.403Z] OrderImport: found 0 file(s)
[2026-06-19T07:25:57.403Z] OrderImport: nothing to do.
[2026-06-19T07:26:26.472Z] OrderImport daemon: cycle start
[2026-06-19T07:26:27.391Z] OrderImport: found 0 file(s)
[2026-06-19T07:26:27.391Z] OrderImport: nothing to do.
[2026-06-19T07:26:56.483Z] OrderImport daemon: cycle start
[2026-06-19T07:26:57.445Z] OrderImport: found 0 file(s)
[2026-06-19T07:26:57.445Z] OrderImport: nothing to do.
[2026-06-19T07:27:26.511Z] OrderImport daemon: cycle start
[2026-06-19T07:27:27.477Z] OrderImport: found 0 file(s)
[2026-06-19T07:27:27.477Z] OrderImport: nothing to do.
[2026-06-19T07:27:56.539Z] OrderImport daemon: cycle start
[2026-06-19T07:27:57.453Z] OrderImport: found 0 file(s)
[2026-06-19T07:27:57.453Z] OrderImport: nothing to do.
[2026-06-19T07:28:26.567Z] OrderImport daemon: cycle start
[2026-06-19T07:28:27.491Z] OrderImport: found 0 file(s)
[2026-06-19T07:28:27.491Z] OrderImport: nothing to do.
[2026-06-19T07:28:56.596Z] OrderImport daemon: cycle start
[2026-06-19T07:28:57.505Z] OrderImport: found 0 file(s)
[2026-06-19T07:28:57.505Z] OrderImport: nothing to do.
[2026-06-19T07:29:26.625Z] OrderImport daemon: cycle start
[2026-06-19T07:29:27.581Z] OrderImport: found 0 file(s)
[2026-06-19T07:29:27.581Z] OrderImport: nothing to do.
[2026-06-19T07:29:56.650Z] OrderImport daemon: cycle start
[2026-06-19T07:29:57.541Z] OrderImport: found 0 file(s)
[2026-06-19T07:29:57.541Z] OrderImport: nothing to do.
[2026-06-19T07:30:26.675Z] OrderImport daemon: cycle start
[2026-06-19T07:30:27.582Z] OrderImport: found 0 file(s)
[2026-06-19T07:30:27.582Z] OrderImport: nothing to do.
[2026-06-19T07:30:56.703Z] OrderImport daemon: cycle start
[2026-06-19T07:30:57.657Z] OrderImport: found 0 file(s)
[2026-06-19T07:30:57.657Z] OrderImport: nothing to do.
[2026-06-19T07:31:26.731Z] OrderImport daemon: cycle start
[2026-06-19T07:31:27.642Z] OrderImport: found 0 file(s)
[2026-06-19T07:31:27.642Z] OrderImport: nothing to do.
[2026-06-19T07:31:56.759Z] OrderImport daemon: cycle start
[2026-06-19T07:31:57.660Z] OrderImport: nothing to do.
[2026-06-19T07:31:57.660Z] OrderImport: found 0 file(s)
[2026-06-19T07:32:26.787Z] OrderImport daemon: cycle start
[2026-06-19T07:32:27.712Z] OrderImport: found 0 file(s)
[2026-06-19T07:32:27.712Z] OrderImport: nothing to do.
[2026-06-19T07:32:56.815Z] OrderImport daemon: cycle start
[2026-06-19T07:32:57.783Z] OrderImport: found 0 file(s)
[2026-06-19T07:32:57.783Z] OrderImport: nothing to do.
[2026-06-19T07:33:26.843Z] OrderImport daemon: cycle start
[2026-06-19T07:33:27.744Z] OrderImport: found 0 file(s)
[2026-06-19T07:33:27.744Z] OrderImport: nothing to do.
[2026-06-19T07:33:56.865Z] OrderImport daemon: cycle start
[2026-06-19T07:33:57.813Z] OrderImport: found 0 file(s)
[2026-06-19T07:33:57.813Z] OrderImport: nothing to do.
[2026-06-19T07:34:26.891Z] OrderImport daemon: cycle start
[2026-06-19T07:34:27.825Z] OrderImport: found 0 file(s)
[2026-06-19T07:34:27.825Z] OrderImport: nothing to do.
[2026-06-19T07:34:56.897Z] OrderImport daemon: cycle start
[2026-06-19T07:34:57.833Z] OrderImport: found 0 file(s)
[2026-06-19T07:34:57.834Z] OrderImport: nothing to do.
[2026-06-19T07:35:26.923Z] OrderImport daemon: cycle start
[2026-06-19T07:35:27.825Z] OrderImport: found 0 file(s)
[2026-06-19T07:35:27.825Z] OrderImport: nothing to do.
[2026-06-19T07:35:56.952Z] OrderImport daemon: cycle start
[2026-06-19T07:35:57.871Z] OrderImport: found 0 file(s)
[2026-06-19T07:35:57.872Z] OrderImport: nothing to do.
[2026-06-19T07:36:26.955Z] OrderImport daemon: cycle start
[2026-06-19T07:36:27.932Z] OrderImport: found 0 file(s)
[2026-06-19T07:36:27.932Z] OrderImport: nothing to do.
[2026-06-19T07:36:56.983Z] OrderImport daemon: cycle start
[2026-06-19T07:36:57.932Z] OrderImport: found 0 file(s)
[2026-06-19T07:36:57.932Z] OrderImport: nothing to do.
[2026-06-19T07:37:26.993Z] OrderImport daemon: cycle start
[2026-06-19T07:37:27.937Z] OrderImport: found 0 file(s)
[2026-06-19T07:37:27.937Z] OrderImport: nothing to do.
[2026-06-19T07:37:57.009Z] OrderImport daemon: cycle start
[2026-06-19T07:37:57.982Z] OrderImport: found 0 file(s)
[2026-06-19T07:37:57.982Z] OrderImport: nothing to do.
[2026-06-19T07:38:27.026Z] OrderImport daemon: cycle start
[2026-06-19T07:38:28.004Z] OrderImport: nothing to do.
[2026-06-19T07:38:28.004Z] OrderImport: found 0 file(s)
[2026-06-19T07:38:57.041Z] OrderImport daemon: cycle start
[2026-06-19T07:38:57.960Z] OrderImport: found 0 file(s)
[2026-06-19T07:38:57.960Z] OrderImport: nothing to do.
[2026-06-19T07:39:27.070Z] OrderImport daemon: cycle start
[2026-06-19T07:39:27.988Z] OrderImport: found 0 file(s)
[2026-06-19T07:39:27.988Z] OrderImport: nothing to do.
[2026-06-19T07:39:57.099Z] OrderImport daemon: cycle start
[2026-06-19T07:39:58.051Z] OrderImport: found 0 file(s)
[2026-06-19T07:39:58.051Z] OrderImport: nothing to do.
[2026-06-19T07:40:27.128Z] OrderImport daemon: cycle start
[2026-06-19T07:40:28.023Z] OrderImport: found 0 file(s)
[2026-06-19T07:40:28.023Z] OrderImport: nothing to do.
[2026-06-19T07:40:57.155Z] OrderImport daemon: cycle start
[2026-06-19T07:40:58.074Z] OrderImport: found 0 file(s)
[2026-06-19T07:40:58.074Z] OrderImport: nothing to do.
[2026-06-19T07:41:27.183Z] OrderImport daemon: cycle start
[2026-06-19T07:41:28.090Z] OrderImport: found 0 file(s)
[2026-06-19T07:41:28.090Z] OrderImport: nothing to do.
[2026-06-19T07:41:57.211Z] OrderImport daemon: cycle start
[2026-06-19T07:41:58.167Z] OrderImport: found 0 file(s)
[2026-06-19T07:41:58.167Z] OrderImport: nothing to do.
[2026-06-19T07:42:27.239Z] OrderImport daemon: cycle start
[2026-06-19T07:42:28.181Z] OrderImport: nothing to do.
[2026-06-19T07:42:28.181Z] OrderImport: found 0 file(s)
[2026-06-19T07:42:57.267Z] OrderImport daemon: cycle start
[2026-06-19T07:42:58.228Z] OrderImport: found 0 file(s)
[2026-06-19T07:42:58.228Z] OrderImport: nothing to do.
[2026-06-19T07:43:27.295Z] OrderImport daemon: cycle start
[2026-06-19T07:43:28.200Z] OrderImport: found 0 file(s)
[2026-06-19T07:43:28.200Z] OrderImport: nothing to do.
[2026-06-19T07:43:57.325Z] OrderImport daemon: cycle start
[2026-06-19T07:43:58.253Z] OrderImport: found 0 file(s)
[2026-06-19T07:43:58.254Z] OrderImport: nothing to do.
[2026-06-19T07:44:27.353Z] OrderImport daemon: cycle start
[2026-06-19T07:44:28.269Z] OrderImport: found 0 file(s)
[2026-06-19T07:44:28.269Z] OrderImport: nothing to do.
[2026-06-19T07:44:57.379Z] OrderImport daemon: cycle start
[2026-06-19T07:44:58.297Z] OrderImport: found 0 file(s)
[2026-06-19T07:44:58.297Z] OrderImport: nothing to do.
[2026-06-19T07:45:27.407Z] OrderImport daemon: cycle start
[2026-06-19T07:45:28.319Z] OrderImport: found 0 file(s)
[2026-06-19T07:45:28.319Z] OrderImport: nothing to do.
[2026-06-19T07:45:57.412Z] OrderImport daemon: cycle start
[2026-06-19T07:45:58.299Z] OrderImport: found 0 file(s)
[2026-06-19T07:45:58.299Z] OrderImport: nothing to do.
[2026-06-19T07:46:27.439Z] OrderImport daemon: cycle start
[2026-06-19T07:46:28.332Z] OrderImport: found 0 file(s)
[2026-06-19T07:46:28.332Z] OrderImport: nothing to do.
[2026-06-19T07:46:57.458Z] OrderImport daemon: cycle start
[2026-06-19T07:46:58.344Z] OrderImport: found 0 file(s)
[2026-06-19T07:46:58.344Z] OrderImport: nothing to do.
[2026-06-19T07:47:27.483Z] OrderImport daemon: cycle start
[2026-06-19T07:47:28.439Z] OrderImport: found 0 file(s)
[2026-06-19T07:47:28.439Z] OrderImport: nothing to do.
[2026-06-19T07:47:57.506Z] OrderImport daemon: cycle start
[2026-06-19T07:47:58.428Z] OrderImport: found 0 file(s)
[2026-06-19T07:47:58.428Z] OrderImport: nothing to do.
[2026-06-19T07:48:27.521Z] OrderImport daemon: cycle start
[2026-06-19T07:48:28.406Z] OrderImport: found 0 file(s)
[2026-06-19T07:48:28.406Z] OrderImport: nothing to do.
[2026-06-19T07:48:57.550Z] OrderImport daemon: cycle start
[2026-06-19T07:48:58.481Z] OrderImport: found 0 file(s)
[2026-06-19T07:48:58.481Z] OrderImport: nothing to do.
[2026-06-19T07:49:27.579Z] OrderImport daemon: cycle start
[2026-06-19T07:49:28.539Z] OrderImport: found 0 file(s)
[2026-06-19T07:49:28.539Z] OrderImport: nothing to do.
[2026-06-19T07:49:57.607Z] OrderImport daemon: cycle start
[2026-06-19T07:49:58.557Z] OrderImport: found 0 file(s)
[2026-06-19T07:49:58.557Z] OrderImport: nothing to do.
[2026-06-19T07:50:27.636Z] OrderImport daemon: cycle start
[2026-06-19T07:50:28.577Z] OrderImport: found 0 file(s)
[2026-06-19T07:50:28.577Z] OrderImport: nothing to do.
[2026-06-19T07:50:57.664Z] OrderImport daemon: cycle start
[2026-06-19T07:50:58.649Z] OrderImport: found 0 file(s)
[2026-06-19T07:50:58.649Z] OrderImport: nothing to do.
[2026-06-19T07:51:27.692Z] OrderImport daemon: cycle start
[2026-06-19T07:51:28.681Z] OrderImport: found 0 file(s)
[2026-06-19T07:51:28.681Z] OrderImport: nothing to do.
[2026-06-19T07:51:57.712Z] OrderImport daemon: cycle start
[2026-06-19T07:51:58.661Z] OrderImport: found 0 file(s)
[2026-06-19T07:51:58.661Z] OrderImport: nothing to do.
[2026-06-19T07:52:27.741Z] OrderImport daemon: cycle start
[2026-06-19T07:52:28.645Z] OrderImport: found 0 file(s)
[2026-06-19T07:52:28.645Z] OrderImport: nothing to do.
[2026-06-19T07:52:57.765Z] OrderImport daemon: cycle start
[2026-06-19T07:52:58.711Z] OrderImport: found 0 file(s)
[2026-06-19T07:52:58.712Z] OrderImport: nothing to do.
[2026-06-19T07:53:27.793Z] OrderImport daemon: cycle start
[2026-06-19T07:53:28.689Z] OrderImport: found 0 file(s)
[2026-06-19T07:53:28.689Z] OrderImport: nothing to do.
[2026-06-19T07:53:57.803Z] OrderImport daemon: cycle start
[2026-06-19T07:53:58.742Z] OrderImport: found 0 file(s)
[2026-06-19T07:53:58.742Z] OrderImport: nothing to do.
[2026-06-19T07:54:27.827Z] OrderImport daemon: cycle start
[2026-06-19T07:54:28.754Z] OrderImport: found 0 file(s)
[2026-06-19T07:54:28.754Z] OrderImport: nothing to do.
[2026-06-19T07:54:57.855Z] OrderImport daemon: cycle start
[2026-06-19T07:54:58.755Z] OrderImport: found 0 file(s)
[2026-06-19T07:54:58.755Z] OrderImport: nothing to do.
[2026-06-19T07:55:27.873Z] OrderImport daemon: cycle start
[2026-06-19T07:55:28.767Z] OrderImport: found 0 file(s)
[2026-06-19T07:55:28.767Z] OrderImport: nothing to do.
[2026-06-19T07:55:57.874Z] OrderImport daemon: cycle start
[2026-06-19T07:55:58.812Z] OrderImport: nothing to do.
[2026-06-19T07:55:58.812Z] OrderImport: found 0 file(s)
[2026-06-19T07:56:27.899Z] OrderImport daemon: cycle start
[2026-06-19T07:56:29.282Z] OrderImport: found 0 file(s)
[2026-06-19T07:56:29.282Z] OrderImport: nothing to do.
[2026-06-19T07:56:57.927Z] OrderImport daemon: cycle start
[2026-06-19T07:56:59.262Z] OrderImport: nothing to do.
[2026-06-19T07:56:59.262Z] OrderImport: found 0 file(s)
[2026-06-19T07:57:27.932Z] OrderImport daemon: cycle start
[2026-06-19T07:57:29.268Z] OrderImport: found 0 file(s)
[2026-06-19T07:57:29.268Z] OrderImport: nothing to do.
[2026-06-19T07:57:57.937Z] OrderImport daemon: cycle start
[2026-06-19T07:57:59.248Z] OrderImport: found 0 file(s)
[2026-06-19T07:57:59.248Z] OrderImport: nothing to do.
[2026-06-19T07:58:27.966Z] OrderImport daemon: cycle start
[2026-06-19T07:58:29.300Z] OrderImport: nothing to do.
[2026-06-19T07:58:29.299Z] OrderImport: found 0 file(s)
[2026-06-19T07:58:57.991Z] OrderImport daemon: cycle start
[2026-06-19T07:58:58.897Z] OrderImport: found 0 file(s)
[2026-06-19T07:58:58.898Z] OrderImport: nothing to do.
[2026-06-19T07:59:28.019Z] OrderImport daemon: cycle start
[2026-06-19T07:59:28.914Z] OrderImport: nothing to do.
[2026-06-19T07:59:28.914Z] OrderImport: found 0 file(s)
[2026-06-19T07:59:58.047Z] OrderImport daemon: cycle start
[2026-06-19T07:59:59.002Z] OrderImport: found 0 file(s)
[2026-06-19T07:59:59.002Z] OrderImport: nothing to do.
[2026-06-19T08:00:28.050Z] OrderImport daemon: cycle start
[2026-06-19T08:00:28.999Z] OrderImport: found 0 file(s)
[2026-06-19T08:00:29.000Z] OrderImport: nothing to do.
[2026-06-19T08:00:58.075Z] OrderImport daemon: cycle start
[2026-06-19T08:00:59.006Z] OrderImport: found 0 file(s)
[2026-06-19T08:00:59.006Z] OrderImport: nothing to do.
[2026-06-19T08:01:28.083Z] OrderImport daemon: cycle start
[2026-06-19T08:01:28.984Z] OrderImport: found 0 file(s)
[2026-06-19T08:01:28.984Z] OrderImport: nothing to do.
[2026-06-19T08:01:58.095Z] OrderImport daemon: cycle start
[2026-06-19T08:01:59.012Z] OrderImport: nothing to do.
[2026-06-19T08:01:59.012Z] OrderImport: found 0 file(s)
[2026-06-19T08:02:28.123Z] OrderImport daemon: cycle start
[2026-06-19T08:02:29.072Z] OrderImport: found 0 file(s)
[2026-06-19T08:02:29.072Z] OrderImport: nothing to do.
[2026-06-19T08:02:58.151Z] OrderImport daemon: cycle start
[2026-06-19T08:02:59.093Z] OrderImport: found 0 file(s)
[2026-06-19T08:02:59.093Z] OrderImport: nothing to do.
[2026-06-19T08:03:28.181Z] OrderImport daemon: cycle start
[2026-06-19T08:03:29.123Z] OrderImport: found 0 file(s)
[2026-06-19T08:03:29.123Z] OrderImport: nothing to do.
[2026-06-19T08:03:58.207Z] OrderImport daemon: cycle start
[2026-06-19T08:03:59.240Z] OrderImport: nothing to do.
[2026-06-19T08:03:59.240Z] OrderImport: found 0 file(s)
[2026-06-19T08:04:28.227Z] OrderImport daemon: cycle start
[2026-06-19T08:04:29.130Z] OrderImport: found 0 file(s)
[2026-06-19T08:04:29.130Z] OrderImport: nothing to do.
[2026-06-19T08:04:58.256Z] OrderImport daemon: cycle start
[2026-06-19T08:04:59.146Z] OrderImport: found 0 file(s)
[2026-06-19T08:04:59.146Z] OrderImport: nothing to do.
[2026-06-19T08:05:28.286Z] OrderImport daemon: cycle start
[2026-06-19T08:05:29.225Z] OrderImport: found 0 file(s)
[2026-06-19T08:05:29.225Z] OrderImport: nothing to do.
[2026-06-19T08:05:58.311Z] OrderImport daemon: cycle start
[2026-06-19T08:05:59.243Z] OrderImport: found 0 file(s)
[2026-06-19T08:05:59.243Z] OrderImport: nothing to do.
[2026-06-19T08:06:28.339Z] OrderImport daemon: cycle start
[2026-06-19T08:06:29.291Z] OrderImport: found 0 file(s)
[2026-06-19T08:06:29.292Z] OrderImport: nothing to do.
[2026-06-19T08:06:58.361Z] OrderImport daemon: cycle start
[2026-06-19T08:06:59.300Z] OrderImport: found 0 file(s)
[2026-06-19T08:06:59.300Z] OrderImport: nothing to do.
[2026-06-19T08:07:28.383Z] OrderImport daemon: cycle start
[2026-06-19T08:07:29.293Z] OrderImport: found 0 file(s)
[2026-06-19T08:07:29.293Z] OrderImport: nothing to do.
[2026-06-19T08:07:58.411Z] OrderImport daemon: cycle start
[2026-06-19T08:07:59.302Z] OrderImport: found 0 file(s)
[2026-06-19T08:07:59.302Z] OrderImport: nothing to do.
[2026-06-19T08:08:28.440Z] OrderImport daemon: cycle start
[2026-06-19T08:08:29.362Z] OrderImport: found 0 file(s)
[2026-06-19T08:08:29.362Z] OrderImport: nothing to do.
[2026-06-19T08:08:58.467Z] OrderImport daemon: cycle start
[2026-06-19T08:08:59.371Z] OrderImport: found 0 file(s)
[2026-06-19T08:08:59.371Z] OrderImport: nothing to do.
[2026-06-19T08:09:28.495Z] OrderImport daemon: cycle start
[2026-06-19T08:09:29.380Z] OrderImport: nothing to do.
[2026-06-19T08:09:29.379Z] OrderImport: found 0 file(s)
[2026-06-19T08:09:58.498Z] OrderImport daemon: cycle start
[2026-06-19T08:09:59.423Z] OrderImport: found 0 file(s)
[2026-06-19T08:09:59.423Z] OrderImport: nothing to do.
[2026-06-19T08:10:28.523Z] OrderImport daemon: cycle start
[2026-06-19T08:10:29.407Z] OrderImport: found 0 file(s)
[2026-06-19T08:10:29.407Z] OrderImport: nothing to do.
[2026-06-19T08:10:58.546Z] OrderImport daemon: cycle start
[2026-06-19T08:10:59.474Z] OrderImport: found 0 file(s)
[2026-06-19T08:10:59.474Z] OrderImport: nothing to do.
[2026-06-19T08:11:28.552Z] OrderImport daemon: cycle start
[2026-06-19T08:11:29.490Z] OrderImport: found 0 file(s)
[2026-06-19T08:11:29.490Z] OrderImport: nothing to do.
[2026-06-19T08:11:58.557Z] OrderImport daemon: cycle start
[2026-06-19T08:11:59.959Z] OrderImport: found 0 file(s)
[2026-06-19T08:11:59.959Z] OrderImport: nothing to do.
[2026-06-19T08:12:28.583Z] OrderImport daemon: cycle start
[2026-06-19T08:12:29.928Z] OrderImport: found 0 file(s)
[2026-06-19T08:12:29.928Z] OrderImport: nothing to do.
[2026-06-19T08:12:58.611Z] OrderImport daemon: cycle start
[2026-06-19T08:12:59.937Z] OrderImport: found 0 file(s)
[2026-06-19T08:12:59.937Z] OrderImport: nothing to do.
[2026-06-19T08:13:28.639Z] OrderImport daemon: cycle start
[2026-06-19T08:13:29.958Z] OrderImport: found 0 file(s)
[2026-06-19T08:13:29.958Z] OrderImport: nothing to do.
[2026-06-19T08:13:58.667Z] OrderImport daemon: cycle start
[2026-06-19T08:13:59.995Z] OrderImport: found 0 file(s)
[2026-06-19T08:13:59.995Z] OrderImport: nothing to do.
[2026-06-19T08:14:28.678Z] OrderImport daemon: cycle start
[2026-06-19T08:14:29.621Z] OrderImport: found 0 file(s)
[2026-06-19T08:14:29.621Z] OrderImport: nothing to do.
[2026-06-19T08:14:58.694Z] OrderImport daemon: cycle start
[2026-06-19T08:14:59.590Z] OrderImport: found 0 file(s)
[2026-06-19T08:14:59.590Z] OrderImport: nothing to do.
[2026-06-19T08:15:28.719Z] OrderImport daemon: cycle start
[2026-06-19T08:15:29.651Z] OrderImport: found 0 file(s)
[2026-06-19T08:15:29.652Z] OrderImport: nothing to do.
[2026-06-19T08:15:58.748Z] OrderImport daemon: cycle start
[2026-06-19T08:15:59.680Z] OrderImport: found 0 file(s)
[2026-06-19T08:15:59.681Z] OrderImport: nothing to do.
[2026-06-19T08:16:28.748Z] OrderImport daemon: cycle start
[2026-06-19T08:16:29.669Z] OrderImport: found 0 file(s)
[2026-06-19T08:16:29.669Z] OrderImport: nothing to do.
[2026-06-19T08:16:58.820Z] OrderImport daemon: cycle start
[2026-06-19T08:17:00.422Z] OrderImport: found 0 file(s)
[2026-06-19T08:17:00.422Z] OrderImport: nothing to do.
[2026-06-19T08:17:28.807Z] OrderImport daemon: cycle start
[2026-06-19T08:17:30.021Z] OrderImport: nothing to do.
[2026-06-19T08:17:30.021Z] OrderImport: found 0 file(s)
[2026-06-19T08:17:58.835Z] OrderImport daemon: cycle start
[2026-06-19T08:17:59.822Z] OrderImport: nothing to do.
[2026-06-19T08:17:59.822Z] OrderImport: found 0 file(s)
[2026-06-19T08:18:28.840Z] OrderImport daemon: cycle start
[2026-06-19T08:18:29.778Z] OrderImport: found 0 file(s)
[2026-06-19T08:18:29.778Z] OrderImport: nothing to do.
[2026-06-19T08:18:58.867Z] OrderImport daemon: cycle start
[2026-06-19T08:18:59.792Z] OrderImport: found 0 file(s)
[2026-06-19T08:18:59.792Z] OrderImport: nothing to do.
[2026-06-19T08:19:28.895Z] OrderImport daemon: cycle start
[2026-06-19T08:19:29.834Z] OrderImport: found 0 file(s)
[2026-06-19T08:19:29.834Z] OrderImport: nothing to do.
[2026-06-19T08:19:58.923Z] OrderImport daemon: cycle start
[2026-06-19T08:19:59.869Z] OrderImport: found 0 file(s)
[2026-06-19T08:19:59.870Z] OrderImport: nothing to do.
[2026-06-19T08:20:28.951Z] OrderImport daemon: cycle start
[2026-06-19T08:20:29.875Z] OrderImport: found 0 file(s)
[2026-06-19T08:20:29.875Z] OrderImport: nothing to do.
[2026-06-19T08:20:58.979Z] OrderImport daemon: cycle start
[2026-06-19T08:20:59.895Z] OrderImport: found 0 file(s)
[2026-06-19T08:20:59.896Z] OrderImport: nothing to do.
[2026-06-19T08:21:29.007Z] OrderImport daemon: cycle start
[2026-06-19T08:21:29.950Z] OrderImport: found 0 file(s)
[2026-06-19T08:21:29.950Z] OrderImport: nothing to do.
[2026-06-19T08:21:59.035Z] OrderImport daemon: cycle start
[2026-06-19T08:22:00.381Z] OrderImport: found 0 file(s)
[2026-06-19T08:22:00.381Z] OrderImport: nothing to do.
[2026-06-19T08:22:29.063Z] OrderImport daemon: cycle start
[2026-06-19T08:22:30.420Z] OrderImport: found 0 file(s)
[2026-06-19T08:22:30.420Z] OrderImport: nothing to do.
[2026-06-19T08:22:59.091Z] OrderImport daemon: cycle start
[2026-06-19T08:23:00.455Z] OrderImport: found 0 file(s)
[2026-06-19T08:23:00.455Z] OrderImport: nothing to do.
[2026-06-19T08:23:29.120Z] OrderImport daemon: cycle start
[2026-06-19T08:23:30.443Z] OrderImport: found 0 file(s)
[2026-06-19T08:23:30.443Z] OrderImport: nothing to do.
[2026-06-19T08:23:59.122Z] OrderImport daemon: cycle start
[2026-06-19T08:24:10.067Z] OrderImport: found 0 file(s)
[2026-06-19T08:24:10.067Z] OrderImport: nothing to do.
[2026-06-19T08:24:29.141Z] OrderImport daemon: cycle start
[2026-06-19T08:24:30.042Z] OrderImport: found 0 file(s)
[2026-06-19T08:24:30.042Z] OrderImport: nothing to do.
[2026-06-19T08:24:59.169Z] OrderImport daemon: cycle start
[2026-06-19T08:25:00.078Z] OrderImport: found 0 file(s)
[2026-06-19T08:25:00.078Z] OrderImport: nothing to do.
[2026-06-19T08:25:29.192Z] OrderImport daemon: cycle start
[2026-06-19T08:25:30.059Z] OrderImport: found 0 file(s)
[2026-06-19T08:25:30.059Z] OrderImport: nothing to do.
[2026-06-19T08:25:59.196Z] OrderImport daemon: cycle start
[2026-06-19T08:26:00.109Z] OrderImport: found 0 file(s)
[2026-06-19T08:26:00.109Z] OrderImport: nothing to do.
[2026-06-19T08:26:29.199Z] OrderImport daemon: cycle start
[2026-06-19T08:26:30.158Z] OrderImport: found 0 file(s)
[2026-06-19T08:26:30.158Z] OrderImport: nothing to do.
[2026-06-19T08:26:59.227Z] OrderImport daemon: cycle start
[2026-06-19T08:27:00.156Z] OrderImport: found 0 file(s)
[2026-06-19T08:27:00.156Z] OrderImport: nothing to do.
[2026-06-19T08:27:29.255Z] OrderImport daemon: cycle start
[2026-06-19T08:27:30.192Z] OrderImport: found 0 file(s)
[2026-06-19T08:27:30.192Z] OrderImport: nothing to do.
[2026-06-19T08:27:59.283Z] OrderImport daemon: cycle start
[2026-06-19T08:28:00.213Z] OrderImport: nothing to do.
[2026-06-19T08:28:00.213Z] OrderImport: found 0 file(s)
[2026-06-19T08:28:29.304Z] OrderImport daemon: cycle start
[2026-06-19T08:28:30.208Z] OrderImport: found 0 file(s)
[2026-06-19T08:28:30.209Z] OrderImport: nothing to do.
[2026-06-19T08:28:59.331Z] OrderImport daemon: cycle start
[2026-06-19T08:29:00.259Z] OrderImport: found 0 file(s)
[2026-06-19T08:29:00.259Z] OrderImport: nothing to do.
[2026-06-19T08:29:29.359Z] OrderImport daemon: cycle start
[2026-06-19T08:29:30.296Z] OrderImport: found 0 file(s)
[2026-06-19T08:29:30.296Z] OrderImport: nothing to do.
[2026-06-19T08:29:59.388Z] OrderImport daemon: cycle start
[2026-06-19T08:30:00.533Z] OrderImport: found 0 file(s)
[2026-06-19T08:30:00.534Z] OrderImport: nothing to do.
[2026-06-19T08:30:29.417Z] OrderImport daemon: cycle start
[2026-06-19T08:30:30.367Z] OrderImport: found 0 file(s)
[2026-06-19T08:30:30.367Z] OrderImport: nothing to do.
[2026-06-19T08:30:59.443Z] OrderImport daemon: cycle start
[2026-06-19T08:31:00.382Z] OrderImport: found 0 file(s)
[2026-06-19T08:31:00.382Z] OrderImport: nothing to do.
[2026-06-19T08:31:29.455Z] OrderImport daemon: cycle start
[2026-06-19T08:31:30.364Z] OrderImport: found 0 file(s)
[2026-06-19T08:31:30.364Z] OrderImport: nothing to do.
[2026-06-19T08:31:59.483Z] OrderImport daemon: cycle start
[2026-06-19T08:32:00.394Z] OrderImport: found 0 file(s)
[2026-06-19T08:32:00.394Z] OrderImport: nothing to do.
[2026-06-19T08:32:29.504Z] OrderImport daemon: cycle start
[2026-06-19T08:32:30.433Z] OrderImport: nothing to do.
[2026-06-19T08:32:30.433Z] OrderImport: found 0 file(s)
[2026-06-19T08:32:59.531Z] OrderImport daemon: cycle start
[2026-06-19T08:33:00.455Z] OrderImport: found 0 file(s)
[2026-06-19T08:33:00.455Z] OrderImport: nothing to do.
[2026-06-19T08:33:29.560Z] OrderImport daemon: cycle start
[2026-06-19T08:33:30.476Z] OrderImport: found 0 file(s)
[2026-06-19T08:33:30.476Z] OrderImport: nothing to do.
[2026-06-19T08:33:59.587Z] OrderImport daemon: cycle start
[2026-06-19T08:34:00.561Z] OrderImport: found 0 file(s)
[2026-06-19T08:34:00.561Z] OrderImport: nothing to do.
[2026-06-19T08:34:29.615Z] OrderImport daemon: cycle start
[2026-06-19T08:34:30.546Z] OrderImport: found 0 file(s)
[2026-06-19T08:34:30.546Z] OrderImport: nothing to do.
[2026-06-19T08:34:59.637Z] OrderImport daemon: cycle start
[2026-06-19T08:35:00.693Z] OrderImport: found 0 file(s)
[2026-06-19T08:35:00.693Z] OrderImport: nothing to do.
