nohup: zignorowane dane wejściowe

> eform@1.0.0 import:orders
> node scripts/runOrderImport.js

[2026-05-17T01:33:50.180Z] OrderImport: found 0 file(s)
OrderImport: nothing to do.

> eform@1.0.0 import:orders
> node scripts/runOrderImport.js

[2026-05-17T01:34:20.846Z] OrderImport: found 0 file(s)
OrderImport: nothing to do.

> eform@1.0.0 import:orders
> node scripts/runOrderImport.js

[2026-05-17T01:34:51.475Z] OrderImport: found 0 file(s)
OrderImport: nothing to do.

> eform@1.0.0 import:orders
> node scripts/runOrderImport.js

[2026-05-17T01:35:22.154Z] OrderImport: found 1 file(s)
[2026-05-17T01:35:28.028Z] Imported order id=2564 for user=SZEF positions=1
OK    HKL_SZEF_51.json  ->  order id=2564
OrderImport: 1/1 imported.

> eform@1.0.0 import:orders
> node scripts/runOrderImport.js

[2026-05-17T01:35:59.060Z] OrderImport: found 0 file(s)
OrderImport: nothing to do.

> eform@1.0.0 import:orders
> node scripts/runOrderImport.js

[2026-05-17T01:36:29.722Z] OrderImport: found 0 file(s)
OrderImport: nothing to do.

> eform@1.0.0 import:orders
> node scripts/runOrderImport.js

[2026-05-17T01:37:01.850Z] OrderImport: found 0 file(s)
OrderImport: nothing to do.

> eform@1.0.0 import:orders
> node scripts/runOrderImport.js

[2026-05-17T01:37:32.595Z] OrderImport: found 0 file(s)
OrderImport: nothing to do.

> eform@1.0.0 import:orders
> node scripts/runOrderImport.js

[2026-05-17T01:38:03.248Z] OrderImport: found 0 file(s)
OrderImport: nothing to do.

> eform@1.0.0 import:orders
> node scripts/runOrderImport.js

[2026-05-17T01:38:33.893Z] OrderImport: found 0 file(s)
OrderImport: nothing to do.

> eform@1.0.0 import:orders
> node scripts/runOrderImport.js

[2026-05-17T01:39:04.535Z] OrderImport: found 0 file(s)
OrderImport: nothing to do.

> eform@1.0.0 import:orders
> node scripts/runOrderImport.js

[2026-05-17T01:39:35.233Z] OrderImport: found 0 file(s)
OrderImport: nothing to do.

> eform@1.0.0 import:orders
> node scripts/runOrderImport.js

[2026-05-17T01:40:05.883Z] OrderImport: found 0 file(s)
OrderImport: nothing to do.

> eform@1.0.0 import:orders
> node scripts/runOrderImport.js

[2026-05-17T01:40:36.525Z] OrderImport: found 0 file(s)
OrderImport: nothing to do.

> eform@1.0.0 import:orders
> node scripts/runOrderImport.js

[2026-05-17T01:41:07.187Z] OrderImport: found 0 file(s)
OrderImport: nothing to do.

> eform@1.0.0 import:orders
> node scripts/runOrderImport.js

[2026-05-17T01:41:37.845Z] OrderImport: found 0 file(s)
OrderImport: nothing to do.

> eform@1.0.0 import:orders
> node scripts/runOrderImport.js

[2026-05-17T01:42:08.512Z] OrderImport: found 0 file(s)
OrderImport: nothing to do.

> eform@1.0.0 import:orders
> node scripts/runOrderImport.js

[2026-05-17T01:42:39.153Z] OrderImport: found 0 file(s)
OrderImport: nothing to do.

> eform@1.0.0 import:orders
> node scripts/runOrderImport.js

[2026-05-17T01:43:09.797Z] OrderImport: found 0 file(s)
OrderImport: nothing to do.

> eform@1.0.0 import:orders
> node scripts/runOrderImport.js

[2026-05-17T01:43:40.452Z] OrderImport: found 0 file(s)
OrderImport: nothing to do.

> eform@1.0.0 import:orders
> node scripts/runOrderImport.js

[2026-05-17T01:44:11.150Z] OrderImport: found 0 file(s)
OrderImport: nothing to do.

> eform@1.0.0 import:orders
> node scripts/runOrderImport.js

[2026-05-17T01:44:41.773Z] OrderImport: found 0 file(s)
OrderImport: nothing to do.

> eform@1.0.0 import:orders
> node scripts/runOrderImport.js

[2026-05-17T01:45:12.437Z] OrderImport: found 0 file(s)
OrderImport: nothing to do.

> eform@1.0.0 import:orders
> node scripts/runOrderImport.js

[2026-05-17T01:45:43.080Z] OrderImport: found 0 file(s)
OrderImport: nothing to do.

> eform@1.0.0 import:orders
> node scripts/runOrderImport.js

[2026-05-17T01:46:13.735Z] OrderImport: found 0 file(s)
OrderImport: nothing to do.

> eform@1.0.0 import:orders
> node scripts/runOrderImport.js

[2026-05-17T01:46:44.373Z] OrderImport: found 0 file(s)
OrderImport: nothing to do.

> eform@1.0.0 import:orders
> node scripts/runOrderImport.js

[2026-05-17T01:47:15.016Z] OrderImport: found 0 file(s)
OrderImport: nothing to do.

> eform@1.0.0 import:orders
> node scripts/runOrderImport.js

[2026-05-17T01:47:45.633Z] OrderImport: found 0 file(s)
OrderImport: nothing to do.

> eform@1.0.0 import:orders
> node scripts/runOrderImport.js

[2026-05-17T01:48:16.289Z] OrderImport: found 0 file(s)
OrderImport: nothing to do.

> eform@1.0.0 import:orders
> node scripts/runOrderImport.js

[2026-05-17T01:48:46.932Z] OrderImport: found 0 file(s)
OrderImport: nothing to do.

> eform@1.0.0 import:orders
> node scripts/runOrderImport.js

[2026-05-17T01:49:17.606Z] OrderImport: found 0 file(s)
OrderImport: nothing to do.

> eform@1.0.0 import:orders
> node scripts/runOrderImport.js

[2026-05-17T01:49:48.282Z] OrderImport: found 0 file(s)
OrderImport: nothing to do.

> eform@1.0.0 import:orders
> node scripts/runOrderImport.js

[2026-05-17T01:50:18.922Z] OrderImport: found 0 file(s)
OrderImport: nothing to do.

> eform@1.0.0 import:orders
> node scripts/runOrderImport.js

[2026-05-17T01:50:49.581Z] OrderImport: found 0 file(s)
OrderImport: nothing to do.

> eform@1.0.0 import:orders
> node scripts/runOrderImport.js

[2026-05-17T01:51:20.208Z] OrderImport: found 0 file(s)
OrderImport: nothing to do.

> eform@1.0.0 import:orders
> node scripts/runOrderImport.js

[2026-05-17T01:51:50.836Z] OrderImport: found 0 file(s)
OrderImport: nothing to do.

> eform@1.0.0 import:orders
> node scripts/runOrderImport.js

[2026-05-17T01:52:21.477Z] OrderImport: found 0 file(s)
OrderImport: nothing to do.

> eform@1.0.0 import:orders
> node scripts/runOrderImport.js

[2026-05-17T01:52:52.103Z] OrderImport: found 0 file(s)
OrderImport: nothing to do.

> eform@1.0.0 import:orders
> node scripts/runOrderImport.js

[2026-05-17T01:53:22.736Z] OrderImport: found 0 file(s)
OrderImport: nothing to do.

> eform@1.0.0 import:orders
> node scripts/runOrderImport.js

[2026-05-17T01:53:53.377Z] OrderImport: found 0 file(s)
OrderImport: nothing to do.

> eform@1.0.0 import:orders
> node scripts/runOrderImport.js

[2026-05-17T01:54:24.005Z] OrderImport: found 0 file(s)
OrderImport: nothing to do.

> eform@1.0.0 import:orders
> node scripts/runOrderImport.js

[2026-05-17T01:54:54.655Z] OrderImport: found 0 file(s)
OrderImport: nothing to do.

> eform@1.0.0 import:orders
> node scripts/runOrderImport.js

[2026-05-17T01:55:25.288Z] OrderImport: found 0 file(s)
OrderImport: nothing to do.

> eform@1.0.0 import:orders
> node scripts/runOrderImport.js

[2026-05-17T01:55:55.933Z] OrderImport: found 0 file(s)
OrderImport: nothing to do.

> eform@1.0.0 import:orders
> node scripts/runOrderImport.js

[2026-05-17T01:56:26.594Z] OrderImport: found 0 file(s)
OrderImport: nothing to do.

> eform@1.0.0 import:orders
> node scripts/runOrderImport.js

[2026-05-17T01:56:57.226Z] OrderImport: found 0 file(s)
OrderImport: nothing to do.

> eform@1.0.0 import:orders
> node scripts/runOrderImport.js

[2026-05-17T01:57:27.868Z] OrderImport: found 0 file(s)
OrderImport: nothing to do.

> eform@1.0.0 import:orders
> node scripts/runOrderImport.js

[2026-05-17T01:57:58.507Z] OrderImport: found 0 file(s)
OrderImport: nothing to do.

> eform@1.0.0 import:orders
> node scripts/runOrderImport.js

[2026-05-17T01:58:29.193Z] OrderImport: found 0 file(s)
OrderImport: nothing to do.

> eform@1.0.0 import:orders
> node scripts/runOrderImport.js

[2026-05-17T01:58:59.889Z] OrderImport: found 0 file(s)
OrderImport: nothing to do.

> eform@1.0.0 import:orders
> node scripts/runOrderImport.js

[2026-05-17T01:59:30.558Z] OrderImport: found 0 file(s)
OrderImport: nothing to do.

> eform@1.0.0 import:orders
> node scripts/runOrderImport.js

[2026-05-17T02:00:01.295Z] OrderImport: found 0 file(s)
OrderImport: nothing to do.

> eform@1.0.0 import:orders
> node scripts/runOrderImport.js

[2026-05-17T02:00:31.945Z] OrderImport: found 0 file(s)
OrderImport: nothing to do.

> eform@1.0.0 import:orders
> node scripts/runOrderImport.js

[2026-05-17T02:01:02.639Z] OrderImport: found 0 file(s)
OrderImport: nothing to do.

> eform@1.0.0 import:orders
> node scripts/runOrderImport.js

[2026-05-17T02:01:33.294Z] OrderImport: found 0 file(s)
OrderImport: nothing to do.

> eform@1.0.0 import:orders
> node scripts/runOrderImport.js

[2026-05-17T02:02:03.974Z] OrderImport: found 0 file(s)
OrderImport: nothing to do.

> eform@1.0.0 import:orders
> node scripts/runOrderImport.js

[2026-05-17T02:02:34.618Z] OrderImport: found 0 file(s)
OrderImport: nothing to do.

> eform@1.0.0 import:orders
> node scripts/runOrderImport.js

[2026-05-17T02:03:05.267Z] OrderImport: found 0 file(s)
OrderImport: nothing to do.

> eform@1.0.0 import:orders
> node scripts/runOrderImport.js

[2026-05-17T02:03:35.959Z] OrderImport: found 0 file(s)
OrderImport: nothing to do.

> eform@1.0.0 import:orders
> node scripts/runOrderImport.js

[2026-05-17T02:04:06.609Z] OrderImport: found 0 file(s)
OrderImport: nothing to do.

> eform@1.0.0 import:orders
> node scripts/runOrderImport.js

[2026-05-17T02:04:37.258Z] OrderImport: found 0 file(s)
OrderImport: nothing to do.

> eform@1.0.0 import:orders
> node scripts/runOrderImport.js

[2026-05-17T02:05:07.895Z] OrderImport: found 0 file(s)
OrderImport: nothing to do.

> eform@1.0.0 import:orders
> node scripts/runOrderImport.js

[2026-05-17T02:05:38.599Z] OrderImport: found 0 file(s)
OrderImport: nothing to do.

> eform@1.0.0 import:orders
> node scripts/runOrderImport.js

[2026-05-17T02:06:09.288Z] OrderImport: found 0 file(s)
OrderImport: nothing to do.

> eform@1.0.0 import:orders
> node scripts/runOrderImport.js

[2026-05-17T02:06:39.934Z] OrderImport: found 0 file(s)
OrderImport: nothing to do.

> eform@1.0.0 import:orders
> node scripts/runOrderImport.js

[2026-05-17T02:07:10.591Z] OrderImport: found 0 file(s)
OrderImport: nothing to do.

> eform@1.0.0 import:orders
> node scripts/runOrderImport.js

[2026-05-17T02:07:41.290Z] OrderImport: found 0 file(s)
OrderImport: nothing to do.

> eform@1.0.0 import:orders
> node scripts/runOrderImport.js

[2026-05-17T02:08:11.947Z] OrderImport: found 0 file(s)
OrderImport: nothing to do.

> eform@1.0.0 import:orders
> node scripts/runOrderImport.js

[2026-05-17T02:08:42.611Z] OrderImport: found 0 file(s)
OrderImport: nothing to do.

> eform@1.0.0 import:orders
> node scripts/runOrderImport.js

[2026-05-17T02:09:13.256Z] OrderImport: found 0 file(s)
OrderImport: nothing to do.

> eform@1.0.0 import:orders
> node scripts/runOrderImport.js

[2026-05-17T02:09:43.936Z] OrderImport: found 0 file(s)
OrderImport: nothing to do.

> eform@1.0.0 import:orders
> node scripts/runOrderImport.js

[2026-05-17T02:10:14.591Z] OrderImport: found 0 file(s)
OrderImport: nothing to do.

> eform@1.0.0 import:orders
> node scripts/runOrderImport.js

[2026-05-17T02:10:45.269Z] OrderImport: found 0 file(s)
OrderImport: nothing to do.

> eform@1.0.0 import:orders
> node scripts/runOrderImport.js

[2026-05-17T02:11:15.948Z] OrderImport: found 0 file(s)
OrderImport: nothing to do.

> eform@1.0.0 import:orders
> node scripts/runOrderImport.js

[2026-05-17T02:11:46.578Z] OrderImport: found 0 file(s)
OrderImport: nothing to do.

> eform@1.0.0 import:orders
> node scripts/runOrderImport.js

[2026-05-17T02:12:17.264Z] OrderImport: found 0 file(s)
OrderImport: nothing to do.

> eform@1.0.0 import:orders
> node scripts/runOrderImport.js

[2026-05-17T02:12:47.929Z] OrderImport: found 0 file(s)
OrderImport: nothing to do.

> eform@1.0.0 import:orders
> node scripts/runOrderImport.js

[2026-05-17T02:13:18.588Z] OrderImport: found 0 file(s)
OrderImport: nothing to do.

> eform@1.0.0 import:orders
> node scripts/runOrderImport.js

[2026-05-17T02:13:49.234Z] OrderImport: found 0 file(s)
OrderImport: nothing to do.

> eform@1.0.0 import:orders
> node scripts/runOrderImport.js

[2026-05-17T02:14:19.883Z] OrderImport: found 0 file(s)
OrderImport: nothing to do.

> eform@1.0.0 import:orders
> node scripts/runOrderImport.js

[2026-05-17T02:14:50.537Z] OrderImport: found 0 file(s)
OrderImport: nothing to do.

> eform@1.0.0 import:orders
> node scripts/runOrderImport.js

[2026-05-17T02:15:21.175Z] OrderImport: found 0 file(s)
OrderImport: nothing to do.

> eform@1.0.0 import:orders
> node scripts/runOrderImport.js

[2026-05-17T02:15:51.847Z] OrderImport: found 0 file(s)
OrderImport: nothing to do.

> eform@1.0.0 import:orders
> node scripts/runOrderImport.js

[2026-05-17T02:16:22.505Z] OrderImport: found 0 file(s)
OrderImport: nothing to do.

> eform@1.0.0 import:orders
> node scripts/runOrderImport.js

[2026-05-17T02:16:53.224Z] OrderImport: found 0 file(s)
OrderImport: nothing to do.

> eform@1.0.0 import:orders
> node scripts/runOrderImport.js

[2026-05-17T02:17:23.866Z] OrderImport: found 0 file(s)
OrderImport: nothing to do.

> eform@1.0.0 import:orders
> node scripts/runOrderImport.js

[2026-05-17T02:17:54.505Z] OrderImport: found 0 file(s)
OrderImport: nothing to do.

> eform@1.0.0 import:orders
> node scripts/runOrderImport.js

[2026-05-17T02:18:25.175Z] OrderImport: found 0 file(s)
OrderImport: nothing to do.

> eform@1.0.0 import:orders
> node scripts/runOrderImport.js

[2026-05-17T02:18:55.823Z] OrderImport: found 0 file(s)
OrderImport: nothing to do.

> eform@1.0.0 import:orders
> node scripts/runOrderImport.js

[2026-05-17T02:19:26.458Z] OrderImport: found 0 file(s)
OrderImport: nothing to do.

> eform@1.0.0 import:orders
> node scripts/runOrderImport.js

[2026-05-17T02:19:57.099Z] OrderImport: found 0 file(s)
OrderImport: nothing to do.

> eform@1.0.0 import:orders
> node scripts/runOrderImport.js

[2026-05-17T02:20:27.766Z] OrderImport: found 0 file(s)
OrderImport: nothing to do.

> eform@1.0.0 import:orders
> node scripts/runOrderImport.js

[2026-05-17T02:20:58.397Z] OrderImport: found 0 file(s)
OrderImport: nothing to do.

> eform@1.0.0 import:orders
> node scripts/runOrderImport.js

[2026-05-17T02:21:29.069Z] OrderImport: found 0 file(s)
OrderImport: nothing to do.

> eform@1.0.0 import:orders
> node scripts/runOrderImport.js

[2026-05-17T02:21:59.709Z] OrderImport: found 0 file(s)
OrderImport: nothing to do.

> eform@1.0.0 import:orders
> node scripts/runOrderImport.js

[2026-05-17T02:22:30.367Z] OrderImport: found 0 file(s)
OrderImport: nothing to do.

> eform@1.0.0 import:orders
> node scripts/runOrderImport.js

[2026-05-17T02:23:01.009Z] OrderImport: found 0 file(s)
OrderImport: nothing to do.

> eform@1.0.0 import:orders
> node scripts/runOrderImport.js

[2026-05-17T02:23:31.658Z] OrderImport: found 0 file(s)
OrderImport: nothing to do.

> eform@1.0.0 import:orders
> node scripts/runOrderImport.js

[2026-05-17T02:24:02.286Z] OrderImport: found 0 file(s)
OrderImport: nothing to do.

> eform@1.0.0 import:orders
> node scripts/runOrderImport.js

[2026-05-17T02:24:32.962Z] OrderImport: found 0 file(s)
OrderImport: nothing to do.

> eform@1.0.0 import:orders
> node scripts/runOrderImport.js

[2026-05-17T02:25:03.690Z] OrderImport: found 0 file(s)
OrderImport: nothing to do.

> eform@1.0.0 import:orders
> node scripts/runOrderImport.js

[2026-05-17T02:25:34.355Z] OrderImport: found 0 file(s)
OrderImport: nothing to do.

> eform@1.0.0 import:orders
> node scripts/runOrderImport.js

[2026-05-17T02:26:05.015Z] OrderImport: found 0 file(s)
OrderImport: nothing to do.

> eform@1.0.0 import:orders
> node scripts/runOrderImport.js

[2026-05-17T02:26:35.690Z] OrderImport: found 0 file(s)
OrderImport: nothing to do.

> eform@1.0.0 import:orders
> node scripts/runOrderImport.js

[2026-05-17T02:27:06.354Z] OrderImport: found 0 file(s)
OrderImport: nothing to do.

> eform@1.0.0 import:orders
> node scripts/runOrderImport.js

[2026-05-17T02:27:37.015Z] OrderImport: found 0 file(s)
OrderImport: nothing to do.

> eform@1.0.0 import:orders
> node scripts/runOrderImport.js

[2026-05-17T02:28:07.662Z] OrderImport: found 0 file(s)
OrderImport: nothing to do.

> eform@1.0.0 import:orders
> node scripts/runOrderImport.js

[2026-05-17T02:28:38.334Z] OrderImport: found 0 file(s)
OrderImport: nothing to do.

> eform@1.0.0 import:orders
> node scripts/runOrderImport.js

[2026-05-17T02:29:08.985Z] OrderImport: found 0 file(s)
OrderImport: nothing to do.

> eform@1.0.0 import:orders
> node scripts/runOrderImport.js

[2026-05-17T02:29:39.658Z] OrderImport: found 0 file(s)
OrderImport: nothing to do.

> eform@1.0.0 import:orders
> node scripts/runOrderImport.js

[2026-05-17T02:30:10.285Z] OrderImport: found 0 file(s)
OrderImport: nothing to do.

> eform@1.0.0 import:orders
> node scripts/runOrderImport.js

[2026-05-17T02:30:40.929Z] OrderImport: found 0 file(s)
OrderImport: nothing to do.

> eform@1.0.0 import:orders
> node scripts/runOrderImport.js

[2026-05-17T02:31:11.584Z] OrderImport: found 0 file(s)
OrderImport: nothing to do.

> eform@1.0.0 import:orders
> node scripts/runOrderImport.js

[2026-05-17T02:31:42.247Z] OrderImport: found 0 file(s)
OrderImport: nothing to do.

> eform@1.0.0 import:orders
> node scripts/runOrderImport.js

[2026-05-17T02:32:12.913Z] OrderImport: found 0 file(s)
OrderImport: nothing to do.

> eform@1.0.0 import:orders
> node scripts/runOrderImport.js

[2026-05-17T02:32:43.558Z] OrderImport: found 0 file(s)
OrderImport: nothing to do.

> eform@1.0.0 import:orders
> node scripts/runOrderImport.js

[2026-05-17T02:33:14.190Z] OrderImport: found 0 file(s)
OrderImport: nothing to do.

> eform@1.0.0 import:orders
> node scripts/runOrderImport.js

[2026-05-17T02:33:44.850Z] OrderImport: found 0 file(s)
OrderImport: nothing to do.

> eform@1.0.0 import:orders
> node scripts/runOrderImport.js

[2026-05-17T02:34:15.498Z] OrderImport: found 0 file(s)
OrderImport: nothing to do.

> eform@1.0.0 import:orders
> node scripts/runOrderImport.js

[2026-05-17T02:34:46.156Z] OrderImport: found 0 file(s)
OrderImport: nothing to do.

> eform@1.0.0 import:orders
> node scripts/runOrderImport.js

[2026-05-17T02:35:16.822Z] OrderImport: found 0 file(s)
OrderImport: nothing to do.

> eform@1.0.0 import:orders
> node scripts/runOrderImport.js

[2026-05-17T02:35:47.464Z] OrderImport: found 0 file(s)
OrderImport: nothing to do.

> eform@1.0.0 import:orders
> node scripts/runOrderImport.js

[2026-05-17T02:36:18.097Z] OrderImport: found 0 file(s)
OrderImport: nothing to do.

> eform@1.0.0 import:orders
> node scripts/runOrderImport.js

[2026-05-17T02:36:48.754Z] OrderImport: found 0 file(s)
OrderImport: nothing to do.

> eform@1.0.0 import:orders
> node scripts/runOrderImport.js

[2026-05-17T02:37:19.386Z] OrderImport: found 0 file(s)
OrderImport: nothing to do.

> eform@1.0.0 import:orders
> node scripts/runOrderImport.js

[2026-05-17T02:37:50.035Z] OrderImport: found 0 file(s)
OrderImport: nothing to do.

> eform@1.0.0 import:orders
> node scripts/runOrderImport.js

[2026-05-17T02:38:20.687Z] OrderImport: found 0 file(s)
OrderImport: nothing to do.

> eform@1.0.0 import:orders
> node scripts/runOrderImport.js

[2026-05-17T02:38:51.340Z] OrderImport: found 0 file(s)
OrderImport: nothing to do.

> eform@1.0.0 import:orders
> node scripts/runOrderImport.js

[2026-05-17T02:39:22.024Z] OrderImport: found 0 file(s)
OrderImport: nothing to do.

> eform@1.0.0 import:orders
> node scripts/runOrderImport.js

[2026-05-17T02:39:52.689Z] OrderImport: found 0 file(s)
OrderImport: nothing to do.

> eform@1.0.0 import:orders
> node scripts/runOrderImport.js

[2026-05-17T02:40:23.306Z] OrderImport: found 0 file(s)
OrderImport: nothing to do.

> eform@1.0.0 import:orders
> node scripts/runOrderImport.js

[2026-05-17T02:40:53.969Z] OrderImport: found 0 file(s)
OrderImport: nothing to do.

> eform@1.0.0 import:orders
> node scripts/runOrderImport.js

[2026-05-17T02:41:24.642Z] OrderImport: found 0 file(s)
OrderImport: nothing to do.

> eform@1.0.0 import:orders
> node scripts/runOrderImport.js

[2026-05-17T02:41:55.271Z] OrderImport: found 0 file(s)
OrderImport: nothing to do.

> eform@1.0.0 import:orders
> node scripts/runOrderImport.js

[2026-05-17T02:42:25.912Z] OrderImport: found 0 file(s)
OrderImport: nothing to do.

> eform@1.0.0 import:orders
> node scripts/runOrderImport.js

[2026-05-17T02:42:56.572Z] OrderImport: found 0 file(s)
OrderImport: nothing to do.

> eform@1.0.0 import:orders
> node scripts/runOrderImport.js

[2026-05-17T02:43:27.220Z] OrderImport: found 0 file(s)
OrderImport: nothing to do.

> eform@1.0.0 import:orders
> node scripts/runOrderImport.js

[2026-05-17T02:43:57.891Z] OrderImport: found 0 file(s)
OrderImport: nothing to do.

> eform@1.0.0 import:orders
> node scripts/runOrderImport.js

[2026-05-17T02:44:28.550Z] OrderImport: found 0 file(s)
OrderImport: nothing to do.

> eform@1.0.0 import:orders
> node scripts/runOrderImport.js

[2026-05-17T02:44:59.193Z] OrderImport: found 0 file(s)
OrderImport: nothing to do.

> eform@1.0.0 import:orders
> node scripts/runOrderImport.js

[2026-05-17T02:45:29.838Z] OrderImport: found 0 file(s)
OrderImport: nothing to do.

> eform@1.0.0 import:orders
> node scripts/runOrderImport.js

[2026-05-17T02:46:00.510Z] OrderImport: found 0 file(s)
OrderImport: nothing to do.

> eform@1.0.0 import:orders
> node scripts/runOrderImport.js

[2026-05-17T02:46:31.164Z] OrderImport: found 0 file(s)
OrderImport: nothing to do.

> eform@1.0.0 import:orders
> node scripts/runOrderImport.js

[2026-05-17T02:47:01.832Z] OrderImport: found 0 file(s)
OrderImport: nothing to do.

> eform@1.0.0 import:orders
> node scripts/runOrderImport.js

[2026-05-17T02:47:32.494Z] OrderImport: found 0 file(s)
OrderImport: nothing to do.

> eform@1.0.0 import:orders
> node scripts/runOrderImport.js

[2026-05-17T02:48:03.143Z] OrderImport: found 0 file(s)
OrderImport: nothing to do.

> eform@1.0.0 import:orders
> node scripts/runOrderImport.js

[2026-05-17T02:48:33.788Z] OrderImport: found 0 file(s)
OrderImport: nothing to do.

> eform@1.0.0 import:orders
> node scripts/runOrderImport.js

[2026-05-17T02:49:04.434Z] OrderImport: found 0 file(s)
OrderImport: nothing to do.

> eform@1.0.0 import:orders
> node scripts/runOrderImport.js

[2026-05-17T02:49:35.085Z] OrderImport: found 0 file(s)
OrderImport: nothing to do.

> eform@1.0.0 import:orders
> node scripts/runOrderImport.js

[2026-05-17T02:50:05.749Z] OrderImport: found 0 file(s)
OrderImport: nothing to do.

> eform@1.0.0 import:orders
> node scripts/runOrderImport.js

[2026-05-17T02:50:36.424Z] OrderImport: found 0 file(s)
OrderImport: nothing to do.

> eform@1.0.0 import:orders
> node scripts/runOrderImport.js

[2026-05-17T02:51:07.075Z] OrderImport: found 0 file(s)
OrderImport: nothing to do.

> eform@1.0.0 import:orders
> node scripts/runOrderImport.js

[2026-05-17T02:51:37.736Z] OrderImport: found 0 file(s)
OrderImport: nothing to do.

> eform@1.0.0 import:orders
> node scripts/runOrderImport.js

[2026-05-17T02:52:08.367Z] OrderImport: found 0 file(s)
OrderImport: nothing to do.

> eform@1.0.0 import:orders
> node scripts/runOrderImport.js

[2026-05-17T02:52:39.024Z] OrderImport: found 0 file(s)
OrderImport: nothing to do.

> eform@1.0.0 import:orders
> node scripts/runOrderImport.js

[2026-05-17T02:53:09.663Z] OrderImport: found 0 file(s)
OrderImport: nothing to do.

> eform@1.0.0 import:orders
> node scripts/runOrderImport.js

[2026-05-17T02:53:40.318Z] OrderImport: found 0 file(s)
OrderImport: nothing to do.

> eform@1.0.0 import:orders
> node scripts/runOrderImport.js

[2026-05-17T02:54:10.985Z] OrderImport: found 0 file(s)
OrderImport: nothing to do.

> eform@1.0.0 import:orders
> node scripts/runOrderImport.js

[2026-05-17T02:54:41.646Z] OrderImport: found 0 file(s)
OrderImport: nothing to do.

> eform@1.0.0 import:orders
> node scripts/runOrderImport.js

[2026-05-17T02:55:12.267Z] OrderImport: found 0 file(s)
OrderImport: nothing to do.

> eform@1.0.0 import:orders
> node scripts/runOrderImport.js

[2026-05-17T02:55:42.904Z] OrderImport: found 0 file(s)
OrderImport: nothing to do.

> eform@1.0.0 import:orders
> node scripts/runOrderImport.js

[2026-05-17T02:56:13.541Z] OrderImport: found 0 file(s)
OrderImport: nothing to do.

> eform@1.0.0 import:orders
> node scripts/runOrderImport.js

[2026-05-17T02:56:44.194Z] OrderImport: found 0 file(s)
OrderImport: nothing to do.

> eform@1.0.0 import:orders
> node scripts/runOrderImport.js

[2026-05-17T02:57:14.819Z] OrderImport: found 0 file(s)
OrderImport: nothing to do.

> eform@1.0.0 import:orders
> node scripts/runOrderImport.js

[2026-05-17T02:57:45.481Z] OrderImport: found 0 file(s)
OrderImport: nothing to do.

> eform@1.0.0 import:orders
> node scripts/runOrderImport.js

[2026-05-17T02:58:16.105Z] OrderImport: found 0 file(s)
OrderImport: nothing to do.

> eform@1.0.0 import:orders
> node scripts/runOrderImport.js

[2026-05-17T02:58:46.748Z] OrderImport: found 0 file(s)
OrderImport: nothing to do.

> eform@1.0.0 import:orders
> node scripts/runOrderImport.js

[2026-05-17T02:59:17.399Z] OrderImport: found 0 file(s)
OrderImport: nothing to do.

> eform@1.0.0 import:orders
> node scripts/runOrderImport.js

[2026-05-17T02:59:48.054Z] OrderImport: found 0 file(s)
OrderImport: nothing to do.

> eform@1.0.0 import:orders
> node scripts/runOrderImport.js

[2026-05-17T03:00:18.718Z] OrderImport: found 0 file(s)
OrderImport: nothing to do.

> eform@1.0.0 import:orders
> node scripts/runOrderImport.js

[2026-05-17T03:00:49.367Z] OrderImport: found 0 file(s)
OrderImport: nothing to do.

> eform@1.0.0 import:orders
> node scripts/runOrderImport.js

[2026-05-17T03:01:20.024Z] OrderImport: found 0 file(s)
OrderImport: nothing to do.

> eform@1.0.0 import:orders
> node scripts/runOrderImport.js

[2026-05-17T03:01:50.685Z] OrderImport: found 0 file(s)
OrderImport: nothing to do.

> eform@1.0.0 import:orders
> node scripts/runOrderImport.js

[2026-05-17T03:02:21.350Z] OrderImport: found 0 file(s)
OrderImport: nothing to do.

> eform@1.0.0 import:orders
> node scripts/runOrderImport.js

[2026-05-17T03:02:51.985Z] OrderImport: found 0 file(s)
OrderImport: nothing to do.

> eform@1.0.0 import:orders
> node scripts/runOrderImport.js

[2026-05-17T03:03:22.634Z] OrderImport: found 0 file(s)
OrderImport: nothing to do.

> eform@1.0.0 import:orders
> node scripts/runOrderImport.js

[2026-05-17T03:03:53.293Z] OrderImport: found 0 file(s)
OrderImport: nothing to do.

> eform@1.0.0 import:orders
> node scripts/runOrderImport.js

[2026-05-17T03:04:23.980Z] OrderImport: found 0 file(s)
OrderImport: nothing to do.

> eform@1.0.0 import:orders
> node scripts/runOrderImport.js

[2026-05-17T03:04:54.647Z] OrderImport: found 0 file(s)
OrderImport: nothing to do.

> eform@1.0.0 import:orders
> node scripts/runOrderImport.js

[2026-05-17T03:05:25.301Z] OrderImport: found 0 file(s)
OrderImport: nothing to do.

> eform@1.0.0 import:orders
> node scripts/runOrderImport.js

[2026-05-17T03:05:55.947Z] OrderImport: found 0 file(s)
OrderImport: nothing to do.

> eform@1.0.0 import:orders
> node scripts/runOrderImport.js

[2026-05-17T03:06:26.573Z] OrderImport: found 0 file(s)
OrderImport: nothing to do.

> eform@1.0.0 import:orders
> node scripts/runOrderImport.js

[2026-05-17T03:06:57.221Z] OrderImport: found 0 file(s)
OrderImport: nothing to do.

> eform@1.0.0 import:orders
> node scripts/runOrderImport.js

[2026-05-17T03:07:27.898Z] OrderImport: found 0 file(s)
OrderImport: nothing to do.

> eform@1.0.0 import:orders
> node scripts/runOrderImport.js

[2026-05-17T03:07:58.536Z] OrderImport: found 0 file(s)
OrderImport: nothing to do.

> eform@1.0.0 import:orders
> node scripts/runOrderImport.js

[2026-05-17T03:08:29.217Z] OrderImport: found 0 file(s)
OrderImport: nothing to do.

> eform@1.0.0 import:orders
> node scripts/runOrderImport.js

[2026-05-17T03:08:59.856Z] OrderImport: found 0 file(s)
OrderImport: nothing to do.

> eform@1.0.0 import:orders
> node scripts/runOrderImport.js

[2026-05-17T03:09:30.512Z] OrderImport: found 0 file(s)
OrderImport: nothing to do.

> eform@1.0.0 import:orders
> node scripts/runOrderImport.js

[2026-05-17T03:10:01.199Z] OrderImport: found 0 file(s)
OrderImport: nothing to do.

> eform@1.0.0 import:orders
> node scripts/runOrderImport.js

[2026-05-17T03:10:31.852Z] OrderImport: found 0 file(s)
OrderImport: nothing to do.

> eform@1.0.0 import:orders
> node scripts/runOrderImport.js

[2026-05-17T03:11:02.523Z] OrderImport: found 0 file(s)
OrderImport: nothing to do.

> eform@1.0.0 import:orders
> node scripts/runOrderImport.js

[2026-05-17T03:11:33.207Z] OrderImport: found 0 file(s)
OrderImport: nothing to do.

> eform@1.0.0 import:orders
> node scripts/runOrderImport.js

[2026-05-17T03:12:03.857Z] OrderImport: found 0 file(s)
OrderImport: nothing to do.

> eform@1.0.0 import:orders
> node scripts/runOrderImport.js

[2026-05-17T03:12:34.520Z] OrderImport: found 0 file(s)
OrderImport: nothing to do.

> eform@1.0.0 import:orders
> node scripts/runOrderImport.js

[2026-05-17T03:13:05.191Z] OrderImport: found 0 file(s)
OrderImport: nothing to do.

> eform@1.0.0 import:orders
> node scripts/runOrderImport.js

[2026-05-17T03:13:35.843Z] OrderImport: found 0 file(s)
OrderImport: nothing to do.

> eform@1.0.0 import:orders
> node scripts/runOrderImport.js

[2026-05-17T03:14:06.477Z] OrderImport: found 0 file(s)
OrderImport: nothing to do.

> eform@1.0.0 import:orders
> node scripts/runOrderImport.js

[2026-05-17T03:14:37.124Z] OrderImport: found 0 file(s)
OrderImport: nothing to do.

> eform@1.0.0 import:orders
> node scripts/runOrderImport.js

[2026-05-17T03:15:07.780Z] OrderImport: found 0 file(s)
OrderImport: nothing to do.

> eform@1.0.0 import:orders
> node scripts/runOrderImport.js

[2026-05-17T03:15:38.425Z] OrderImport: found 0 file(s)
OrderImport: nothing to do.

> eform@1.0.0 import:orders
> node scripts/runOrderImport.js

[2026-05-17T03:16:09.088Z] OrderImport: found 0 file(s)
OrderImport: nothing to do.

> eform@1.0.0 import:orders
> node scripts/runOrderImport.js

[2026-05-17T03:16:39.760Z] OrderImport: found 0 file(s)
OrderImport: nothing to do.

> eform@1.0.0 import:orders
> node scripts/runOrderImport.js

[2026-05-17T03:17:10.411Z] OrderImport: found 0 file(s)
OrderImport: nothing to do.

> eform@1.0.0 import:orders
> node scripts/runOrderImport.js

[2026-05-17T03:17:41.038Z] OrderImport: found 0 file(s)
OrderImport: nothing to do.

> eform@1.0.0 import:orders
> node scripts/runOrderImport.js

[2026-05-17T03:18:11.666Z] OrderImport: found 0 file(s)
OrderImport: nothing to do.

> eform@1.0.0 import:orders
> node scripts/runOrderImport.js

[2026-05-17T03:18:42.357Z] OrderImport: found 0 file(s)
OrderImport: nothing to do.

> eform@1.0.0 import:orders
> node scripts/runOrderImport.js

[2026-05-17T03:19:13.022Z] OrderImport: found 0 file(s)
OrderImport: nothing to do.

> eform@1.0.0 import:orders
> node scripts/runOrderImport.js

[2026-05-17T03:19:43.678Z] OrderImport: found 0 file(s)
OrderImport: nothing to do.

> eform@1.0.0 import:orders
> node scripts/runOrderImport.js

[2026-05-17T03:20:14.343Z] OrderImport: found 0 file(s)
OrderImport: nothing to do.

> eform@1.0.0 import:orders
> node scripts/runOrderImport.js

[2026-05-17T03:20:45.012Z] OrderImport: found 0 file(s)
OrderImport: nothing to do.

> eform@1.0.0 import:orders
> node scripts/runOrderImport.js

[2026-05-17T03:21:15.737Z] OrderImport: found 0 file(s)
OrderImport: nothing to do.

> eform@1.0.0 import:orders
> node scripts/runOrderImport.js

[2026-05-17T03:21:46.530Z] OrderImport: found 0 file(s)
OrderImport: nothing to do.

> eform@1.0.0 import:orders
> node scripts/runOrderImport.js

[2026-05-17T03:22:17.283Z] OrderImport: found 0 file(s)
OrderImport: nothing to do.

> eform@1.0.0 import:orders
> node scripts/runOrderImport.js

[2026-05-17T03:22:47.921Z] OrderImport: found 0 file(s)
OrderImport: nothing to do.

> eform@1.0.0 import:orders
> node scripts/runOrderImport.js

[2026-05-17T03:23:18.598Z] OrderImport: found 0 file(s)
OrderImport: nothing to do.

> eform@1.0.0 import:orders
> node scripts/runOrderImport.js

[2026-05-17T03:23:49.261Z] OrderImport: found 0 file(s)
OrderImport: nothing to do.

> eform@1.0.0 import:orders
> node scripts/runOrderImport.js

[2026-05-17T03:24:19.938Z] OrderImport: found 0 file(s)
OrderImport: nothing to do.

> eform@1.0.0 import:orders
> node scripts/runOrderImport.js

[2026-05-17T03:24:50.565Z] OrderImport: found 0 file(s)
OrderImport: nothing to do.

> eform@1.0.0 import:orders
> node scripts/runOrderImport.js

[2026-05-17T03:25:21.196Z] OrderImport: found 0 file(s)
OrderImport: nothing to do.

> eform@1.0.0 import:orders
> node scripts/runOrderImport.js

[2026-05-17T03:25:51.864Z] OrderImport: found 0 file(s)
OrderImport: nothing to do.

> eform@1.0.0 import:orders
> node scripts/runOrderImport.js

[2026-05-17T03:26:22.526Z] OrderImport: found 0 file(s)
OrderImport: nothing to do.

> eform@1.0.0 import:orders
> node scripts/runOrderImport.js

[2026-05-17T03:26:53.181Z] OrderImport: found 0 file(s)
OrderImport: nothing to do.

> eform@1.0.0 import:orders
> node scripts/runOrderImport.js

[2026-05-17T03:27:23.829Z] OrderImport: found 0 file(s)
OrderImport: nothing to do.

> eform@1.0.0 import:orders
> node scripts/runOrderImport.js

[2026-05-17T03:27:54.489Z] OrderImport: found 0 file(s)
OrderImport: nothing to do.

> eform@1.0.0 import:orders
> node scripts/runOrderImport.js

[2026-05-17T03:28:25.138Z] OrderImport: found 0 file(s)
OrderImport: nothing to do.

> eform@1.0.0 import:orders
> node scripts/runOrderImport.js

[2026-05-17T03:28:55.795Z] OrderImport: found 0 file(s)
OrderImport: nothing to do.

> eform@1.0.0 import:orders
> node scripts/runOrderImport.js

[2026-05-17T03:29:26.445Z] OrderImport: found 0 file(s)
OrderImport: nothing to do.

> eform@1.0.0 import:orders
> node scripts/runOrderImport.js

[2026-05-17T03:29:57.108Z] OrderImport: found 0 file(s)
OrderImport: nothing to do.

> eform@1.0.0 import:orders
> node scripts/runOrderImport.js

[2026-05-17T03:30:27.736Z] OrderImport: found 0 file(s)
OrderImport: nothing to do.

> eform@1.0.0 import:orders
> node scripts/runOrderImport.js

[2026-05-17T03:30:58.362Z] OrderImport: found 0 file(s)
OrderImport: nothing to do.

> eform@1.0.0 import:orders
> node scripts/runOrderImport.js

[2026-05-17T03:31:29.029Z] OrderImport: found 0 file(s)
OrderImport: nothing to do.

> eform@1.0.0 import:orders
> node scripts/runOrderImport.js

[2026-05-17T03:31:59.697Z] OrderImport: found 0 file(s)
OrderImport: nothing to do.

> eform@1.0.0 import:orders
> node scripts/runOrderImport.js

[2026-05-17T03:32:30.353Z] OrderImport: found 0 file(s)
OrderImport: nothing to do.

> eform@1.0.0 import:orders
> node scripts/runOrderImport.js

[2026-05-17T03:33:01.017Z] OrderImport: found 0 file(s)
OrderImport: nothing to do.

> eform@1.0.0 import:orders
> node scripts/runOrderImport.js

[2026-05-17T03:33:31.690Z] OrderImport: found 0 file(s)
OrderImport: nothing to do.

> eform@1.0.0 import:orders
> node scripts/runOrderImport.js

[2026-05-17T03:34:02.332Z] OrderImport: found 0 file(s)
OrderImport: nothing to do.

> eform@1.0.0 import:orders
> node scripts/runOrderImport.js

[2026-05-17T03:34:32.993Z] OrderImport: found 0 file(s)
OrderImport: nothing to do.

> eform@1.0.0 import:orders
> node scripts/runOrderImport.js

[2026-05-17T03:35:03.690Z] OrderImport: found 0 file(s)
OrderImport: nothing to do.

> eform@1.0.0 import:orders
> node scripts/runOrderImport.js

[2026-05-17T03:35:34.377Z] OrderImport: found 0 file(s)
OrderImport: nothing to do.

> eform@1.0.0 import:orders
> node scripts/runOrderImport.js

[2026-05-17T03:36:05.003Z] OrderImport: found 0 file(s)
OrderImport: nothing to do.

> eform@1.0.0 import:orders
> node scripts/runOrderImport.js

[2026-05-17T03:36:35.642Z] OrderImport: found 0 file(s)
OrderImport: nothing to do.

> eform@1.0.0 import:orders
> node scripts/runOrderImport.js

[2026-05-17T03:37:06.292Z] OrderImport: found 0 file(s)
OrderImport: nothing to do.

> eform@1.0.0 import:orders
> node scripts/runOrderImport.js

[2026-05-17T03:37:36.921Z] OrderImport: found 0 file(s)
OrderImport: nothing to do.

> eform@1.0.0 import:orders
> node scripts/runOrderImport.js

[2026-05-17T03:38:07.593Z] OrderImport: found 0 file(s)
OrderImport: nothing to do.

> eform@1.0.0 import:orders
> node scripts/runOrderImport.js

[2026-05-17T03:38:38.227Z] OrderImport: found 0 file(s)
OrderImport: nothing to do.

> eform@1.0.0 import:orders
> node scripts/runOrderImport.js

[2026-05-17T03:39:08.906Z] OrderImport: found 0 file(s)
OrderImport: nothing to do.

> eform@1.0.0 import:orders
> node scripts/runOrderImport.js

[2026-05-17T03:39:39.564Z] OrderImport: found 0 file(s)
OrderImport: nothing to do.

> eform@1.0.0 import:orders
> node scripts/runOrderImport.js

[2026-05-17T03:40:10.225Z] OrderImport: found 0 file(s)
OrderImport: nothing to do.

> eform@1.0.0 import:orders
> node scripts/runOrderImport.js

[2026-05-17T03:40:40.910Z] OrderImport: found 0 file(s)
OrderImport: nothing to do.

> eform@1.0.0 import:orders
> node scripts/runOrderImport.js

[2026-05-17T03:41:11.575Z] OrderImport: found 0 file(s)
OrderImport: nothing to do.

> eform@1.0.0 import:orders
> node scripts/runOrderImport.js

[2026-05-17T03:41:42.232Z] OrderImport: found 0 file(s)
OrderImport: nothing to do.

> eform@1.0.0 import:orders
> node scripts/runOrderImport.js

[2026-05-17T03:42:12.874Z] OrderImport: found 0 file(s)
OrderImport: nothing to do.

> eform@1.0.0 import:orders
> node scripts/runOrderImport.js

[2026-05-17T03:42:43.512Z] OrderImport: found 0 file(s)
OrderImport: nothing to do.

> eform@1.0.0 import:orders
> node scripts/runOrderImport.js

[2026-05-17T03:43:14.165Z] OrderImport: found 0 file(s)
OrderImport: nothing to do.

> eform@1.0.0 import:orders
> node scripts/runOrderImport.js

[2026-05-17T03:43:44.815Z] OrderImport: found 0 file(s)
OrderImport: nothing to do.

> eform@1.0.0 import:orders
> node scripts/runOrderImport.js

[2026-05-17T03:44:15.458Z] OrderImport: found 0 file(s)
OrderImport: nothing to do.

> eform@1.0.0 import:orders
> node scripts/runOrderImport.js

[2026-05-17T03:44:46.124Z] OrderImport: found 0 file(s)
OrderImport: nothing to do.

> eform@1.0.0 import:orders
> node scripts/runOrderImport.js

[2026-05-17T03:45:16.777Z] OrderImport: found 0 file(s)
OrderImport: nothing to do.

> eform@1.0.0 import:orders
> node scripts/runOrderImport.js

[2026-05-17T03:45:47.452Z] OrderImport: found 0 file(s)
OrderImport: nothing to do.

> eform@1.0.0 import:orders
> node scripts/runOrderImport.js

[2026-05-17T03:46:18.142Z] OrderImport: found 0 file(s)
OrderImport: nothing to do.

> eform@1.0.0 import:orders
> node scripts/runOrderImport.js

[2026-05-17T03:46:48.792Z] OrderImport: found 0 file(s)
OrderImport: nothing to do.

> eform@1.0.0 import:orders
> node scripts/runOrderImport.js

[2026-05-17T03:47:19.440Z] OrderImport: found 0 file(s)
OrderImport: nothing to do.

> eform@1.0.0 import:orders
> node scripts/runOrderImport.js

[2026-05-17T03:47:50.099Z] OrderImport: found 0 file(s)
OrderImport: nothing to do.

> eform@1.0.0 import:orders
> node scripts/runOrderImport.js

[2026-05-17T03:48:20.808Z] OrderImport: found 0 file(s)
OrderImport: nothing to do.

> eform@1.0.0 import:orders
> node scripts/runOrderImport.js

[2026-05-17T03:48:51.454Z] OrderImport: found 0 file(s)
OrderImport: nothing to do.

> eform@1.0.0 import:orders
> node scripts/runOrderImport.js

[2026-05-17T03:49:22.116Z] OrderImport: found 0 file(s)
OrderImport: nothing to do.

> eform@1.0.0 import:orders
> node scripts/runOrderImport.js

[2026-05-17T03:49:52.777Z] OrderImport: found 0 file(s)
OrderImport: nothing to do.

> eform@1.0.0 import:orders
> node scripts/runOrderImport.js

[2026-05-17T03:50:23.448Z] OrderImport: found 0 file(s)
OrderImport: nothing to do.

> eform@1.0.0 import:orders
> node scripts/runOrderImport.js

[2026-05-17T03:50:54.090Z] OrderImport: found 0 file(s)
OrderImport: nothing to do.

> eform@1.0.0 import:orders
> node scripts/runOrderImport.js

[2026-05-17T03:51:24.735Z] OrderImport: found 0 file(s)
OrderImport: nothing to do.

> eform@1.0.0 import:orders
> node scripts/runOrderImport.js

[2026-05-17T03:51:55.382Z] OrderImport: found 0 file(s)
OrderImport: nothing to do.

> eform@1.0.0 import:orders
> node scripts/runOrderImport.js

[2026-05-17T03:52:26.044Z] OrderImport: found 0 file(s)
OrderImport: nothing to do.

> eform@1.0.0 import:orders
> node scripts/runOrderImport.js

[2026-05-17T03:52:56.692Z] OrderImport: found 0 file(s)
OrderImport: nothing to do.

> eform@1.0.0 import:orders
> node scripts/runOrderImport.js

[2026-05-17T03:53:27.335Z] OrderImport: found 0 file(s)
OrderImport: nothing to do.

> eform@1.0.0 import:orders
> node scripts/runOrderImport.js

[2026-05-17T03:53:58.005Z] OrderImport: found 0 file(s)
OrderImport: nothing to do.

> eform@1.0.0 import:orders
> node scripts/runOrderImport.js

[2026-05-17T03:54:28.655Z] OrderImport: found 0 file(s)
OrderImport: nothing to do.

> eform@1.0.0 import:orders
> node scripts/runOrderImport.js

[2026-05-17T03:54:59.326Z] OrderImport: found 0 file(s)
OrderImport: nothing to do.

> eform@1.0.0 import:orders
> node scripts/runOrderImport.js

[2026-05-17T03:55:29.983Z] OrderImport: found 0 file(s)
OrderImport: nothing to do.

> eform@1.0.0 import:orders
> node scripts/runOrderImport.js

[2026-05-17T03:56:00.612Z] OrderImport: found 0 file(s)
OrderImport: nothing to do.

> eform@1.0.0 import:orders
> node scripts/runOrderImport.js

[2026-05-17T03:56:31.280Z] OrderImport: found 0 file(s)
OrderImport: nothing to do.

> eform@1.0.0 import:orders
> node scripts/runOrderImport.js

[2026-05-17T03:57:01.950Z] OrderImport: found 0 file(s)
OrderImport: nothing to do.

> eform@1.0.0 import:orders
> node scripts/runOrderImport.js

[2026-05-17T03:57:32.595Z] OrderImport: found 0 file(s)
OrderImport: nothing to do.

> eform@1.0.0 import:orders
> node scripts/runOrderImport.js

[2026-05-17T03:58:03.230Z] OrderImport: found 0 file(s)
OrderImport: nothing to do.

> eform@1.0.0 import:orders
> node scripts/runOrderImport.js

[2026-05-17T03:58:33.870Z] OrderImport: found 0 file(s)
OrderImport: nothing to do.

> eform@1.0.0 import:orders
> node scripts/runOrderImport.js

[2026-05-17T03:59:04.513Z] OrderImport: found 0 file(s)
OrderImport: nothing to do.

> eform@1.0.0 import:orders
> node scripts/runOrderImport.js

[2026-05-17T03:59:35.182Z] OrderImport: found 0 file(s)
OrderImport: nothing to do.

> eform@1.0.0 import:orders
> node scripts/runOrderImport.js

[2026-05-17T04:00:05.902Z] OrderImport: found 0 file(s)
OrderImport: nothing to do.

> eform@1.0.0 import:orders
> node scripts/runOrderImport.js

[2026-05-17T04:00:36.571Z] OrderImport: found 0 file(s)
OrderImport: nothing to do.

> eform@1.0.0 import:orders
> node scripts/runOrderImport.js

[2026-05-17T04:01:07.232Z] OrderImport: found 0 file(s)
OrderImport: nothing to do.

> eform@1.0.0 import:orders
> node scripts/runOrderImport.js

[2026-05-17T04:01:37.894Z] OrderImport: found 0 file(s)
OrderImport: nothing to do.

> eform@1.0.0 import:orders
> node scripts/runOrderImport.js

[2026-05-17T04:02:08.526Z] OrderImport: found 0 file(s)
OrderImport: nothing to do.

> eform@1.0.0 import:orders
> node scripts/runOrderImport.js

[2026-05-17T04:02:39.180Z] OrderImport: found 0 file(s)
OrderImport: nothing to do.

> eform@1.0.0 import:orders
> node scripts/runOrderImport.js

[2026-05-17T04:03:09.850Z] OrderImport: found 0 file(s)
OrderImport: nothing to do.

> eform@1.0.0 import:orders
> node scripts/runOrderImport.js

[2026-05-17T04:03:40.557Z] OrderImport: found 0 file(s)
OrderImport: nothing to do.

> eform@1.0.0 import:orders
> node scripts/runOrderImport.js

[2026-05-17T04:04:11.241Z] OrderImport: found 0 file(s)
OrderImport: nothing to do.

> eform@1.0.0 import:orders
> node scripts/runOrderImport.js

[2026-05-17T04:04:41.897Z] OrderImport: found 0 file(s)
OrderImport: nothing to do.

> eform@1.0.0 import:orders
> node scripts/runOrderImport.js

[2026-05-17T04:05:12.542Z] OrderImport: found 0 file(s)
OrderImport: nothing to do.

> eform@1.0.0 import:orders
> node scripts/runOrderImport.js

[2026-05-17T04:05:43.197Z] OrderImport: found 0 file(s)
OrderImport: nothing to do.

> eform@1.0.0 import:orders
> node scripts/runOrderImport.js

[2026-05-17T04:06:13.843Z] OrderImport: found 0 file(s)
OrderImport: nothing to do.

> eform@1.0.0 import:orders
> node scripts/runOrderImport.js

[2026-05-17T04:06:44.493Z] OrderImport: found 0 file(s)
OrderImport: nothing to do.

> eform@1.0.0 import:orders
> node scripts/runOrderImport.js

[2026-05-17T04:07:15.125Z] OrderImport: found 0 file(s)
OrderImport: nothing to do.

> eform@1.0.0 import:orders
> node scripts/runOrderImport.js

[2026-05-17T04:07:45.792Z] OrderImport: found 0 file(s)
OrderImport: nothing to do.

> eform@1.0.0 import:orders
> node scripts/runOrderImport.js

[2026-05-17T04:08:16.439Z] OrderImport: found 0 file(s)
OrderImport: nothing to do.

> eform@1.0.0 import:orders
> node scripts/runOrderImport.js

[2026-05-17T04:08:47.091Z] OrderImport: found 0 file(s)
OrderImport: nothing to do.

> eform@1.0.0 import:orders
> node scripts/runOrderImport.js

[2026-05-17T04:09:17.779Z] OrderImport: found 0 file(s)
OrderImport: nothing to do.

> eform@1.0.0 import:orders
> node scripts/runOrderImport.js

[2026-05-17T04:09:48.441Z] OrderImport: found 0 file(s)
OrderImport: nothing to do.

> eform@1.0.0 import:orders
> node scripts/runOrderImport.js

[2026-05-17T04:10:19.093Z] OrderImport: found 0 file(s)
OrderImport: nothing to do.

> eform@1.0.0 import:orders
> node scripts/runOrderImport.js

[2026-05-17T04:10:49.740Z] OrderImport: found 0 file(s)
OrderImport: nothing to do.

> eform@1.0.0 import:orders
> node scripts/runOrderImport.js

[2026-05-17T04:11:20.406Z] OrderImport: found 0 file(s)
OrderImport: nothing to do.

> eform@1.0.0 import:orders
> node scripts/runOrderImport.js

[2026-05-17T04:11:51.085Z] OrderImport: found 0 file(s)
OrderImport: nothing to do.

> eform@1.0.0 import:orders
> node scripts/runOrderImport.js

[2026-05-17T04:12:21.723Z] OrderImport: found 0 file(s)
OrderImport: nothing to do.

> eform@1.0.0 import:orders
> node scripts/runOrderImport.js

[2026-05-17T04:12:52.355Z] OrderImport: found 0 file(s)
OrderImport: nothing to do.

> eform@1.0.0 import:orders
> node scripts/runOrderImport.js

[2026-05-17T04:13:23.021Z] OrderImport: found 0 file(s)
OrderImport: nothing to do.

> eform@1.0.0 import:orders
> node scripts/runOrderImport.js

[2026-05-17T04:13:53.656Z] OrderImport: found 0 file(s)
OrderImport: nothing to do.

> eform@1.0.0 import:orders
> node scripts/runOrderImport.js

[2026-05-17T04:14:24.304Z] OrderImport: found 0 file(s)
OrderImport: nothing to do.

> eform@1.0.0 import:orders
> node scripts/runOrderImport.js

[2026-05-17T04:14:54.951Z] OrderImport: found 0 file(s)
OrderImport: nothing to do.

> eform@1.0.0 import:orders
> node scripts/runOrderImport.js

[2026-05-17T04:15:25.613Z] OrderImport: found 0 file(s)
OrderImport: nothing to do.

> eform@1.0.0 import:orders
> node scripts/runOrderImport.js

[2026-05-17T04:15:56.270Z] OrderImport: found 0 file(s)
OrderImport: nothing to do.

> eform@1.0.0 import:orders
> node scripts/runOrderImport.js

[2026-05-17T04:16:26.917Z] OrderImport: found 0 file(s)
OrderImport: nothing to do.

> eform@1.0.0 import:orders
> node scripts/runOrderImport.js

[2026-05-17T04:16:57.594Z] OrderImport: found 0 file(s)
OrderImport: nothing to do.

> eform@1.0.0 import:orders
> node scripts/runOrderImport.js

[2026-05-17T04:17:28.250Z] OrderImport: found 0 file(s)
OrderImport: nothing to do.

> eform@1.0.0 import:orders
> node scripts/runOrderImport.js

[2026-05-17T04:17:58.931Z] OrderImport: found 0 file(s)
OrderImport: nothing to do.

> eform@1.0.0 import:orders
> node scripts/runOrderImport.js

[2026-05-17T04:18:29.580Z] OrderImport: found 0 file(s)
OrderImport: nothing to do.

> eform@1.0.0 import:orders
> node scripts/runOrderImport.js

[2026-05-17T04:19:00.216Z] OrderImport: found 0 file(s)
OrderImport: nothing to do.

> eform@1.0.0 import:orders
> node scripts/runOrderImport.js

[2026-05-17T04:19:30.846Z] OrderImport: found 0 file(s)
OrderImport: nothing to do.

> eform@1.0.0 import:orders
> node scripts/runOrderImport.js

[2026-05-17T04:20:01.482Z] OrderImport: found 0 file(s)
OrderImport: nothing to do.

> eform@1.0.0 import:orders
> node scripts/runOrderImport.js

[2026-05-17T04:20:32.133Z] OrderImport: found 0 file(s)
OrderImport: nothing to do.

> eform@1.0.0 import:orders
> node scripts/runOrderImport.js

[2026-05-17T04:21:02.771Z] OrderImport: found 0 file(s)
OrderImport: nothing to do.

> eform@1.0.0 import:orders
> node scripts/runOrderImport.js

[2026-05-17T04:21:33.445Z] OrderImport: found 0 file(s)
OrderImport: nothing to do.

> eform@1.0.0 import:orders
> node scripts/runOrderImport.js

[2026-05-17T04:22:04.097Z] OrderImport: found 0 file(s)
OrderImport: nothing to do.

> eform@1.0.0 import:orders
> node scripts/runOrderImport.js

[2026-05-17T04:22:34.831Z] OrderImport: found 0 file(s)
OrderImport: nothing to do.

> eform@1.0.0 import:orders
> node scripts/runOrderImport.js

[2026-05-17T04:23:05.466Z] OrderImport: found 0 file(s)
OrderImport: nothing to do.

> eform@1.0.0 import:orders
> node scripts/runOrderImport.js

[2026-05-17T04:23:36.114Z] OrderImport: found 0 file(s)
OrderImport: nothing to do.

> eform@1.0.0 import:orders
> node scripts/runOrderImport.js

[2026-05-17T04:24:06.771Z] OrderImport: found 0 file(s)
OrderImport: nothing to do.

> eform@1.0.0 import:orders
> node scripts/runOrderImport.js

[2026-05-17T04:24:37.417Z] OrderImport: found 0 file(s)
OrderImport: nothing to do.

> eform@1.0.0 import:orders
> node scripts/runOrderImport.js

[2026-05-17T04:25:08.097Z] OrderImport: found 0 file(s)
OrderImport: nothing to do.

> eform@1.0.0 import:orders
> node scripts/runOrderImport.js

[2026-05-17T04:25:38.734Z] OrderImport: found 0 file(s)
OrderImport: nothing to do.

> eform@1.0.0 import:orders
> node scripts/runOrderImport.js

[2026-05-17T04:26:09.392Z] OrderImport: found 0 file(s)
OrderImport: nothing to do.

> eform@1.0.0 import:orders
> node scripts/runOrderImport.js

[2026-05-17T04:26:40.064Z] OrderImport: found 0 file(s)
OrderImport: nothing to do.

> eform@1.0.0 import:orders
> node scripts/runOrderImport.js

[2026-05-17T04:27:10.710Z] OrderImport: found 0 file(s)
OrderImport: nothing to do.

> eform@1.0.0 import:orders
> node scripts/runOrderImport.js

[2026-05-17T04:27:41.376Z] OrderImport: found 0 file(s)
OrderImport: nothing to do.

> eform@1.0.0 import:orders
> node scripts/runOrderImport.js

[2026-05-17T04:28:12.044Z] OrderImport: found 0 file(s)
OrderImport: nothing to do.

> eform@1.0.0 import:orders
> node scripts/runOrderImport.js

[2026-05-17T04:28:42.701Z] OrderImport: found 0 file(s)
OrderImport: nothing to do.

> eform@1.0.0 import:orders
> node scripts/runOrderImport.js

[2026-05-17T04:29:13.420Z] OrderImport: found 0 file(s)
OrderImport: nothing to do.

> eform@1.0.0 import:orders
> node scripts/runOrderImport.js

[2026-05-17T04:29:44.068Z] OrderImport: found 0 file(s)
OrderImport: nothing to do.

> eform@1.0.0 import:orders
> node scripts/runOrderImport.js

[2026-05-17T04:30:14.720Z] OrderImport: found 0 file(s)
OrderImport: nothing to do.

> eform@1.0.0 import:orders
> node scripts/runOrderImport.js

[2026-05-17T04:30:45.373Z] OrderImport: found 0 file(s)
OrderImport: nothing to do.

> eform@1.0.0 import:orders
> node scripts/runOrderImport.js

[2026-05-17T04:31:16.023Z] OrderImport: found 0 file(s)
OrderImport: nothing to do.

> eform@1.0.0 import:orders
> node scripts/runOrderImport.js

[2026-05-17T04:31:46.695Z] OrderImport: found 0 file(s)
OrderImport: nothing to do.

> eform@1.0.0 import:orders
> node scripts/runOrderImport.js

[2026-05-17T04:32:17.356Z] OrderImport: found 0 file(s)
OrderImport: nothing to do.

> eform@1.0.0 import:orders
> node scripts/runOrderImport.js

[2026-05-17T04:32:47.987Z] OrderImport: found 0 file(s)
OrderImport: nothing to do.

> eform@1.0.0 import:orders
> node scripts/runOrderImport.js

[2026-05-17T04:33:18.643Z] OrderImport: found 0 file(s)
OrderImport: nothing to do.

> eform@1.0.0 import:orders
> node scripts/runOrderImport.js

[2026-05-17T04:33:49.293Z] OrderImport: found 0 file(s)
OrderImport: nothing to do.

> eform@1.0.0 import:orders
> node scripts/runOrderImport.js

[2026-05-17T04:34:19.988Z] OrderImport: found 0 file(s)
OrderImport: nothing to do.

> eform@1.0.0 import:orders
> node scripts/runOrderImport.js

[2026-05-17T04:34:50.632Z] OrderImport: found 0 file(s)
OrderImport: nothing to do.

> eform@1.0.0 import:orders
> node scripts/runOrderImport.js

[2026-05-17T04:35:21.325Z] OrderImport: found 0 file(s)
OrderImport: nothing to do.

> eform@1.0.0 import:orders
> node scripts/runOrderImport.js

[2026-05-17T04:35:51.971Z] OrderImport: found 0 file(s)
OrderImport: nothing to do.

> eform@1.0.0 import:orders
> node scripts/runOrderImport.js

[2026-05-17T04:36:22.645Z] OrderImport: found 0 file(s)
OrderImport: nothing to do.

> eform@1.0.0 import:orders
> node scripts/runOrderImport.js

[2026-05-17T04:36:53.334Z] OrderImport: found 0 file(s)
OrderImport: nothing to do.

> eform@1.0.0 import:orders
> node scripts/runOrderImport.js

[2026-05-17T04:37:23.963Z] OrderImport: found 0 file(s)
OrderImport: nothing to do.

> eform@1.0.0 import:orders
> node scripts/runOrderImport.js

[2026-05-17T04:37:54.620Z] OrderImport: found 0 file(s)
OrderImport: nothing to do.

> eform@1.0.0 import:orders
> node scripts/runOrderImport.js

[2026-05-17T04:38:25.244Z] OrderImport: found 0 file(s)
OrderImport: nothing to do.

> eform@1.0.0 import:orders
> node scripts/runOrderImport.js

[2026-05-17T04:38:55.901Z] OrderImport: found 0 file(s)
OrderImport: nothing to do.

> eform@1.0.0 import:orders
> node scripts/runOrderImport.js

[2026-05-17T04:39:26.569Z] OrderImport: found 0 file(s)
OrderImport: nothing to do.

> eform@1.0.0 import:orders
> node scripts/runOrderImport.js

[2026-05-17T04:39:57.208Z] OrderImport: found 0 file(s)
OrderImport: nothing to do.

> eform@1.0.0 import:orders
> node scripts/runOrderImport.js

[2026-05-17T04:40:27.838Z] OrderImport: found 0 file(s)
OrderImport: nothing to do.

> eform@1.0.0 import:orders
> node scripts/runOrderImport.js

[2026-05-17T04:40:58.489Z] OrderImport: found 0 file(s)
OrderImport: nothing to do.

> eform@1.0.0 import:orders
> node scripts/runOrderImport.js

[2026-05-17T04:41:29.162Z] OrderImport: found 0 file(s)
OrderImport: nothing to do.

> eform@1.0.0 import:orders
> node scripts/runOrderImport.js

[2026-05-17T04:41:59.805Z] OrderImport: found 0 file(s)
OrderImport: nothing to do.

> eform@1.0.0 import:orders
> node scripts/runOrderImport.js

[2026-05-17T04:42:30.438Z] OrderImport: found 0 file(s)
OrderImport: nothing to do.

> eform@1.0.0 import:orders
> node scripts/runOrderImport.js

[2026-05-17T04:43:01.143Z] OrderImport: found 0 file(s)
OrderImport: nothing to do.

> eform@1.0.0 import:orders
> node scripts/runOrderImport.js

[2026-05-17T04:43:31.817Z] OrderImport: found 0 file(s)
OrderImport: nothing to do.

> eform@1.0.0 import:orders
> node scripts/runOrderImport.js

[2026-05-17T04:44:02.469Z] OrderImport: found 0 file(s)
OrderImport: nothing to do.

> eform@1.0.0 import:orders
> node scripts/runOrderImport.js

[2026-05-17T04:44:33.128Z] OrderImport: found 0 file(s)
OrderImport: nothing to do.

> eform@1.0.0 import:orders
> node scripts/runOrderImport.js

[2026-05-17T04:45:03.876Z] OrderImport: found 0 file(s)
OrderImport: nothing to do.

> eform@1.0.0 import:orders
> node scripts/runOrderImport.js

[2026-05-17T04:45:34.566Z] OrderImport: found 0 file(s)
OrderImport: nothing to do.

> eform@1.0.0 import:orders
> node scripts/runOrderImport.js

[2026-05-17T04:46:05.210Z] OrderImport: found 0 file(s)
OrderImport: nothing to do.

> eform@1.0.0 import:orders
> node scripts/runOrderImport.js

[2026-05-17T04:46:35.849Z] OrderImport: found 0 file(s)
OrderImport: nothing to do.

> eform@1.0.0 import:orders
> node scripts/runOrderImport.js

[2026-05-17T04:47:06.484Z] OrderImport: found 0 file(s)
OrderImport: nothing to do.

> eform@1.0.0 import:orders
> node scripts/runOrderImport.js

[2026-05-17T04:47:37.139Z] OrderImport: found 0 file(s)
OrderImport: nothing to do.

> eform@1.0.0 import:orders
> node scripts/runOrderImport.js

[2026-05-17T04:48:07.822Z] OrderImport: found 0 file(s)
OrderImport: nothing to do.

> eform@1.0.0 import:orders
> node scripts/runOrderImport.js

[2026-05-17T04:48:38.450Z] OrderImport: found 0 file(s)
OrderImport: nothing to do.

> eform@1.0.0 import:orders
> node scripts/runOrderImport.js

[2026-05-17T04:49:09.083Z] OrderImport: found 0 file(s)
OrderImport: nothing to do.

> eform@1.0.0 import:orders
> node scripts/runOrderImport.js

[2026-05-17T04:49:39.750Z] OrderImport: found 0 file(s)
OrderImport: nothing to do.

> eform@1.0.0 import:orders
> node scripts/runOrderImport.js

[2026-05-17T04:50:10.397Z] OrderImport: found 0 file(s)
OrderImport: nothing to do.

> eform@1.0.0 import:orders
> node scripts/runOrderImport.js

[2026-05-17T04:50:41.037Z] OrderImport: found 0 file(s)
OrderImport: nothing to do.

> eform@1.0.0 import:orders
> node scripts/runOrderImport.js

[2026-05-17T04:51:11.703Z] OrderImport: found 0 file(s)
OrderImport: nothing to do.

> eform@1.0.0 import:orders
> node scripts/runOrderImport.js

[2026-05-17T04:51:42.330Z] OrderImport: found 0 file(s)
OrderImport: nothing to do.

> eform@1.0.0 import:orders
> node scripts/runOrderImport.js

[2026-05-17T04:52:12.990Z] OrderImport: found 0 file(s)
OrderImport: nothing to do.

> eform@1.0.0 import:orders
> node scripts/runOrderImport.js

[2026-05-17T04:52:43.629Z] OrderImport: found 0 file(s)
OrderImport: nothing to do.

> eform@1.0.0 import:orders
> node scripts/runOrderImport.js

[2026-05-17T04:53:14.251Z] OrderImport: found 0 file(s)
OrderImport: nothing to do.

> eform@1.0.0 import:orders
> node scripts/runOrderImport.js

[2026-05-17T04:53:44.909Z] OrderImport: found 0 file(s)
OrderImport: nothing to do.

> eform@1.0.0 import:orders
> node scripts/runOrderImport.js

[2026-05-17T04:54:15.539Z] OrderImport: found 0 file(s)
OrderImport: nothing to do.

> eform@1.0.0 import:orders
> node scripts/runOrderImport.js

[2026-05-17T04:54:46.194Z] OrderImport: found 0 file(s)
OrderImport: nothing to do.

> eform@1.0.0 import:orders
> node scripts/runOrderImport.js

[2026-05-17T04:55:16.822Z] OrderImport: found 0 file(s)
OrderImport: nothing to do.

> eform@1.0.0 import:orders
> node scripts/runOrderImport.js

[2026-05-17T04:55:47.468Z] OrderImport: found 0 file(s)
OrderImport: nothing to do.

> eform@1.0.0 import:orders
> node scripts/runOrderImport.js

[2026-05-17T04:56:18.119Z] OrderImport: found 0 file(s)
OrderImport: nothing to do.

> eform@1.0.0 import:orders
> node scripts/runOrderImport.js

[2026-05-17T04:56:48.783Z] OrderImport: found 0 file(s)
OrderImport: nothing to do.

> eform@1.0.0 import:orders
> node scripts/runOrderImport.js

[2026-05-17T04:57:19.428Z] OrderImport: found 0 file(s)
OrderImport: nothing to do.

> eform@1.0.0 import:orders
> node scripts/runOrderImport.js

[2026-05-17T04:57:50.082Z] OrderImport: found 0 file(s)
OrderImport: nothing to do.

> eform@1.0.0 import:orders
> node scripts/runOrderImport.js

[2026-05-17T04:58:20.704Z] OrderImport: found 0 file(s)
OrderImport: nothing to do.

> eform@1.0.0 import:orders
> node scripts/runOrderImport.js

[2026-05-17T04:58:51.377Z] OrderImport: found 0 file(s)
OrderImport: nothing to do.

> eform@1.0.0 import:orders
> node scripts/runOrderImport.js

[2026-05-17T04:59:22.066Z] OrderImport: found 0 file(s)
OrderImport: nothing to do.

> eform@1.0.0 import:orders
> node scripts/runOrderImport.js

[2026-05-17T04:59:52.743Z] OrderImport: found 0 file(s)
OrderImport: nothing to do.

> eform@1.0.0 import:orders
> node scripts/runOrderImport.js

[2026-05-17T05:00:23.438Z] OrderImport: found 0 file(s)
OrderImport: nothing to do.

> eform@1.0.0 import:orders
> node scripts/runOrderImport.js

[2026-05-17T05:00:54.095Z] OrderImport: found 0 file(s)
OrderImport: nothing to do.

> eform@1.0.0 import:orders
> node scripts/runOrderImport.js

[2026-05-17T05:01:24.773Z] OrderImport: found 0 file(s)
OrderImport: nothing to do.

> eform@1.0.0 import:orders
> node scripts/runOrderImport.js

[2026-05-17T05:01:55.420Z] OrderImport: found 0 file(s)
OrderImport: nothing to do.

> eform@1.0.0 import:orders
> node scripts/runOrderImport.js

[2026-05-17T05:02:26.089Z] OrderImport: found 0 file(s)
OrderImport: nothing to do.

> eform@1.0.0 import:orders
> node scripts/runOrderImport.js

[2026-05-17T05:02:56.744Z] OrderImport: found 0 file(s)
OrderImport: nothing to do.

> eform@1.0.0 import:orders
> node scripts/runOrderImport.js

[2026-05-17T05:03:27.417Z] OrderImport: found 0 file(s)
OrderImport: nothing to do.

> eform@1.0.0 import:orders
> node scripts/runOrderImport.js

[2026-05-17T05:03:58.061Z] OrderImport: found 0 file(s)
OrderImport: nothing to do.

> eform@1.0.0 import:orders
> node scripts/runOrderImport.js

[2026-05-17T05:04:28.730Z] OrderImport: found 0 file(s)
OrderImport: nothing to do.

> eform@1.0.0 import:orders
> node scripts/runOrderImport.js

[2026-05-17T05:04:59.357Z] OrderImport: found 0 file(s)
OrderImport: nothing to do.

> eform@1.0.0 import:orders
> node scripts/runOrderImport.js

[2026-05-17T05:05:30.028Z] OrderImport: found 0 file(s)
OrderImport: nothing to do.

> eform@1.0.0 import:orders
> node scripts/runOrderImport.js

[2026-05-17T05:06:00.720Z] OrderImport: found 0 file(s)
OrderImport: nothing to do.

> eform@1.0.0 import:orders
> node scripts/runOrderImport.js

[2026-05-17T05:06:31.383Z] OrderImport: found 0 file(s)
OrderImport: nothing to do.

> eform@1.0.0 import:orders
> node scripts/runOrderImport.js

[2026-05-17T05:07:02.076Z] OrderImport: found 0 file(s)
OrderImport: nothing to do.

> eform@1.0.0 import:orders
> node scripts/runOrderImport.js

[2026-05-17T05:07:32.749Z] OrderImport: found 0 file(s)
OrderImport: nothing to do.

> eform@1.0.0 import:orders
> node scripts/runOrderImport.js

[2026-05-17T05:08:03.404Z] OrderImport: found 0 file(s)
OrderImport: nothing to do.

> eform@1.0.0 import:orders
> node scripts/runOrderImport.js

[2026-05-17T05:08:34.082Z] OrderImport: found 0 file(s)
OrderImport: nothing to do.

> eform@1.0.0 import:orders
> node scripts/runOrderImport.js

[2026-05-17T05:09:04.752Z] OrderImport: found 0 file(s)
OrderImport: nothing to do.

> eform@1.0.0 import:orders
> node scripts/runOrderImport.js

[2026-05-17T05:09:35.389Z] OrderImport: found 0 file(s)
OrderImport: nothing to do.

> eform@1.0.0 import:orders
> node scripts/runOrderImport.js

[2026-05-17T05:10:06.052Z] OrderImport: found 0 file(s)
OrderImport: nothing to do.

> eform@1.0.0 import:orders
> node scripts/runOrderImport.js

[2026-05-17T05:10:36.698Z] OrderImport: found 0 file(s)
OrderImport: nothing to do.

> eform@1.0.0 import:orders
> node scripts/runOrderImport.js

[2026-05-17T05:11:07.368Z] OrderImport: found 0 file(s)
OrderImport: nothing to do.

> eform@1.0.0 import:orders
> node scripts/runOrderImport.js

[2026-05-17T05:11:38.013Z] OrderImport: found 0 file(s)
OrderImport: nothing to do.

> eform@1.0.0 import:orders
> node scripts/runOrderImport.js

[2026-05-17T05:12:08.687Z] OrderImport: found 0 file(s)
OrderImport: nothing to do.

> eform@1.0.0 import:orders
> node scripts/runOrderImport.js

[2026-05-17T05:12:39.340Z] OrderImport: found 0 file(s)
OrderImport: nothing to do.

> eform@1.0.0 import:orders
> node scripts/runOrderImport.js

[2026-05-17T05:13:10.020Z] OrderImport: found 0 file(s)
OrderImport: nothing to do.

> eform@1.0.0 import:orders
> node scripts/runOrderImport.js

[2026-05-17T05:13:40.655Z] OrderImport: found 0 file(s)
OrderImport: nothing to do.

> eform@1.0.0 import:orders
> node scripts/runOrderImport.js

[2026-05-17T05:14:11.297Z] OrderImport: found 0 file(s)
OrderImport: nothing to do.

> eform@1.0.0 import:orders
> node scripts/runOrderImport.js

[2026-05-17T05:14:41.921Z] OrderImport: found 0 file(s)
OrderImport: nothing to do.

> eform@1.0.0 import:orders
> node scripts/runOrderImport.js

[2026-05-17T05:15:12.586Z] OrderImport: found 0 file(s)
OrderImport: nothing to do.

> eform@1.0.0 import:orders
> node scripts/runOrderImport.js

[2026-05-17T05:15:43.248Z] OrderImport: found 0 file(s)
OrderImport: nothing to do.

> eform@1.0.0 import:orders
> node scripts/runOrderImport.js

[2026-05-17T05:16:13.878Z] OrderImport: found 0 file(s)
OrderImport: nothing to do.

> eform@1.0.0 import:orders
> node scripts/runOrderImport.js

[2026-05-17T05:16:44.560Z] OrderImport: found 0 file(s)
OrderImport: nothing to do.

> eform@1.0.0 import:orders
> node scripts/runOrderImport.js

[2026-05-17T05:17:15.197Z] OrderImport: found 0 file(s)
OrderImport: nothing to do.

> eform@1.0.0 import:orders
> node scripts/runOrderImport.js

[2026-05-17T05:17:45.857Z] OrderImport: found 0 file(s)
OrderImport: nothing to do.

> eform@1.0.0 import:orders
> node scripts/runOrderImport.js

[2026-05-17T05:18:16.528Z] OrderImport: found 0 file(s)
OrderImport: nothing to do.

> eform@1.0.0 import:orders
> node scripts/runOrderImport.js

[2026-05-17T05:18:47.173Z] OrderImport: found 0 file(s)
OrderImport: nothing to do.

> eform@1.0.0 import:orders
> node scripts/runOrderImport.js

[2026-05-17T05:19:17.831Z] OrderImport: found 0 file(s)
OrderImport: nothing to do.

> eform@1.0.0 import:orders
> node scripts/runOrderImport.js

[2026-05-17T05:19:48.476Z] OrderImport: found 0 file(s)
OrderImport: nothing to do.

> eform@1.0.0 import:orders
> node scripts/runOrderImport.js

[2026-05-17T05:20:19.120Z] OrderImport: found 0 file(s)
OrderImport: nothing to do.

> eform@1.0.0 import:orders
> node scripts/runOrderImport.js

[2026-05-17T05:20:49.768Z] OrderImport: found 0 file(s)
OrderImport: nothing to do.

> eform@1.0.0 import:orders
> node scripts/runOrderImport.js

[2026-05-17T05:21:20.426Z] OrderImport: found 0 file(s)
OrderImport: nothing to do.

> eform@1.0.0 import:orders
> node scripts/runOrderImport.js

[2026-05-17T05:21:51.098Z] OrderImport: found 0 file(s)
OrderImport: nothing to do.

> eform@1.0.0 import:orders
> node scripts/runOrderImport.js

[2026-05-17T05:22:21.745Z] OrderImport: found 0 file(s)
OrderImport: nothing to do.

> eform@1.0.0 import:orders
> node scripts/runOrderImport.js

[2026-05-17T05:22:52.411Z] OrderImport: found 0 file(s)
OrderImport: nothing to do.

> eform@1.0.0 import:orders
> node scripts/runOrderImport.js

[2026-05-17T05:23:23.058Z] OrderImport: found 0 file(s)
OrderImport: nothing to do.

> eform@1.0.0 import:orders
> node scripts/runOrderImport.js

[2026-05-17T05:23:53.710Z] OrderImport: found 0 file(s)
OrderImport: nothing to do.

> eform@1.0.0 import:orders
> node scripts/runOrderImport.js

[2026-05-17T05:24:24.369Z] OrderImport: found 0 file(s)
OrderImport: nothing to do.

> eform@1.0.0 import:orders
> node scripts/runOrderImport.js

[2026-05-17T05:24:55.000Z] OrderImport: found 0 file(s)
OrderImport: nothing to do.

> eform@1.0.0 import:orders
> node scripts/runOrderImport.js

[2026-05-17T05:25:25.663Z] OrderImport: found 0 file(s)
OrderImport: nothing to do.

> eform@1.0.0 import:orders
> node scripts/runOrderImport.js

[2026-05-17T05:25:56.324Z] OrderImport: found 0 file(s)
OrderImport: nothing to do.

> eform@1.0.0 import:orders
> node scripts/runOrderImport.js

[2026-05-17T05:26:26.963Z] OrderImport: found 0 file(s)
OrderImport: nothing to do.

> eform@1.0.0 import:orders
> node scripts/runOrderImport.js

[2026-05-17T05:26:57.611Z] OrderImport: found 0 file(s)
OrderImport: nothing to do.

> eform@1.0.0 import:orders
> node scripts/runOrderImport.js

[2026-05-17T05:27:28.260Z] OrderImport: found 0 file(s)
OrderImport: nothing to do.

> eform@1.0.0 import:orders
> node scripts/runOrderImport.js

[2026-05-17T05:27:58.898Z] OrderImport: found 0 file(s)
OrderImport: nothing to do.

> eform@1.0.0 import:orders
> node scripts/runOrderImport.js

[2026-05-17T05:28:29.583Z] OrderImport: found 0 file(s)
OrderImport: nothing to do.

> eform@1.0.0 import:orders
> node scripts/runOrderImport.js

[2026-05-17T05:29:00.225Z] OrderImport: found 0 file(s)
OrderImport: nothing to do.

> eform@1.0.0 import:orders
> node scripts/runOrderImport.js

[2026-05-17T05:29:30.912Z] OrderImport: found 0 file(s)
OrderImport: nothing to do.

> eform@1.0.0 import:orders
> node scripts/runOrderImport.js

[2026-05-17T05:30:01.684Z] OrderImport: found 0 file(s)
OrderImport: nothing to do.

> eform@1.0.0 import:orders
> node scripts/runOrderImport.js

[2026-05-17T05:30:32.348Z] OrderImport: found 0 file(s)
OrderImport: nothing to do.

> eform@1.0.0 import:orders
> node scripts/runOrderImport.js

[2026-05-17T05:31:02.989Z] OrderImport: found 0 file(s)
OrderImport: nothing to do.

> eform@1.0.0 import:orders
> node scripts/runOrderImport.js

[2026-05-17T05:31:33.633Z] OrderImport: found 0 file(s)
OrderImport: nothing to do.

> eform@1.0.0 import:orders
> node scripts/runOrderImport.js

[2026-05-17T05:32:04.288Z] OrderImport: found 0 file(s)
OrderImport: nothing to do.

> eform@1.0.0 import:orders
> node scripts/runOrderImport.js

[2026-05-17T05:32:34.918Z] OrderImport: found 0 file(s)
OrderImport: nothing to do.

> eform@1.0.0 import:orders
> node scripts/runOrderImport.js

[2026-05-17T05:33:05.546Z] OrderImport: found 0 file(s)
OrderImport: nothing to do.

> eform@1.0.0 import:orders
> node scripts/runOrderImport.js

[2026-05-17T05:33:36.175Z] OrderImport: found 0 file(s)
OrderImport: nothing to do.

> eform@1.0.0 import:orders
> node scripts/runOrderImport.js

[2026-05-17T05:34:06.807Z] OrderImport: found 0 file(s)
OrderImport: nothing to do.

> eform@1.0.0 import:orders
> node scripts/runOrderImport.js

[2026-05-17T05:34:37.490Z] OrderImport: found 0 file(s)
OrderImport: nothing to do.

> eform@1.0.0 import:orders
> node scripts/runOrderImport.js

[2026-05-17T05:35:08.118Z] OrderImport: found 0 file(s)
OrderImport: nothing to do.

> eform@1.0.0 import:orders
> node scripts/runOrderImport.js

[2026-05-17T05:35:38.748Z] OrderImport: found 0 file(s)
OrderImport: nothing to do.

> eform@1.0.0 import:orders
> node scripts/runOrderImport.js

[2026-05-17T05:36:09.423Z] OrderImport: found 0 file(s)
OrderImport: nothing to do.

> eform@1.0.0 import:orders
> node scripts/runOrderImport.js

[2026-05-17T05:36:40.086Z] OrderImport: found 0 file(s)
OrderImport: nothing to do.

> eform@1.0.0 import:orders
> node scripts/runOrderImport.js

[2026-05-17T05:37:10.749Z] OrderImport: found 0 file(s)
OrderImport: nothing to do.

> eform@1.0.0 import:orders
> node scripts/runOrderImport.js

[2026-05-17T05:37:41.414Z] OrderImport: found 0 file(s)
OrderImport: nothing to do.

> eform@1.0.0 import:orders
> node scripts/runOrderImport.js

[2026-05-17T05:38:12.077Z] OrderImport: found 0 file(s)
OrderImport: nothing to do.

> eform@1.0.0 import:orders
> node scripts/runOrderImport.js

[2026-05-17T05:38:42.721Z] OrderImport: found 0 file(s)
OrderImport: nothing to do.

> eform@1.0.0 import:orders
> node scripts/runOrderImport.js

[2026-05-17T05:39:13.362Z] OrderImport: found 0 file(s)
OrderImport: nothing to do.

> eform@1.0.0 import:orders
> node scripts/runOrderImport.js

[2026-05-17T05:39:44.061Z] OrderImport: found 0 file(s)
OrderImport: nothing to do.

> eform@1.0.0 import:orders
> node scripts/runOrderImport.js

[2026-05-17T05:40:14.718Z] OrderImport: found 0 file(s)
OrderImport: nothing to do.

> eform@1.0.0 import:orders
> node scripts/runOrderImport.js

[2026-05-17T05:40:45.374Z] OrderImport: found 0 file(s)
OrderImport: nothing to do.

> eform@1.0.0 import:orders
> node scripts/runOrderImport.js

[2026-05-17T05:41:16.043Z] OrderImport: found 0 file(s)
OrderImport: nothing to do.

> eform@1.0.0 import:orders
> node scripts/runOrderImport.js

[2026-05-17T05:41:46.708Z] OrderImport: found 0 file(s)
OrderImport: nothing to do.

> eform@1.0.0 import:orders
> node scripts/runOrderImport.js

[2026-05-17T05:42:17.512Z] OrderImport: found 0 file(s)
OrderImport: nothing to do.

> eform@1.0.0 import:orders
> node scripts/runOrderImport.js

[2026-05-17T05:42:48.205Z] OrderImport: found 0 file(s)
OrderImport: nothing to do.

> eform@1.0.0 import:orders
> node scripts/runOrderImport.js

[2026-05-17T05:43:18.855Z] OrderImport: found 0 file(s)
OrderImport: nothing to do.

> eform@1.0.0 import:orders
> node scripts/runOrderImport.js

[2026-05-17T05:43:49.522Z] OrderImport: found 0 file(s)
OrderImport: nothing to do.

> eform@1.0.0 import:orders
> node scripts/runOrderImport.js

[2026-05-17T05:44:20.195Z] OrderImport: found 0 file(s)
OrderImport: nothing to do.

> eform@1.0.0 import:orders
> node scripts/runOrderImport.js

[2026-05-17T05:44:50.867Z] OrderImport: found 0 file(s)
OrderImport: nothing to do.

> eform@1.0.0 import:orders
> node scripts/runOrderImport.js

[2026-05-17T05:45:21.491Z] OrderImport: found 0 file(s)
OrderImport: nothing to do.

> eform@1.0.0 import:orders
> node scripts/runOrderImport.js

[2026-05-17T05:45:52.189Z] OrderImport: found 0 file(s)
OrderImport: nothing to do.

> eform@1.0.0 import:orders
> node scripts/runOrderImport.js

[2026-05-17T05:46:22.848Z] OrderImport: found 0 file(s)
OrderImport: nothing to do.

> eform@1.0.0 import:orders
> node scripts/runOrderImport.js

[2026-05-17T05:46:53.543Z] OrderImport: found 0 file(s)
OrderImport: nothing to do.

> eform@1.0.0 import:orders
> node scripts/runOrderImport.js

[2026-05-17T05:47:24.219Z] OrderImport: found 0 file(s)
OrderImport: nothing to do.

> eform@1.0.0 import:orders
> node scripts/runOrderImport.js

[2026-05-17T05:47:54.963Z] OrderImport: found 0 file(s)
OrderImport: nothing to do.

> eform@1.0.0 import:orders
> node scripts/runOrderImport.js

[2026-05-17T05:48:25.623Z] OrderImport: found 0 file(s)
OrderImport: nothing to do.

> eform@1.0.0 import:orders
> node scripts/runOrderImport.js

[2026-05-17T05:48:56.275Z] OrderImport: found 0 file(s)
OrderImport: nothing to do.

> eform@1.0.0 import:orders
> node scripts/runOrderImport.js

[2026-05-17T05:49:26.926Z] OrderImport: found 0 file(s)
OrderImport: nothing to do.

> eform@1.0.0 import:orders
> node scripts/runOrderImport.js

[2026-05-17T05:49:57.562Z] OrderImport: found 0 file(s)
OrderImport: nothing to do.

> eform@1.0.0 import:orders
> node scripts/runOrderImport.js

[2026-05-17T05:50:28.205Z] OrderImport: found 0 file(s)
OrderImport: nothing to do.

> eform@1.0.0 import:orders
> node scripts/runOrderImport.js

[2026-05-17T05:50:58.858Z] OrderImport: found 0 file(s)
OrderImport: nothing to do.

> eform@1.0.0 import:orders
> node scripts/runOrderImport.js

[2026-05-17T05:51:29.502Z] OrderImport: found 0 file(s)
OrderImport: nothing to do.

> eform@1.0.0 import:orders
> node scripts/runOrderImport.js

[2026-05-17T05:52:00.142Z] OrderImport: found 0 file(s)
OrderImport: nothing to do.

> eform@1.0.0 import:orders
> node scripts/runOrderImport.js

[2026-05-17T05:52:30.762Z] OrderImport: found 0 file(s)
OrderImport: nothing to do.

> eform@1.0.0 import:orders
> node scripts/runOrderImport.js

[2026-05-17T05:53:01.408Z] OrderImport: found 0 file(s)
OrderImport: nothing to do.

> eform@1.0.0 import:orders
> node scripts/runOrderImport.js

[2026-05-17T05:53:32.071Z] OrderImport: found 0 file(s)
OrderImport: nothing to do.

> eform@1.0.0 import:orders
> node scripts/runOrderImport.js

[2026-05-17T05:54:02.715Z] OrderImport: found 0 file(s)
OrderImport: nothing to do.

> eform@1.0.0 import:orders
> node scripts/runOrderImport.js

[2026-05-17T05:54:33.361Z] OrderImport: found 0 file(s)
OrderImport: nothing to do.

> eform@1.0.0 import:orders
> node scripts/runOrderImport.js

[2026-05-17T05:55:04.144Z] OrderImport: found 0 file(s)
OrderImport: nothing to do.

> eform@1.0.0 import:orders
> node scripts/runOrderImport.js

[2026-05-17T05:55:34.845Z] OrderImport: found 0 file(s)
OrderImport: nothing to do.

> eform@1.0.0 import:orders
> node scripts/runOrderImport.js

[2026-05-17T05:56:05.518Z] OrderImport: found 0 file(s)
OrderImport: nothing to do.

> eform@1.0.0 import:orders
> node scripts/runOrderImport.js

[2026-05-17T05:56:36.139Z] OrderImport: found 0 file(s)
OrderImport: nothing to do.

> eform@1.0.0 import:orders
> node scripts/runOrderImport.js

[2026-05-17T05:57:06.796Z] OrderImport: found 0 file(s)
OrderImport: nothing to do.

> eform@1.0.0 import:orders
> node scripts/runOrderImport.js

[2026-05-17T05:57:37.441Z] OrderImport: found 0 file(s)
OrderImport: nothing to do.

> eform@1.0.0 import:orders
> node scripts/runOrderImport.js

[2026-05-17T05:58:08.104Z] OrderImport: found 0 file(s)
OrderImport: nothing to do.

> eform@1.0.0 import:orders
> node scripts/runOrderImport.js

[2026-05-17T05:58:38.771Z] OrderImport: found 0 file(s)
OrderImport: nothing to do.

> eform@1.0.0 import:orders
> node scripts/runOrderImport.js

[2026-05-17T05:59:09.431Z] OrderImport: found 0 file(s)
OrderImport: nothing to do.

> eform@1.0.0 import:orders
> node scripts/runOrderImport.js

[2026-05-17T05:59:40.112Z] OrderImport: found 0 file(s)
OrderImport: nothing to do.

> eform@1.0.0 import:orders
> node scripts/runOrderImport.js

[2026-05-17T06:00:10.786Z] OrderImport: found 0 file(s)
OrderImport: nothing to do.

> eform@1.0.0 import:orders
> node scripts/runOrderImport.js

[2026-05-17T06:00:41.493Z] OrderImport: found 0 file(s)
OrderImport: nothing to do.

> eform@1.0.0 import:orders
> node scripts/runOrderImport.js

[2026-05-17T06:01:12.149Z] OrderImport: found 0 file(s)
OrderImport: nothing to do.

> eform@1.0.0 import:orders
> node scripts/runOrderImport.js

[2026-05-17T06:01:42.824Z] OrderImport: found 0 file(s)
OrderImport: nothing to do.

> eform@1.0.0 import:orders
> node scripts/runOrderImport.js

[2026-05-17T06:02:13.466Z] OrderImport: found 0 file(s)
OrderImport: nothing to do.

> eform@1.0.0 import:orders
> node scripts/runOrderImport.js

[2026-05-17T06:02:44.151Z] OrderImport: found 0 file(s)
OrderImport: nothing to do.

> eform@1.0.0 import:orders
> node scripts/runOrderImport.js

[2026-05-17T06:03:14.862Z] OrderImport: found 0 file(s)
OrderImport: nothing to do.

> eform@1.0.0 import:orders
> node scripts/runOrderImport.js

[2026-05-17T06:03:45.531Z] OrderImport: found 0 file(s)
OrderImport: nothing to do.

> eform@1.0.0 import:orders
> node scripts/runOrderImport.js

[2026-05-17T06:04:16.210Z] OrderImport: found 0 file(s)
OrderImport: nothing to do.

> eform@1.0.0 import:orders
> node scripts/runOrderImport.js

[2026-05-17T06:04:46.839Z] OrderImport: found 0 file(s)
OrderImport: nothing to do.

> eform@1.0.0 import:orders
> node scripts/runOrderImport.js

[2026-05-17T06:05:17.511Z] OrderImport: found 0 file(s)
OrderImport: nothing to do.

> eform@1.0.0 import:orders
> node scripts/runOrderImport.js

[2026-05-17T06:05:48.202Z] OrderImport: found 0 file(s)
OrderImport: nothing to do.

> eform@1.0.0 import:orders
> node scripts/runOrderImport.js

[2026-05-17T06:06:18.846Z] OrderImport: found 0 file(s)
OrderImport: nothing to do.

> eform@1.0.0 import:orders
> node scripts/runOrderImport.js

[2026-05-17T06:06:49.499Z] OrderImport: found 0 file(s)
OrderImport: nothing to do.

> eform@1.0.0 import:orders
> node scripts/runOrderImport.js

[2026-05-17T06:07:20.176Z] OrderImport: found 0 file(s)
OrderImport: nothing to do.

> eform@1.0.0 import:orders
> node scripts/runOrderImport.js

[2026-05-17T06:07:50.823Z] OrderImport: found 0 file(s)
OrderImport: nothing to do.

> eform@1.0.0 import:orders
> node scripts/runOrderImport.js

[2026-05-17T06:08:21.481Z] OrderImport: found 0 file(s)
OrderImport: nothing to do.

> eform@1.0.0 import:orders
> node scripts/runOrderImport.js

[2026-05-17T06:08:52.148Z] OrderImport: found 0 file(s)
OrderImport: nothing to do.

> eform@1.0.0 import:orders
> node scripts/runOrderImport.js

[2026-05-17T06:09:22.791Z] OrderImport: found 0 file(s)
OrderImport: nothing to do.

> eform@1.0.0 import:orders
> node scripts/runOrderImport.js

[2026-05-17T06:09:53.468Z] OrderImport: found 0 file(s)
OrderImport: nothing to do.

> eform@1.0.0 import:orders
> node scripts/runOrderImport.js

[2026-05-17T06:10:24.093Z] OrderImport: found 0 file(s)
OrderImport: nothing to do.

> eform@1.0.0 import:orders
> node scripts/runOrderImport.js

[2026-05-17T06:10:54.775Z] OrderImport: found 0 file(s)
OrderImport: nothing to do.

> eform@1.0.0 import:orders
> node scripts/runOrderImport.js

[2026-05-17T06:11:25.445Z] OrderImport: found 0 file(s)
OrderImport: nothing to do.

> eform@1.0.0 import:orders
> node scripts/runOrderImport.js

[2026-05-17T06:11:56.100Z] OrderImport: found 0 file(s)
OrderImport: nothing to do.

> eform@1.0.0 import:orders
> node scripts/runOrderImport.js

[2026-05-17T06:12:26.754Z] OrderImport: found 0 file(s)
OrderImport: nothing to do.

> eform@1.0.0 import:orders
> node scripts/runOrderImport.js

[2026-05-17T06:12:57.400Z] OrderImport: found 0 file(s)
OrderImport: nothing to do.

> eform@1.0.0 import:orders
> node scripts/runOrderImport.js

[2026-05-17T06:13:28.054Z] OrderImport: found 0 file(s)
OrderImport: nothing to do.

> eform@1.0.0 import:orders
> node scripts/runOrderImport.js

[2026-05-17T06:13:58.711Z] OrderImport: found 0 file(s)
OrderImport: nothing to do.

> eform@1.0.0 import:orders
> node scripts/runOrderImport.js

[2026-05-17T06:14:29.365Z] OrderImport: found 0 file(s)
OrderImport: nothing to do.

> eform@1.0.0 import:orders
> node scripts/runOrderImport.js

[2026-05-17T06:15:00.029Z] OrderImport: found 0 file(s)
OrderImport: nothing to do.

> eform@1.0.0 import:orders
> node scripts/runOrderImport.js

[2026-05-17T06:15:30.672Z] OrderImport: found 0 file(s)
OrderImport: nothing to do.

> eform@1.0.0 import:orders
> node scripts/runOrderImport.js

[2026-05-17T06:16:01.323Z] OrderImport: found 0 file(s)
OrderImport: nothing to do.

> eform@1.0.0 import:orders
> node scripts/runOrderImport.js

[2026-05-17T06:16:31.992Z] OrderImport: found 0 file(s)
OrderImport: nothing to do.

> eform@1.0.0 import:orders
> node scripts/runOrderImport.js

[2026-05-17T06:17:02.674Z] OrderImport: found 0 file(s)
OrderImport: nothing to do.

> eform@1.0.0 import:orders
> node scripts/runOrderImport.js

[2026-05-17T06:17:33.361Z] OrderImport: found 0 file(s)
OrderImport: nothing to do.

> eform@1.0.0 import:orders
> node scripts/runOrderImport.js

[2026-05-17T06:18:04.008Z] OrderImport: found 0 file(s)
OrderImport: nothing to do.

> eform@1.0.0 import:orders
> node scripts/runOrderImport.js

[2026-05-17T06:18:34.648Z] OrderImport: found 0 file(s)
OrderImport: nothing to do.

> eform@1.0.0 import:orders
> node scripts/runOrderImport.js

[2026-05-17T06:19:05.295Z] OrderImport: found 0 file(s)
OrderImport: nothing to do.

> eform@1.0.0 import:orders
> node scripts/runOrderImport.js

[2026-05-17T06:19:35.949Z] OrderImport: found 0 file(s)
OrderImport: nothing to do.

> eform@1.0.0 import:orders
> node scripts/runOrderImport.js

[2026-05-17T06:20:06.620Z] OrderImport: found 0 file(s)
OrderImport: nothing to do.

> eform@1.0.0 import:orders
> node scripts/runOrderImport.js

[2026-05-17T06:20:37.285Z] OrderImport: found 0 file(s)
OrderImport: nothing to do.

> eform@1.0.0 import:orders
> node scripts/runOrderImport.js

[2026-05-17T06:21:07.940Z] OrderImport: found 0 file(s)
OrderImport: nothing to do.

> eform@1.0.0 import:orders
> node scripts/runOrderImport.js

[2026-05-17T06:21:38.598Z] OrderImport: found 0 file(s)
OrderImport: nothing to do.

> eform@1.0.0 import:orders
> node scripts/runOrderImport.js

[2026-05-17T06:22:09.238Z] OrderImport: found 0 file(s)
OrderImport: nothing to do.

> eform@1.0.0 import:orders
> node scripts/runOrderImport.js

[2026-05-17T06:22:39.874Z] OrderImport: found 0 file(s)
OrderImport: nothing to do.

> eform@1.0.0 import:orders
> node scripts/runOrderImport.js

[2026-05-17T06:23:10.553Z] OrderImport: found 0 file(s)
OrderImport: nothing to do.

> eform@1.0.0 import:orders
> node scripts/runOrderImport.js

[2026-05-17T06:23:41.191Z] OrderImport: found 0 file(s)
OrderImport: nothing to do.

> eform@1.0.0 import:orders
> node scripts/runOrderImport.js

[2026-05-17T06:24:11.852Z] OrderImport: found 0 file(s)
OrderImport: nothing to do.

> eform@1.0.0 import:orders
> node scripts/runOrderImport.js

[2026-05-17T06:24:42.512Z] OrderImport: found 0 file(s)
OrderImport: nothing to do.

> eform@1.0.0 import:orders
> node scripts/runOrderImport.js

[2026-05-17T06:25:13.151Z] OrderImport: found 0 file(s)
OrderImport: nothing to do.

> eform@1.0.0 import:orders
> node scripts/runOrderImport.js

[2026-05-17T06:25:43.794Z] OrderImport: found 0 file(s)
OrderImport: nothing to do.

> eform@1.0.0 import:orders
> node scripts/runOrderImport.js

[2026-05-17T06:26:14.439Z] OrderImport: found 0 file(s)
OrderImport: nothing to do.

> eform@1.0.0 import:orders
> node scripts/runOrderImport.js

[2026-05-17T06:26:45.079Z] OrderImport: found 0 file(s)
OrderImport: nothing to do.

> eform@1.0.0 import:orders
> node scripts/runOrderImport.js

[2026-05-17T06:27:15.733Z] OrderImport: found 0 file(s)
OrderImport: nothing to do.

> eform@1.0.0 import:orders
> node scripts/runOrderImport.js

[2026-05-17T06:27:46.378Z] OrderImport: found 0 file(s)
OrderImport: nothing to do.

> eform@1.0.0 import:orders
> node scripts/runOrderImport.js

[2026-05-17T06:28:17.038Z] OrderImport: found 0 file(s)
OrderImport: nothing to do.

> eform@1.0.0 import:orders
> node scripts/runOrderImport.js

[2026-05-17T06:28:47.741Z] OrderImport: found 0 file(s)
OrderImport: nothing to do.

> eform@1.0.0 import:orders
> node scripts/runOrderImport.js

[2026-05-17T06:29:18.405Z] OrderImport: found 0 file(s)
OrderImport: nothing to do.

> eform@1.0.0 import:orders
> node scripts/runOrderImport.js

[2026-05-17T06:29:49.042Z] OrderImport: found 0 file(s)
OrderImport: nothing to do.

> eform@1.0.0 import:orders
> node scripts/runOrderImport.js

[2026-05-17T06:30:19.690Z] OrderImport: found 0 file(s)
OrderImport: nothing to do.

> eform@1.0.0 import:orders
> node scripts/runOrderImport.js

[2026-05-17T06:30:50.354Z] OrderImport: found 0 file(s)
OrderImport: nothing to do.

> eform@1.0.0 import:orders
> node scripts/runOrderImport.js

[2026-05-17T06:31:20.999Z] OrderImport: found 0 file(s)
OrderImport: nothing to do.

> eform@1.0.0 import:orders
> node scripts/runOrderImport.js

[2026-05-17T06:31:51.657Z] OrderImport: found 0 file(s)
OrderImport: nothing to do.

> eform@1.0.0 import:orders
> node scripts/runOrderImport.js

[2026-05-17T06:32:22.338Z] OrderImport: found 0 file(s)
OrderImport: nothing to do.

> eform@1.0.0 import:orders
> node scripts/runOrderImport.js

[2026-05-17T06:32:53.012Z] OrderImport: found 0 file(s)
OrderImport: nothing to do.

> eform@1.0.0 import:orders
> node scripts/runOrderImport.js

[2026-05-17T06:33:23.659Z] OrderImport: found 0 file(s)
OrderImport: nothing to do.

> eform@1.0.0 import:orders
> node scripts/runOrderImport.js

[2026-05-17T06:33:54.318Z] OrderImport: found 0 file(s)
OrderImport: nothing to do.

> eform@1.0.0 import:orders
> node scripts/runOrderImport.js

[2026-05-17T06:34:24.977Z] OrderImport: found 0 file(s)
OrderImport: nothing to do.

> eform@1.0.0 import:orders
> node scripts/runOrderImport.js

[2026-05-17T06:34:55.664Z] OrderImport: found 0 file(s)
OrderImport: nothing to do.

> eform@1.0.0 import:orders
> node scripts/runOrderImport.js

[2026-05-17T06:35:26.311Z] OrderImport: found 0 file(s)
OrderImport: nothing to do.

> eform@1.0.0 import:orders
> node scripts/runOrderImport.js

[2026-05-17T06:35:56.979Z] OrderImport: found 0 file(s)
OrderImport: nothing to do.

> eform@1.0.0 import:orders
> node scripts/runOrderImport.js

[2026-05-17T06:36:27.652Z] OrderImport: found 0 file(s)
OrderImport: nothing to do.

> eform@1.0.0 import:orders
> node scripts/runOrderImport.js

[2026-05-17T06:36:58.308Z] OrderImport: found 0 file(s)
OrderImport: nothing to do.

> eform@1.0.0 import:orders
> node scripts/runOrderImport.js

[2026-05-17T06:37:28.950Z] OrderImport: found 0 file(s)
OrderImport: nothing to do.

> eform@1.0.0 import:orders
> node scripts/runOrderImport.js

[2026-05-17T06:37:59.624Z] OrderImport: found 0 file(s)
OrderImport: nothing to do.

> eform@1.0.0 import:orders
> node scripts/runOrderImport.js

[2026-05-17T06:38:30.293Z] OrderImport: found 0 file(s)
OrderImport: nothing to do.

> eform@1.0.0 import:orders
> node scripts/runOrderImport.js

[2026-05-17T06:39:00.968Z] OrderImport: found 0 file(s)
OrderImport: nothing to do.

> eform@1.0.0 import:orders
> node scripts/runOrderImport.js

[2026-05-17T06:39:31.595Z] OrderImport: found 0 file(s)
OrderImport: nothing to do.

> eform@1.0.0 import:orders
> node scripts/runOrderImport.js

[2026-05-17T06:40:02.306Z] OrderImport: found 0 file(s)
OrderImport: nothing to do.

> eform@1.0.0 import:orders
> node scripts/runOrderImport.js

[2026-05-17T06:40:32.968Z] OrderImport: found 0 file(s)
OrderImport: nothing to do.

> eform@1.0.0 import:orders
> node scripts/runOrderImport.js

[2026-05-17T06:41:03.637Z] OrderImport: found 0 file(s)
OrderImport: nothing to do.

> eform@1.0.0 import:orders
> node scripts/runOrderImport.js

[2026-05-17T06:41:34.274Z] OrderImport: found 0 file(s)
OrderImport: nothing to do.

> eform@1.0.0 import:orders
> node scripts/runOrderImport.js

[2026-05-17T06:42:04.942Z] OrderImport: found 0 file(s)
OrderImport: nothing to do.

> eform@1.0.0 import:orders
> node scripts/runOrderImport.js

[2026-05-17T06:42:35.596Z] OrderImport: found 0 file(s)
OrderImport: nothing to do.

> eform@1.0.0 import:orders
> node scripts/runOrderImport.js

[2026-05-17T06:43:06.267Z] OrderImport: found 0 file(s)
OrderImport: nothing to do.

> eform@1.0.0 import:orders
> node scripts/runOrderImport.js

[2026-05-17T06:43:36.912Z] OrderImport: found 0 file(s)
OrderImport: nothing to do.

> eform@1.0.0 import:orders
> node scripts/runOrderImport.js

[2026-05-17T06:44:07.603Z] OrderImport: found 0 file(s)
OrderImport: nothing to do.

> eform@1.0.0 import:orders
> node scripts/runOrderImport.js

[2026-05-17T06:44:38.260Z] OrderImport: found 0 file(s)
OrderImport: nothing to do.

> eform@1.0.0 import:orders
> node scripts/runOrderImport.js

[2026-05-17T06:45:08.944Z] OrderImport: found 0 file(s)
OrderImport: nothing to do.

> eform@1.0.0 import:orders
> node scripts/runOrderImport.js

[2026-05-17T06:45:39.586Z] OrderImport: found 0 file(s)
OrderImport: nothing to do.

> eform@1.0.0 import:orders
> node scripts/runOrderImport.js

[2026-05-17T06:46:10.276Z] OrderImport: found 0 file(s)
OrderImport: nothing to do.

> eform@1.0.0 import:orders
> node scripts/runOrderImport.js

[2026-05-17T06:46:40.930Z] OrderImport: found 0 file(s)
OrderImport: nothing to do.

> eform@1.0.0 import:orders
> node scripts/runOrderImport.js

[2026-05-17T06:47:11.584Z] OrderImport: found 0 file(s)
OrderImport: nothing to do.

> eform@1.0.0 import:orders
> node scripts/runOrderImport.js

[2026-05-17T06:47:42.298Z] OrderImport: found 0 file(s)
OrderImport: nothing to do.

> eform@1.0.0 import:orders
> node scripts/runOrderImport.js

[2026-05-17T06:48:12.937Z] OrderImport: found 0 file(s)
OrderImport: nothing to do.

> eform@1.0.0 import:orders
> node scripts/runOrderImport.js

[2026-05-17T06:48:43.604Z] OrderImport: found 0 file(s)
OrderImport: nothing to do.

> eform@1.0.0 import:orders
> node scripts/runOrderImport.js

[2026-05-17T06:49:14.255Z] OrderImport: found 0 file(s)
OrderImport: nothing to do.

> eform@1.0.0 import:orders
> node scripts/runOrderImport.js

[2026-05-17T06:49:44.906Z] OrderImport: found 0 file(s)
OrderImport: nothing to do.

> eform@1.0.0 import:orders
> node scripts/runOrderImport.js

[2026-05-17T06:50:15.590Z] OrderImport: found 0 file(s)
OrderImport: nothing to do.

> eform@1.0.0 import:orders
> node scripts/runOrderImport.js

[2026-05-17T06:50:46.220Z] OrderImport: found 0 file(s)
OrderImport: nothing to do.

> eform@1.0.0 import:orders
> node scripts/runOrderImport.js

[2026-05-17T06:51:16.890Z] OrderImport: found 0 file(s)
OrderImport: nothing to do.

> eform@1.0.0 import:orders
> node scripts/runOrderImport.js

[2026-05-17T06:51:47.557Z] OrderImport: found 0 file(s)
OrderImport: nothing to do.

> eform@1.0.0 import:orders
> node scripts/runOrderImport.js

[2026-05-17T06:52:18.232Z] OrderImport: found 0 file(s)
OrderImport: nothing to do.

> eform@1.0.0 import:orders
> node scripts/runOrderImport.js

[2026-05-17T06:52:48.883Z] OrderImport: found 0 file(s)
OrderImport: nothing to do.

> eform@1.0.0 import:orders
> node scripts/runOrderImport.js

[2026-05-17T06:53:19.533Z] OrderImport: found 0 file(s)
OrderImport: nothing to do.

> eform@1.0.0 import:orders
> node scripts/runOrderImport.js

[2026-05-17T06:53:50.188Z] OrderImport: found 0 file(s)
OrderImport: nothing to do.

> eform@1.0.0 import:orders
> node scripts/runOrderImport.js

[2026-05-17T06:54:20.865Z] OrderImport: found 0 file(s)
OrderImport: nothing to do.

> eform@1.0.0 import:orders
> node scripts/runOrderImport.js

[2026-05-17T06:54:51.520Z] OrderImport: found 0 file(s)
OrderImport: nothing to do.

> eform@1.0.0 import:orders
> node scripts/runOrderImport.js

[2026-05-17T06:55:22.165Z] OrderImport: found 0 file(s)
OrderImport: nothing to do.

> eform@1.0.0 import:orders
> node scripts/runOrderImport.js

[2026-05-17T06:55:52.825Z] OrderImport: found 0 file(s)
OrderImport: nothing to do.

> eform@1.0.0 import:orders
> node scripts/runOrderImport.js

[2026-05-17T06:56:23.489Z] OrderImport: found 0 file(s)
OrderImport: nothing to do.

> eform@1.0.0 import:orders
> node scripts/runOrderImport.js

[2026-05-17T06:56:54.129Z] OrderImport: found 0 file(s)
OrderImport: nothing to do.

> eform@1.0.0 import:orders
> node scripts/runOrderImport.js

[2026-05-17T06:57:24.803Z] OrderImport: found 0 file(s)
OrderImport: nothing to do.

> eform@1.0.0 import:orders
> node scripts/runOrderImport.js

[2026-05-17T06:57:55.440Z] OrderImport: found 0 file(s)
OrderImport: nothing to do.

> eform@1.0.0 import:orders
> node scripts/runOrderImport.js

[2026-05-17T06:58:26.104Z] OrderImport: found 0 file(s)
OrderImport: nothing to do.

> eform@1.0.0 import:orders
> node scripts/runOrderImport.js

[2026-05-17T06:58:56.773Z] OrderImport: found 0 file(s)
OrderImport: nothing to do.

> eform@1.0.0 import:orders
> node scripts/runOrderImport.js

[2026-05-17T06:59:27.421Z] OrderImport: found 0 file(s)
OrderImport: nothing to do.

> eform@1.0.0 import:orders
> node scripts/runOrderImport.js

[2026-05-17T06:59:58.061Z] OrderImport: found 0 file(s)
OrderImport: nothing to do.

> eform@1.0.0 import:orders
> node scripts/runOrderImport.js

[2026-05-17T07:00:28.718Z] OrderImport: found 0 file(s)
OrderImport: nothing to do.

> eform@1.0.0 import:orders
> node scripts/runOrderImport.js

[2026-05-17T07:00:59.353Z] OrderImport: found 0 file(s)
OrderImport: nothing to do.

> eform@1.0.0 import:orders
> node scripts/runOrderImport.js

[2026-05-17T07:01:29.991Z] OrderImport: found 0 file(s)
OrderImport: nothing to do.

> eform@1.0.0 import:orders
> node scripts/runOrderImport.js

[2026-05-17T07:02:00.680Z] OrderImport: found 0 file(s)
OrderImport: nothing to do.

> eform@1.0.0 import:orders
> node scripts/runOrderImport.js

[2026-05-17T07:02:31.324Z] OrderImport: found 0 file(s)
OrderImport: nothing to do.

> eform@1.0.0 import:orders
> node scripts/runOrderImport.js

[2026-05-17T07:03:01.997Z] OrderImport: found 0 file(s)
OrderImport: nothing to do.

> eform@1.0.0 import:orders
> node scripts/runOrderImport.js

[2026-05-17T07:03:32.668Z] OrderImport: found 0 file(s)
OrderImport: nothing to do.

> eform@1.0.0 import:orders
> node scripts/runOrderImport.js

[2026-05-17T07:04:03.375Z] OrderImport: found 0 file(s)
OrderImport: nothing to do.

> eform@1.0.0 import:orders
> node scripts/runOrderImport.js

[2026-05-17T07:04:34.048Z] OrderImport: found 0 file(s)
OrderImport: nothing to do.

> eform@1.0.0 import:orders
> node scripts/runOrderImport.js

[2026-05-17T07:05:04.722Z] OrderImport: found 0 file(s)
OrderImport: nothing to do.

> eform@1.0.0 import:orders
> node scripts/runOrderImport.js

[2026-05-17T07:05:35.411Z] OrderImport: found 0 file(s)
OrderImport: nothing to do.

> eform@1.0.0 import:orders
> node scripts/runOrderImport.js

[2026-05-17T07:06:06.063Z] OrderImport: found 0 file(s)
OrderImport: nothing to do.

> eform@1.0.0 import:orders
> node scripts/runOrderImport.js

[2026-05-17T07:06:36.731Z] OrderImport: found 0 file(s)
OrderImport: nothing to do.

> eform@1.0.0 import:orders
> node scripts/runOrderImport.js

[2026-05-17T07:07:07.379Z] OrderImport: found 0 file(s)
OrderImport: nothing to do.

> eform@1.0.0 import:orders
> node scripts/runOrderImport.js

[2026-05-17T07:07:38.068Z] OrderImport: found 0 file(s)
OrderImport: nothing to do.

> eform@1.0.0 import:orders
> node scripts/runOrderImport.js

[2026-05-17T07:08:08.745Z] OrderImport: found 0 file(s)
OrderImport: nothing to do.

> eform@1.0.0 import:orders
> node scripts/runOrderImport.js

[2026-05-17T07:08:39.382Z] OrderImport: found 0 file(s)
OrderImport: nothing to do.

> eform@1.0.0 import:orders
> node scripts/runOrderImport.js

[2026-05-17T07:09:10.045Z] OrderImport: found 0 file(s)
OrderImport: nothing to do.

> eform@1.0.0 import:orders
> node scripts/runOrderImport.js

[2026-05-17T07:09:40.715Z] OrderImport: found 0 file(s)
OrderImport: nothing to do.

> eform@1.0.0 import:orders
> node scripts/runOrderImport.js

[2026-05-17T07:10:11.385Z] OrderImport: found 0 file(s)
OrderImport: nothing to do.

> eform@1.0.0 import:orders
> node scripts/runOrderImport.js

[2026-05-17T07:10:42.043Z] OrderImport: found 0 file(s)
OrderImport: nothing to do.

> eform@1.0.0 import:orders
> node scripts/runOrderImport.js

[2026-05-17T07:11:12.680Z] OrderImport: found 0 file(s)
OrderImport: nothing to do.

> eform@1.0.0 import:orders
> node scripts/runOrderImport.js

[2026-05-17T07:11:43.349Z] OrderImport: found 0 file(s)
OrderImport: nothing to do.

> eform@1.0.0 import:orders
> node scripts/runOrderImport.js

[2026-05-17T07:12:14.014Z] OrderImport: found 0 file(s)
OrderImport: nothing to do.

> eform@1.0.0 import:orders
> node scripts/runOrderImport.js

[2026-05-17T07:12:44.651Z] OrderImport: found 0 file(s)
OrderImport: nothing to do.

> eform@1.0.0 import:orders
> node scripts/runOrderImport.js

[2026-05-17T07:13:15.271Z] OrderImport: found 0 file(s)
OrderImport: nothing to do.

> eform@1.0.0 import:orders
> node scripts/runOrderImport.js

[2026-05-17T07:13:45.960Z] OrderImport: found 0 file(s)
OrderImport: nothing to do.

> eform@1.0.0 import:orders
> node scripts/runOrderImport.js

[2026-05-17T07:14:16.604Z] OrderImport: found 0 file(s)
OrderImport: nothing to do.

> eform@1.0.0 import:orders
> node scripts/runOrderImport.js

[2026-05-17T07:14:47.264Z] OrderImport: found 0 file(s)
OrderImport: nothing to do.

> eform@1.0.0 import:orders
> node scripts/runOrderImport.js

[2026-05-17T07:15:17.935Z] OrderImport: found 0 file(s)
OrderImport: nothing to do.

> eform@1.0.0 import:orders
> node scripts/runOrderImport.js

[2026-05-17T07:15:48.571Z] OrderImport: found 0 file(s)
OrderImport: nothing to do.

> eform@1.0.0 import:orders
> node scripts/runOrderImport.js

[2026-05-17T07:16:19.215Z] OrderImport: found 0 file(s)
OrderImport: nothing to do.

> eform@1.0.0 import:orders
> node scripts/runOrderImport.js

[2026-05-17T07:16:49.897Z] OrderImport: found 0 file(s)
OrderImport: nothing to do.

> eform@1.0.0 import:orders
> node scripts/runOrderImport.js

[2026-05-17T07:17:20.566Z] OrderImport: found 0 file(s)
OrderImport: nothing to do.

> eform@1.0.0 import:orders
> node scripts/runOrderImport.js

[2026-05-17T07:17:51.231Z] OrderImport: found 0 file(s)
OrderImport: nothing to do.

> eform@1.0.0 import:orders
> node scripts/runOrderImport.js

[2026-05-17T07:18:21.875Z] OrderImport: found 0 file(s)
OrderImport: nothing to do.

> eform@1.0.0 import:orders
> node scripts/runOrderImport.js

[2026-05-17T07:18:52.520Z] OrderImport: found 0 file(s)
OrderImport: nothing to do.

> eform@1.0.0 import:orders
> node scripts/runOrderImport.js

[2026-05-17T07:19:23.169Z] OrderImport: found 0 file(s)
OrderImport: nothing to do.

> eform@1.0.0 import:orders
> node scripts/runOrderImport.js

[2026-05-17T07:19:53.860Z] OrderImport: found 0 file(s)
OrderImport: nothing to do.

> eform@1.0.0 import:orders
> node scripts/runOrderImport.js

[2026-05-17T07:20:24.515Z] OrderImport: found 0 file(s)
OrderImport: nothing to do.

> eform@1.0.0 import:orders
> node scripts/runOrderImport.js

[2026-05-17T07:20:55.179Z] OrderImport: found 0 file(s)
OrderImport: nothing to do.

> eform@1.0.0 import:orders
> node scripts/runOrderImport.js

[2026-05-17T07:21:25.814Z] OrderImport: found 0 file(s)
OrderImport: nothing to do.

> eform@1.0.0 import:orders
> node scripts/runOrderImport.js

[2026-05-17T07:21:56.455Z] OrderImport: found 0 file(s)
OrderImport: nothing to do.

> eform@1.0.0 import:orders
> node scripts/runOrderImport.js

[2026-05-17T07:22:27.117Z] OrderImport: found 0 file(s)
OrderImport: nothing to do.

> eform@1.0.0 import:orders
> node scripts/runOrderImport.js

[2026-05-17T07:22:57.753Z] OrderImport: found 0 file(s)
OrderImport: nothing to do.

> eform@1.0.0 import:orders
> node scripts/runOrderImport.js

[2026-05-17T07:23:28.383Z] OrderImport: found 0 file(s)
OrderImport: nothing to do.

> eform@1.0.0 import:orders
> node scripts/runOrderImport.js

[2026-05-17T07:23:59.034Z] OrderImport: found 0 file(s)
OrderImport: nothing to do.

> eform@1.0.0 import:orders
> node scripts/runOrderImport.js

[2026-05-17T07:24:29.677Z] OrderImport: found 0 file(s)
OrderImport: nothing to do.

> eform@1.0.0 import:orders
> node scripts/runOrderImport.js

[2026-05-17T07:25:00.412Z] OrderImport: found 0 file(s)
OrderImport: nothing to do.

> eform@1.0.0 import:orders
> node scripts/runOrderImport.js

[2026-05-17T07:25:31.090Z] OrderImport: found 0 file(s)
OrderImport: nothing to do.

> eform@1.0.0 import:orders
> node scripts/runOrderImport.js

[2026-05-17T07:26:01.748Z] OrderImport: found 0 file(s)
OrderImport: nothing to do.

> eform@1.0.0 import:orders
> node scripts/runOrderImport.js

[2026-05-17T07:26:32.395Z] OrderImport: found 0 file(s)
OrderImport: nothing to do.

> eform@1.0.0 import:orders
> node scripts/runOrderImport.js

[2026-05-17T07:27:03.034Z] OrderImport: found 0 file(s)
OrderImport: nothing to do.

> eform@1.0.0 import:orders
> node scripts/runOrderImport.js

[2026-05-17T07:27:33.714Z] OrderImport: found 0 file(s)
OrderImport: nothing to do.

> eform@1.0.0 import:orders
> node scripts/runOrderImport.js

[2026-05-17T07:28:04.382Z] OrderImport: found 0 file(s)
OrderImport: nothing to do.

> eform@1.0.0 import:orders
> node scripts/runOrderImport.js

[2026-05-17T07:28:35.049Z] OrderImport: found 0 file(s)
OrderImport: nothing to do.

> eform@1.0.0 import:orders
> node scripts/runOrderImport.js

[2026-05-17T07:29:05.743Z] OrderImport: found 0 file(s)
OrderImport: nothing to do.

> eform@1.0.0 import:orders
> node scripts/runOrderImport.js

[2026-05-17T07:29:36.417Z] OrderImport: found 0 file(s)
OrderImport: nothing to do.

> eform@1.0.0 import:orders
> node scripts/runOrderImport.js

[2026-05-17T07:30:07.169Z] OrderImport: found 0 file(s)
OrderImport: nothing to do.

> eform@1.0.0 import:orders
> node scripts/runOrderImport.js

[2026-05-17T07:30:37.888Z] OrderImport: found 0 file(s)
OrderImport: nothing to do.

> eform@1.0.0 import:orders
> node scripts/runOrderImport.js

[2026-05-17T07:31:08.516Z] OrderImport: found 0 file(s)
OrderImport: nothing to do.

> eform@1.0.0 import:orders
> node scripts/runOrderImport.js

[2026-05-17T07:31:39.163Z] OrderImport: found 0 file(s)
OrderImport: nothing to do.

> eform@1.0.0 import:orders
> node scripts/runOrderImport.js

[2026-05-17T07:32:09.841Z] OrderImport: found 0 file(s)
OrderImport: nothing to do.

> eform@1.0.0 import:orders
> node scripts/runOrderImport.js

[2026-05-17T07:32:40.490Z] OrderImport: found 0 file(s)
OrderImport: nothing to do.

> eform@1.0.0 import:orders
> node scripts/runOrderImport.js

[2026-05-17T07:33:11.155Z] OrderImport: found 0 file(s)
OrderImport: nothing to do.

> eform@1.0.0 import:orders
> node scripts/runOrderImport.js

[2026-05-17T07:33:41.836Z] OrderImport: found 0 file(s)
OrderImport: nothing to do.

> eform@1.0.0 import:orders
> node scripts/runOrderImport.js

[2026-05-17T07:34:12.484Z] OrderImport: found 0 file(s)
OrderImport: nothing to do.

> eform@1.0.0 import:orders
> node scripts/runOrderImport.js

[2026-05-17T07:34:43.132Z] OrderImport: found 0 file(s)
OrderImport: nothing to do.

> eform@1.0.0 import:orders
> node scripts/runOrderImport.js

[2026-05-17T07:35:13.783Z] OrderImport: found 0 file(s)
OrderImport: nothing to do.

> eform@1.0.0 import:orders
> node scripts/runOrderImport.js

[2026-05-17T07:35:44.459Z] OrderImport: found 0 file(s)
OrderImport: nothing to do.

> eform@1.0.0 import:orders
> node scripts/runOrderImport.js

[2026-05-17T07:36:15.099Z] OrderImport: found 0 file(s)
OrderImport: nothing to do.

> eform@1.0.0 import:orders
> node scripts/runOrderImport.js

[2026-05-17T07:36:45.751Z] OrderImport: found 0 file(s)
OrderImport: nothing to do.

> eform@1.0.0 import:orders
> node scripts/runOrderImport.js

[2026-05-17T07:37:16.393Z] OrderImport: found 0 file(s)
OrderImport: nothing to do.

> eform@1.0.0 import:orders
> node scripts/runOrderImport.js

[2026-05-17T07:37:47.038Z] OrderImport: found 0 file(s)
OrderImport: nothing to do.

> eform@1.0.0 import:orders
> node scripts/runOrderImport.js

[2026-05-17T07:38:17.687Z] OrderImport: found 0 file(s)
OrderImport: nothing to do.

> eform@1.0.0 import:orders
> node scripts/runOrderImport.js

[2026-05-17T07:38:48.380Z] OrderImport: found 0 file(s)
OrderImport: nothing to do.

> eform@1.0.0 import:orders
> node scripts/runOrderImport.js

[2026-05-17T07:39:19.010Z] OrderImport: found 0 file(s)
OrderImport: nothing to do.

> eform@1.0.0 import:orders
> node scripts/runOrderImport.js

[2026-05-17T07:39:49.635Z] OrderImport: found 0 file(s)
OrderImport: nothing to do.

> eform@1.0.0 import:orders
> node scripts/runOrderImport.js

[2026-05-17T07:40:20.304Z] OrderImport: found 0 file(s)
OrderImport: nothing to do.

> eform@1.0.0 import:orders
> node scripts/runOrderImport.js

[2026-05-17T07:40:50.972Z] OrderImport: found 0 file(s)
OrderImport: nothing to do.

> eform@1.0.0 import:orders
> node scripts/runOrderImport.js

[2026-05-17T07:41:21.684Z] OrderImport: found 0 file(s)
OrderImport: nothing to do.

> eform@1.0.0 import:orders
> node scripts/runOrderImport.js

[2026-05-17T07:41:52.323Z] OrderImport: found 0 file(s)
OrderImport: nothing to do.

> eform@1.0.0 import:orders
> node scripts/runOrderImport.js

[2026-05-17T07:42:22.994Z] OrderImport: found 0 file(s)
OrderImport: nothing to do.

> eform@1.0.0 import:orders
> node scripts/runOrderImport.js

[2026-05-17T07:42:53.628Z] OrderImport: found 0 file(s)
OrderImport: nothing to do.

> eform@1.0.0 import:orders
> node scripts/runOrderImport.js

[2026-05-17T07:43:24.260Z] OrderImport: found 0 file(s)
OrderImport: nothing to do.

> eform@1.0.0 import:orders
> node scripts/runOrderImport.js

[2026-05-17T07:43:54.937Z] OrderImport: found 0 file(s)
OrderImport: nothing to do.

> eform@1.0.0 import:orders
> node scripts/runOrderImport.js

[2026-05-17T07:44:25.614Z] OrderImport: found 0 file(s)
OrderImport: nothing to do.

> eform@1.0.0 import:orders
> node scripts/runOrderImport.js

[2026-05-17T07:44:56.294Z] OrderImport: found 0 file(s)
OrderImport: nothing to do.

> eform@1.0.0 import:orders
> node scripts/runOrderImport.js

[2026-05-17T07:45:26.976Z] OrderImport: found 0 file(s)
OrderImport: nothing to do.

> eform@1.0.0 import:orders
> node scripts/runOrderImport.js

[2026-05-17T07:45:57.663Z] OrderImport: found 0 file(s)
OrderImport: nothing to do.

> eform@1.0.0 import:orders
> node scripts/runOrderImport.js

[2026-05-17T07:46:28.316Z] OrderImport: found 0 file(s)
OrderImport: nothing to do.

> eform@1.0.0 import:orders
> node scripts/runOrderImport.js

[2026-05-17T07:46:58.958Z] OrderImport: found 0 file(s)
OrderImport: nothing to do.

> eform@1.0.0 import:orders
> node scripts/runOrderImport.js

[2026-05-17T07:47:29.626Z] OrderImport: found 0 file(s)
OrderImport: nothing to do.

> eform@1.0.0 import:orders
> node scripts/runOrderImport.js

[2026-05-17T07:48:00.301Z] OrderImport: found 0 file(s)
OrderImport: nothing to do.

> eform@1.0.0 import:orders
> node scripts/runOrderImport.js

[2026-05-17T07:48:30.935Z] OrderImport: found 0 file(s)
OrderImport: nothing to do.

> eform@1.0.0 import:orders
> node scripts/runOrderImport.js

[2026-05-17T07:49:01.578Z] OrderImport: found 0 file(s)
OrderImport: nothing to do.

> eform@1.0.0 import:orders
> node scripts/runOrderImport.js

[2026-05-17T07:49:32.236Z] OrderImport: found 0 file(s)
OrderImport: nothing to do.

> eform@1.0.0 import:orders
> node scripts/runOrderImport.js

[2026-05-17T07:50:02.946Z] OrderImport: found 0 file(s)
OrderImport: nothing to do.

> eform@1.0.0 import:orders
> node scripts/runOrderImport.js

[2026-05-17T07:50:33.606Z] OrderImport: found 0 file(s)
OrderImport: nothing to do.

> eform@1.0.0 import:orders
> node scripts/runOrderImport.js

[2026-05-17T07:51:04.241Z] OrderImport: found 0 file(s)
OrderImport: nothing to do.

> eform@1.0.0 import:orders
> node scripts/runOrderImport.js

[2026-05-17T07:51:34.888Z] OrderImport: found 0 file(s)
OrderImport: nothing to do.

> eform@1.0.0 import:orders
> node scripts/runOrderImport.js

[2026-05-17T07:52:05.548Z] OrderImport: found 0 file(s)
OrderImport: nothing to do.

> eform@1.0.0 import:orders
> node scripts/runOrderImport.js

[2026-05-17T07:52:36.234Z] OrderImport: found 0 file(s)
OrderImport: nothing to do.

> eform@1.0.0 import:orders
> node scripts/runOrderImport.js

[2026-05-17T07:53:06.880Z] OrderImport: found 0 file(s)
OrderImport: nothing to do.

> eform@1.0.0 import:orders
> node scripts/runOrderImport.js

[2026-05-17T07:53:37.532Z] OrderImport: found 0 file(s)
OrderImport: nothing to do.

> eform@1.0.0 import:orders
> node scripts/runOrderImport.js

[2026-05-17T07:54:08.181Z] OrderImport: found 0 file(s)
OrderImport: nothing to do.

> eform@1.0.0 import:orders
> node scripts/runOrderImport.js

[2026-05-17T07:54:38.825Z] OrderImport: found 0 file(s)
OrderImport: nothing to do.

> eform@1.0.0 import:orders
> node scripts/runOrderImport.js

[2026-05-17T07:55:09.504Z] OrderImport: found 0 file(s)
OrderImport: nothing to do.

> eform@1.0.0 import:orders
> node scripts/runOrderImport.js

[2026-05-17T07:55:40.153Z] OrderImport: found 0 file(s)
OrderImport: nothing to do.

> eform@1.0.0 import:orders
> node scripts/runOrderImport.js

[2026-05-17T07:56:10.782Z] OrderImport: found 0 file(s)
OrderImport: nothing to do.

> eform@1.0.0 import:orders
> node scripts/runOrderImport.js

[2026-05-17T07:56:41.452Z] OrderImport: found 0 file(s)
OrderImport: nothing to do.

> eform@1.0.0 import:orders
> node scripts/runOrderImport.js

[2026-05-17T07:57:12.085Z] OrderImport: found 0 file(s)
OrderImport: nothing to do.

> eform@1.0.0 import:orders
> node scripts/runOrderImport.js

[2026-05-17T07:57:42.779Z] OrderImport: found 0 file(s)
OrderImport: nothing to do.

> eform@1.0.0 import:orders
> node scripts/runOrderImport.js

[2026-05-17T07:58:13.449Z] OrderImport: found 0 file(s)
OrderImport: nothing to do.

> eform@1.0.0 import:orders
> node scripts/runOrderImport.js

[2026-05-17T07:58:44.070Z] OrderImport: found 0 file(s)
OrderImport: nothing to do.

> eform@1.0.0 import:orders
> node scripts/runOrderImport.js

[2026-05-17T07:59:14.734Z] OrderImport: found 0 file(s)
OrderImport: nothing to do.

> eform@1.0.0 import:orders
> node scripts/runOrderImport.js

[2026-05-17T07:59:45.365Z] OrderImport: found 0 file(s)
OrderImport: nothing to do.

> eform@1.0.0 import:orders
> node scripts/runOrderImport.js

[2026-05-17T08:00:16.046Z] OrderImport: found 0 file(s)
OrderImport: nothing to do.

> eform@1.0.0 import:orders
> node scripts/runOrderImport.js

[2026-05-17T08:00:46.689Z] OrderImport: found 0 file(s)
OrderImport: nothing to do.

> eform@1.0.0 import:orders
> node scripts/runOrderImport.js

[2026-05-17T08:01:17.334Z] OrderImport: found 0 file(s)
OrderImport: nothing to do.

> eform@1.0.0 import:orders
> node scripts/runOrderImport.js

[2026-05-17T08:01:48.015Z] OrderImport: found 0 file(s)
OrderImport: nothing to do.

> eform@1.0.0 import:orders
> node scripts/runOrderImport.js

[2026-05-17T08:02:18.665Z] OrderImport: found 0 file(s)
OrderImport: nothing to do.

> eform@1.0.0 import:orders
> node scripts/runOrderImport.js

[2026-05-17T08:02:49.312Z] OrderImport: found 0 file(s)
OrderImport: nothing to do.

> eform@1.0.0 import:orders
> node scripts/runOrderImport.js

[2026-05-17T08:03:19.951Z] OrderImport: found 0 file(s)
OrderImport: nothing to do.

> eform@1.0.0 import:orders
> node scripts/runOrderImport.js

[2026-05-17T08:03:50.600Z] OrderImport: found 0 file(s)
OrderImport: nothing to do.

> eform@1.0.0 import:orders
> node scripts/runOrderImport.js

[2026-05-17T08:04:21.237Z] OrderImport: found 0 file(s)
OrderImport: nothing to do.

> eform@1.0.0 import:orders
> node scripts/runOrderImport.js

[2026-05-17T08:04:51.860Z] OrderImport: found 0 file(s)
OrderImport: nothing to do.

> eform@1.0.0 import:orders
> node scripts/runOrderImport.js

[2026-05-17T08:05:22.509Z] OrderImport: found 0 file(s)
OrderImport: nothing to do.

> eform@1.0.0 import:orders
> node scripts/runOrderImport.js

[2026-05-17T08:05:53.158Z] OrderImport: found 0 file(s)
OrderImport: nothing to do.

> eform@1.0.0 import:orders
> node scripts/runOrderImport.js

[2026-05-17T08:06:23.822Z] OrderImport: found 0 file(s)
OrderImport: nothing to do.

> eform@1.0.0 import:orders
> node scripts/runOrderImport.js

[2026-05-17T08:06:54.451Z] OrderImport: found 0 file(s)
OrderImport: nothing to do.

> eform@1.0.0 import:orders
> node scripts/runOrderImport.js

[2026-05-17T08:07:25.098Z] OrderImport: found 0 file(s)
OrderImport: nothing to do.

> eform@1.0.0 import:orders
> node scripts/runOrderImport.js

[2026-05-17T08:07:55.755Z] OrderImport: found 0 file(s)
OrderImport: nothing to do.

> eform@1.0.0 import:orders
> node scripts/runOrderImport.js

[2026-05-17T08:08:26.408Z] OrderImport: found 0 file(s)
OrderImport: nothing to do.

> eform@1.0.0 import:orders
> node scripts/runOrderImport.js

[2026-05-17T08:08:57.041Z] OrderImport: found 0 file(s)
OrderImport: nothing to do.

> eform@1.0.0 import:orders
> node scripts/runOrderImport.js

[2026-05-17T08:09:27.716Z] OrderImport: found 0 file(s)
OrderImport: nothing to do.

> eform@1.0.0 import:orders
> node scripts/runOrderImport.js

[2026-05-17T08:09:58.378Z] OrderImport: found 0 file(s)
OrderImport: nothing to do.

> eform@1.0.0 import:orders
> node scripts/runOrderImport.js

[2026-05-17T08:10:29.015Z] OrderImport: found 0 file(s)
OrderImport: nothing to do.

> eform@1.0.0 import:orders
> node scripts/runOrderImport.js

[2026-05-17T08:10:59.708Z] OrderImport: found 0 file(s)
OrderImport: nothing to do.

> eform@1.0.0 import:orders
> node scripts/runOrderImport.js

[2026-05-17T08:11:30.372Z] OrderImport: found 0 file(s)
OrderImport: nothing to do.

> eform@1.0.0 import:orders
> node scripts/runOrderImport.js

[2026-05-17T08:12:01.006Z] OrderImport: found 0 file(s)
OrderImport: nothing to do.

> eform@1.0.0 import:orders
> node scripts/runOrderImport.js

[2026-05-17T08:12:31.642Z] OrderImport: found 0 file(s)
OrderImport: nothing to do.

> eform@1.0.0 import:orders
> node scripts/runOrderImport.js

[2026-05-17T08:13:02.306Z] OrderImport: found 0 file(s)
OrderImport: nothing to do.

> eform@1.0.0 import:orders
> node scripts/runOrderImport.js

[2026-05-17T08:13:32.953Z] OrderImport: found 0 file(s)
OrderImport: nothing to do.

> eform@1.0.0 import:orders
> node scripts/runOrderImport.js

[2026-05-17T08:14:03.589Z] OrderImport: found 0 file(s)
OrderImport: nothing to do.

> eform@1.0.0 import:orders
> node scripts/runOrderImport.js

[2026-05-17T08:14:34.228Z] OrderImport: found 0 file(s)
OrderImport: nothing to do.

> eform@1.0.0 import:orders
> node scripts/runOrderImport.js

[2026-05-17T08:15:04.919Z] OrderImport: found 0 file(s)
OrderImport: nothing to do.

> eform@1.0.0 import:orders
> node scripts/runOrderImport.js

[2026-05-17T08:15:35.601Z] OrderImport: found 0 file(s)
OrderImport: nothing to do.

> eform@1.0.0 import:orders
> node scripts/runOrderImport.js

[2026-05-17T08:16:06.262Z] OrderImport: found 0 file(s)
OrderImport: nothing to do.

> eform@1.0.0 import:orders
> node scripts/runOrderImport.js

[2026-05-17T08:16:36.898Z] OrderImport: found 0 file(s)
OrderImport: nothing to do.

> eform@1.0.0 import:orders
> node scripts/runOrderImport.js

[2026-05-17T08:17:07.552Z] OrderImport: found 0 file(s)
OrderImport: nothing to do.

> eform@1.0.0 import:orders
> node scripts/runOrderImport.js

[2026-05-17T08:17:38.200Z] OrderImport: found 0 file(s)
OrderImport: nothing to do.

> eform@1.0.0 import:orders
> node scripts/runOrderImport.js

[2026-05-17T08:18:08.858Z] OrderImport: found 0 file(s)
OrderImport: nothing to do.

> eform@1.0.0 import:orders
> node scripts/runOrderImport.js

[2026-05-17T08:18:39.517Z] OrderImport: found 0 file(s)
OrderImport: nothing to do.

> eform@1.0.0 import:orders
> node scripts/runOrderImport.js

[2026-05-17T08:19:10.179Z] OrderImport: found 0 file(s)
OrderImport: nothing to do.

> eform@1.0.0 import:orders
> node scripts/runOrderImport.js

[2026-05-17T08:19:40.845Z] OrderImport: found 0 file(s)
OrderImport: nothing to do.

> eform@1.0.0 import:orders
> node scripts/runOrderImport.js

[2026-05-17T08:20:11.469Z] OrderImport: found 0 file(s)
OrderImport: nothing to do.

> eform@1.0.0 import:orders
> node scripts/runOrderImport.js

[2026-05-17T08:20:42.126Z] OrderImport: found 0 file(s)
OrderImport: nothing to do.

> eform@1.0.0 import:orders
> node scripts/runOrderImport.js

[2026-05-17T08:21:12.770Z] OrderImport: found 0 file(s)
OrderImport: nothing to do.

> eform@1.0.0 import:orders
> node scripts/runOrderImport.js

[2026-05-17T08:21:43.462Z] OrderImport: found 0 file(s)
OrderImport: nothing to do.

> eform@1.0.0 import:orders
> node scripts/runOrderImport.js

[2026-05-17T08:22:14.100Z] OrderImport: found 0 file(s)
OrderImport: nothing to do.

> eform@1.0.0 import:orders
> node scripts/runOrderImport.js

[2026-05-17T08:22:44.759Z] OrderImport: found 0 file(s)
OrderImport: nothing to do.

> eform@1.0.0 import:orders
> node scripts/runOrderImport.js

[2026-05-17T08:23:15.401Z] OrderImport: found 0 file(s)
OrderImport: nothing to do.

> eform@1.0.0 import:orders
> node scripts/runOrderImport.js

[2026-05-17T08:23:46.044Z] OrderImport: found 0 file(s)
OrderImport: nothing to do.

> eform@1.0.0 import:orders
> node scripts/runOrderImport.js

[2026-05-17T08:24:16.711Z] OrderImport: found 0 file(s)
OrderImport: nothing to do.

> eform@1.0.0 import:orders
> node scripts/runOrderImport.js

[2026-05-17T08:24:47.384Z] OrderImport: found 0 file(s)
OrderImport: nothing to do.

> eform@1.0.0 import:orders
> node scripts/runOrderImport.js

[2026-05-17T08:25:18.024Z] OrderImport: found 0 file(s)
OrderImport: nothing to do.

> eform@1.0.0 import:orders
> node scripts/runOrderImport.js

[2026-05-17T08:25:48.706Z] OrderImport: found 0 file(s)
OrderImport: nothing to do.

> eform@1.0.0 import:orders
> node scripts/runOrderImport.js

[2026-05-17T08:26:19.394Z] OrderImport: found 0 file(s)
OrderImport: nothing to do.

> eform@1.0.0 import:orders
> node scripts/runOrderImport.js

[2026-05-17T08:26:50.068Z] OrderImport: found 0 file(s)
OrderImport: nothing to do.

> eform@1.0.0 import:orders
> node scripts/runOrderImport.js

[2026-05-17T08:27:20.702Z] OrderImport: found 0 file(s)
OrderImport: nothing to do.

> eform@1.0.0 import:orders
> node scripts/runOrderImport.js

[2026-05-17T08:27:51.361Z] OrderImport: found 0 file(s)
OrderImport: nothing to do.

> eform@1.0.0 import:orders
> node scripts/runOrderImport.js

[2026-05-17T08:28:22.050Z] OrderImport: found 0 file(s)
OrderImport: nothing to do.

> eform@1.0.0 import:orders
> node scripts/runOrderImport.js

[2026-05-17T08:28:52.693Z] OrderImport: found 0 file(s)
OrderImport: nothing to do.

> eform@1.0.0 import:orders
> node scripts/runOrderImport.js

[2026-05-17T08:29:23.314Z] OrderImport: found 0 file(s)
OrderImport: nothing to do.

> eform@1.0.0 import:orders
> node scripts/runOrderImport.js

[2026-05-17T08:29:53.963Z] OrderImport: found 0 file(s)
OrderImport: nothing to do.

> eform@1.0.0 import:orders
> node scripts/runOrderImport.js

[2026-05-17T08:30:24.605Z] OrderImport: found 0 file(s)
OrderImport: nothing to do.

> eform@1.0.0 import:orders
> node scripts/runOrderImport.js

[2026-05-17T08:30:55.261Z] OrderImport: found 0 file(s)
OrderImport: nothing to do.

> eform@1.0.0 import:orders
> node scripts/runOrderImport.js

[2026-05-17T08:31:25.888Z] OrderImport: found 0 file(s)
OrderImport: nothing to do.

> eform@1.0.0 import:orders
> node scripts/runOrderImport.js

[2026-05-17T08:31:56.532Z] OrderImport: found 0 file(s)
OrderImport: nothing to do.

> eform@1.0.0 import:orders
> node scripts/runOrderImport.js

[2026-05-17T08:32:27.181Z] OrderImport: found 0 file(s)
OrderImport: nothing to do.

> eform@1.0.0 import:orders
> node scripts/runOrderImport.js

[2026-05-17T08:32:57.881Z] OrderImport: found 0 file(s)
OrderImport: nothing to do.

> eform@1.0.0 import:orders
> node scripts/runOrderImport.js

[2026-05-17T08:33:28.535Z] OrderImport: found 0 file(s)
OrderImport: nothing to do.

> eform@1.0.0 import:orders
> node scripts/runOrderImport.js

[2026-05-17T08:33:59.193Z] OrderImport: found 0 file(s)
OrderImport: nothing to do.

> eform@1.0.0 import:orders
> node scripts/runOrderImport.js

[2026-05-17T08:34:29.851Z] OrderImport: found 0 file(s)
OrderImport: nothing to do.

> eform@1.0.0 import:orders
> node scripts/runOrderImport.js

[2026-05-17T08:35:00.563Z] OrderImport: found 0 file(s)
OrderImport: nothing to do.

> eform@1.0.0 import:orders
> node scripts/runOrderImport.js

[2026-05-17T08:35:31.202Z] OrderImport: found 0 file(s)
OrderImport: nothing to do.

> eform@1.0.0 import:orders
> node scripts/runOrderImport.js

[2026-05-17T08:36:01.831Z] OrderImport: found 0 file(s)
OrderImport: nothing to do.

> eform@1.0.0 import:orders
> node scripts/runOrderImport.js

[2026-05-17T08:36:32.463Z] OrderImport: found 0 file(s)
OrderImport: nothing to do.

> eform@1.0.0 import:orders
> node scripts/runOrderImport.js

[2026-05-17T08:37:03.129Z] OrderImport: found 0 file(s)
OrderImport: nothing to do.

> eform@1.0.0 import:orders
> node scripts/runOrderImport.js

[2026-05-17T08:37:33.805Z] OrderImport: found 0 file(s)
OrderImport: nothing to do.

> eform@1.0.0 import:orders
> node scripts/runOrderImport.js

[2026-05-17T08:38:04.467Z] OrderImport: found 0 file(s)
OrderImport: nothing to do.

> eform@1.0.0 import:orders
> node scripts/runOrderImport.js

[2026-05-17T08:38:35.140Z] OrderImport: found 0 file(s)
OrderImport: nothing to do.

> eform@1.0.0 import:orders
> node scripts/runOrderImport.js

[2026-05-17T08:39:05.856Z] OrderImport: found 0 file(s)
OrderImport: nothing to do.

> eform@1.0.0 import:orders
> node scripts/runOrderImport.js

[2026-05-17T08:39:36.507Z] OrderImport: found 0 file(s)
OrderImport: nothing to do.

> eform@1.0.0 import:orders
> node scripts/runOrderImport.js

[2026-05-17T08:40:07.193Z] OrderImport: found 0 file(s)
OrderImport: nothing to do.

> eform@1.0.0 import:orders
> node scripts/runOrderImport.js

[2026-05-17T08:40:37.833Z] OrderImport: found 0 file(s)
OrderImport: nothing to do.

> eform@1.0.0 import:orders
> node scripts/runOrderImport.js

[2026-05-17T08:41:08.468Z] OrderImport: found 0 file(s)
OrderImport: nothing to do.

> eform@1.0.0 import:orders
> node scripts/runOrderImport.js

[2026-05-17T08:41:39.144Z] OrderImport: found 0 file(s)
OrderImport: nothing to do.

> eform@1.0.0 import:orders
> node scripts/runOrderImport.js

[2026-05-17T08:42:09.784Z] OrderImport: found 0 file(s)
OrderImport: nothing to do.

> eform@1.0.0 import:orders
> node scripts/runOrderImport.js

[2026-05-17T08:42:40.442Z] OrderImport: found 0 file(s)
OrderImport: nothing to do.

> eform@1.0.0 import:orders
> node scripts/runOrderImport.js

[2026-05-17T08:43:11.078Z] OrderImport: found 0 file(s)
OrderImport: nothing to do.

> eform@1.0.0 import:orders
> node scripts/runOrderImport.js

[2026-05-17T08:43:41.778Z] OrderImport: found 0 file(s)
OrderImport: nothing to do.

> eform@1.0.0 import:orders
> node scripts/runOrderImport.js

[2026-05-17T08:44:12.423Z] OrderImport: found 0 file(s)
OrderImport: nothing to do.

> eform@1.0.0 import:orders
> node scripts/runOrderImport.js

[2026-05-17T08:44:43.069Z] OrderImport: found 0 file(s)
OrderImport: nothing to do.

> eform@1.0.0 import:orders
> node scripts/runOrderImport.js

[2026-05-17T08:45:13.715Z] OrderImport: found 0 file(s)
OrderImport: nothing to do.

> eform@1.0.0 import:orders
> node scripts/runOrderImport.js

[2026-05-17T08:45:44.358Z] OrderImport: found 0 file(s)
OrderImport: nothing to do.

> eform@1.0.0 import:orders
> node scripts/runOrderImport.js

[2026-05-17T08:46:15.022Z] OrderImport: found 0 file(s)
OrderImport: nothing to do.

> eform@1.0.0 import:orders
> node scripts/runOrderImport.js

[2026-05-17T08:46:45.638Z] OrderImport: found 0 file(s)
OrderImport: nothing to do.

> eform@1.0.0 import:orders
> node scripts/runOrderImport.js

[2026-05-17T08:47:16.286Z] OrderImport: found 0 file(s)
OrderImport: nothing to do.

> eform@1.0.0 import:orders
> node scripts/runOrderImport.js

[2026-05-17T08:47:46.942Z] OrderImport: found 0 file(s)
OrderImport: nothing to do.

> eform@1.0.0 import:orders
> node scripts/runOrderImport.js

[2026-05-17T08:48:17.596Z] OrderImport: found 0 file(s)
OrderImport: nothing to do.

> eform@1.0.0 import:orders
> node scripts/runOrderImport.js

[2026-05-17T08:48:48.263Z] OrderImport: found 0 file(s)
OrderImport: nothing to do.

> eform@1.0.0 import:orders
> node scripts/runOrderImport.js

[2026-05-17T08:49:18.916Z] OrderImport: found 0 file(s)
OrderImport: nothing to do.

> eform@1.0.0 import:orders
> node scripts/runOrderImport.js

[2026-05-17T08:49:49.558Z] OrderImport: found 0 file(s)
OrderImport: nothing to do.

> eform@1.0.0 import:orders
> node scripts/runOrderImport.js

[2026-05-17T08:50:20.210Z] OrderImport: found 0 file(s)
OrderImport: nothing to do.

> eform@1.0.0 import:orders
> node scripts/runOrderImport.js

[2026-05-17T08:50:50.853Z] OrderImport: found 0 file(s)
OrderImport: nothing to do.

> eform@1.0.0 import:orders
> node scripts/runOrderImport.js

[2026-05-17T08:51:21.538Z] OrderImport: found 0 file(s)
OrderImport: nothing to do.

> eform@1.0.0 import:orders
> node scripts/runOrderImport.js

[2026-05-17T08:51:52.198Z] OrderImport: found 0 file(s)
OrderImport: nothing to do.

> eform@1.0.0 import:orders
> node scripts/runOrderImport.js

[2026-05-17T08:52:22.909Z] OrderImport: found 0 file(s)
OrderImport: nothing to do.

> eform@1.0.0 import:orders
> node scripts/runOrderImport.js

[2026-05-17T08:52:53.554Z] OrderImport: found 0 file(s)
OrderImport: nothing to do.

> eform@1.0.0 import:orders
> node scripts/runOrderImport.js

[2026-05-17T08:53:24.202Z] OrderImport: found 0 file(s)
OrderImport: nothing to do.

> eform@1.0.0 import:orders
> node scripts/runOrderImport.js

[2026-05-17T08:53:54.914Z] OrderImport: found 0 file(s)
OrderImport: nothing to do.

> eform@1.0.0 import:orders
> node scripts/runOrderImport.js

[2026-05-17T08:54:25.587Z] OrderImport: found 0 file(s)
OrderImport: nothing to do.

> eform@1.0.0 import:orders
> node scripts/runOrderImport.js

[2026-05-17T08:54:56.263Z] OrderImport: found 0 file(s)
OrderImport: nothing to do.

> eform@1.0.0 import:orders
> node scripts/runOrderImport.js

[2026-05-17T08:55:26.916Z] OrderImport: found 0 file(s)
OrderImport: nothing to do.

> eform@1.0.0 import:orders
> node scripts/runOrderImport.js

[2026-05-17T08:55:57.568Z] OrderImport: found 0 file(s)
OrderImport: nothing to do.

> eform@1.0.0 import:orders
> node scripts/runOrderImport.js

[2026-05-17T08:56:28.225Z] OrderImport: found 0 file(s)
OrderImport: nothing to do.

> eform@1.0.0 import:orders
> node scripts/runOrderImport.js

[2026-05-17T08:56:58.873Z] OrderImport: found 0 file(s)
OrderImport: nothing to do.

> eform@1.0.0 import:orders
> node scripts/runOrderImport.js

[2026-05-17T08:57:29.529Z] OrderImport: found 0 file(s)
OrderImport: nothing to do.

> eform@1.0.0 import:orders
> node scripts/runOrderImport.js

[2026-05-17T08:58:00.174Z] OrderImport: found 0 file(s)
OrderImport: nothing to do.

> eform@1.0.0 import:orders
> node scripts/runOrderImport.js

[2026-05-17T08:58:30.849Z] OrderImport: found 0 file(s)
OrderImport: nothing to do.

> eform@1.0.0 import:orders
> node scripts/runOrderImport.js

[2026-05-17T08:59:01.502Z] OrderImport: found 0 file(s)
OrderImport: nothing to do.

> eform@1.0.0 import:orders
> node scripts/runOrderImport.js

[2026-05-17T08:59:32.181Z] OrderImport: found 0 file(s)
OrderImport: nothing to do.

> eform@1.0.0 import:orders
> node scripts/runOrderImport.js

[2026-05-17T09:00:02.926Z] OrderImport: found 0 file(s)
OrderImport: nothing to do.

> eform@1.0.0 import:orders
> node scripts/runOrderImport.js

[2026-05-17T09:00:33.607Z] OrderImport: found 0 file(s)
OrderImport: nothing to do.

> eform@1.0.0 import:orders
> node scripts/runOrderImport.js

[2026-05-17T09:01:04.282Z] OrderImport: found 0 file(s)
OrderImport: nothing to do.

> eform@1.0.0 import:orders
> node scripts/runOrderImport.js

[2026-05-17T09:01:34.922Z] OrderImport: found 0 file(s)
OrderImport: nothing to do.

> eform@1.0.0 import:orders
> node scripts/runOrderImport.js

[2026-05-17T09:02:05.559Z] OrderImport: found 0 file(s)
OrderImport: nothing to do.

> eform@1.0.0 import:orders
> node scripts/runOrderImport.js

[2026-05-17T09:02:36.223Z] OrderImport: found 0 file(s)
OrderImport: nothing to do.

> eform@1.0.0 import:orders
> node scripts/runOrderImport.js

[2026-05-17T09:03:06.878Z] OrderImport: found 0 file(s)
OrderImport: nothing to do.

> eform@1.0.0 import:orders
> node scripts/runOrderImport.js

[2026-05-17T09:03:37.527Z] OrderImport: found 0 file(s)
OrderImport: nothing to do.

> eform@1.0.0 import:orders
> node scripts/runOrderImport.js

[2026-05-17T09:04:08.184Z] OrderImport: found 0 file(s)
OrderImport: nothing to do.

> eform@1.0.0 import:orders
> node scripts/runOrderImport.js

[2026-05-17T09:04:38.836Z] OrderImport: found 0 file(s)
OrderImport: nothing to do.

> eform@1.0.0 import:orders
> node scripts/runOrderImport.js

[2026-05-17T09:05:09.510Z] OrderImport: found 0 file(s)
OrderImport: nothing to do.

> eform@1.0.0 import:orders
> node scripts/runOrderImport.js

[2026-05-17T09:05:40.163Z] OrderImport: found 0 file(s)
OrderImport: nothing to do.

> eform@1.0.0 import:orders
> node scripts/runOrderImport.js

[2026-05-17T09:06:10.810Z] OrderImport: found 0 file(s)
OrderImport: nothing to do.

> eform@1.0.0 import:orders
> node scripts/runOrderImport.js

[2026-05-17T09:06:41.455Z] OrderImport: found 0 file(s)
OrderImport: nothing to do.

> eform@1.0.0 import:orders
> node scripts/runOrderImport.js

[2026-05-17T09:07:12.095Z] OrderImport: found 0 file(s)
OrderImport: nothing to do.

> eform@1.0.0 import:orders
> node scripts/runOrderImport.js

[2026-05-17T09:07:42.811Z] OrderImport: found 0 file(s)
OrderImport: nothing to do.

> eform@1.0.0 import:orders
> node scripts/runOrderImport.js

[2026-05-17T09:08:13.491Z] OrderImport: found 0 file(s)
OrderImport: nothing to do.

> eform@1.0.0 import:orders
> node scripts/runOrderImport.js

[2026-05-17T09:08:44.172Z] OrderImport: found 0 file(s)
OrderImport: nothing to do.

> eform@1.0.0 import:orders
> node scripts/runOrderImport.js

[2026-05-17T09:09:14.819Z] OrderImport: found 0 file(s)
OrderImport: nothing to do.

> eform@1.0.0 import:orders
> node scripts/runOrderImport.js

[2026-05-17T09:09:45.473Z] OrderImport: found 0 file(s)
OrderImport: nothing to do.

> eform@1.0.0 import:orders
> node scripts/runOrderImport.js

[2026-05-17T09:10:16.137Z] OrderImport: found 0 file(s)
OrderImport: nothing to do.

> eform@1.0.0 import:orders
> node scripts/runOrderImport.js

[2026-05-17T09:10:46.808Z] OrderImport: found 0 file(s)
OrderImport: nothing to do.

> eform@1.0.0 import:orders
> node scripts/runOrderImport.js

[2026-05-17T09:11:17.463Z] OrderImport: found 0 file(s)
OrderImport: nothing to do.

> eform@1.0.0 import:orders
> node scripts/runOrderImport.js

[2026-05-17T09:11:48.124Z] OrderImport: found 0 file(s)
OrderImport: nothing to do.

> eform@1.0.0 import:orders
> node scripts/runOrderImport.js

[2026-05-17T09:12:18.764Z] OrderImport: found 0 file(s)
OrderImport: nothing to do.

> eform@1.0.0 import:orders
> node scripts/runOrderImport.js

[2026-05-17T09:12:49.436Z] OrderImport: found 0 file(s)
OrderImport: nothing to do.

> eform@1.0.0 import:orders
> node scripts/runOrderImport.js

[2026-05-17T09:13:20.108Z] OrderImport: found 0 file(s)
OrderImport: nothing to do.

> eform@1.0.0 import:orders
> node scripts/runOrderImport.js

[2026-05-17T09:13:50.759Z] OrderImport: found 0 file(s)
OrderImport: nothing to do.

> eform@1.0.0 import:orders
> node scripts/runOrderImport.js

[2026-05-17T09:14:21.421Z] OrderImport: found 0 file(s)
OrderImport: nothing to do.

> eform@1.0.0 import:orders
> node scripts/runOrderImport.js

[2026-05-17T09:14:52.080Z] OrderImport: found 0 file(s)
OrderImport: nothing to do.

> eform@1.0.0 import:orders
> node scripts/runOrderImport.js

[2026-05-17T09:15:22.734Z] OrderImport: found 0 file(s)
OrderImport: nothing to do.

> eform@1.0.0 import:orders
> node scripts/runOrderImport.js

[2026-05-17T09:15:53.415Z] OrderImport: found 0 file(s)
OrderImport: nothing to do.

> eform@1.0.0 import:orders
> node scripts/runOrderImport.js

[2026-05-17T09:16:24.069Z] OrderImport: found 0 file(s)
OrderImport: nothing to do.

> eform@1.0.0 import:orders
> node scripts/runOrderImport.js

[2026-05-17T09:16:54.739Z] OrderImport: found 0 file(s)
OrderImport: nothing to do.

> eform@1.0.0 import:orders
> node scripts/runOrderImport.js

[2026-05-17T09:17:25.374Z] OrderImport: found 0 file(s)
OrderImport: nothing to do.

> eform@1.0.0 import:orders
> node scripts/runOrderImport.js

[2026-05-17T09:17:56.054Z] OrderImport: found 0 file(s)
OrderImport: nothing to do.

> eform@1.0.0 import:orders
> node scripts/runOrderImport.js

[2026-05-17T09:18:26.717Z] OrderImport: found 0 file(s)
OrderImport: nothing to do.

> eform@1.0.0 import:orders
> node scripts/runOrderImport.js

[2026-05-17T09:18:57.383Z] OrderImport: found 0 file(s)
OrderImport: nothing to do.

> eform@1.0.0 import:orders
> node scripts/runOrderImport.js

[2026-05-17T09:19:28.024Z] OrderImport: found 0 file(s)
OrderImport: nothing to do.

> eform@1.0.0 import:orders
> node scripts/runOrderImport.js

[2026-05-17T09:19:58.640Z] OrderImport: found 0 file(s)
OrderImport: nothing to do.

> eform@1.0.0 import:orders
> node scripts/runOrderImport.js

[2026-05-17T09:20:29.280Z] OrderImport: found 0 file(s)
OrderImport: nothing to do.

> eform@1.0.0 import:orders
> node scripts/runOrderImport.js

[2026-05-17T09:20:59.954Z] OrderImport: found 0 file(s)
OrderImport: nothing to do.

> eform@1.0.0 import:orders
> node scripts/runOrderImport.js

[2026-05-17T09:21:30.610Z] OrderImport: found 0 file(s)
OrderImport: nothing to do.

> eform@1.0.0 import:orders
> node scripts/runOrderImport.js

[2026-05-17T09:22:01.252Z] OrderImport: found 0 file(s)
OrderImport: nothing to do.

> eform@1.0.0 import:orders
> node scripts/runOrderImport.js

[2026-05-17T09:22:31.907Z] OrderImport: found 0 file(s)
OrderImport: nothing to do.

> eform@1.0.0 import:orders
> node scripts/runOrderImport.js

[2026-05-17T09:23:02.585Z] OrderImport: found 0 file(s)
OrderImport: nothing to do.

> eform@1.0.0 import:orders
> node scripts/runOrderImport.js

[2026-05-17T09:23:33.260Z] OrderImport: found 0 file(s)
OrderImport: nothing to do.

> eform@1.0.0 import:orders
> node scripts/runOrderImport.js

[2026-05-17T09:24:03.910Z] OrderImport: found 0 file(s)
OrderImport: nothing to do.

> eform@1.0.0 import:orders
> node scripts/runOrderImport.js

[2026-05-17T09:24:34.532Z] OrderImport: found 0 file(s)
OrderImport: nothing to do.

> eform@1.0.0 import:orders
> node scripts/runOrderImport.js

[2026-05-17T09:25:05.165Z] OrderImport: found 0 file(s)
OrderImport: nothing to do.

> eform@1.0.0 import:orders
> node scripts/runOrderImport.js

[2026-05-17T09:25:35.818Z] OrderImport: found 0 file(s)
OrderImport: nothing to do.

> eform@1.0.0 import:orders
> node scripts/runOrderImport.js

[2026-05-17T09:26:06.518Z] OrderImport: found 0 file(s)
OrderImport: nothing to do.

> eform@1.0.0 import:orders
> node scripts/runOrderImport.js

[2026-05-17T09:26:37.169Z] OrderImport: found 0 file(s)
OrderImport: nothing to do.

> eform@1.0.0 import:orders
> node scripts/runOrderImport.js

[2026-05-17T09:27:07.837Z] OrderImport: found 0 file(s)
OrderImport: nothing to do.

> eform@1.0.0 import:orders
> node scripts/runOrderImport.js

[2026-05-17T09:27:38.473Z] OrderImport: found 0 file(s)
OrderImport: nothing to do.

> eform@1.0.0 import:orders
> node scripts/runOrderImport.js

[2026-05-17T09:28:09.122Z] OrderImport: found 0 file(s)
OrderImport: nothing to do.

> eform@1.0.0 import:orders
> node scripts/runOrderImport.js

[2026-05-17T09:28:39.750Z] OrderImport: found 0 file(s)
OrderImport: nothing to do.

> eform@1.0.0 import:orders
> node scripts/runOrderImport.js

[2026-05-17T09:29:10.398Z] OrderImport: found 0 file(s)
OrderImport: nothing to do.

> eform@1.0.0 import:orders
> node scripts/runOrderImport.js

[2026-05-17T09:29:41.050Z] OrderImport: found 0 file(s)
OrderImport: nothing to do.

> eform@1.0.0 import:orders
> node scripts/runOrderImport.js

[2026-05-17T09:30:11.703Z] OrderImport: found 0 file(s)
OrderImport: nothing to do.

> eform@1.0.0 import:orders
> node scripts/runOrderImport.js

[2026-05-17T09:30:42.391Z] OrderImport: found 0 file(s)
OrderImport: nothing to do.

> eform@1.0.0 import:orders
> node scripts/runOrderImport.js

[2026-05-17T09:31:13.041Z] OrderImport: found 0 file(s)
OrderImport: nothing to do.

> eform@1.0.0 import:orders
> node scripts/runOrderImport.js

[2026-05-17T09:31:43.695Z] OrderImport: found 0 file(s)
OrderImport: nothing to do.

> eform@1.0.0 import:orders
> node scripts/runOrderImport.js

[2026-05-17T09:32:14.338Z] OrderImport: found 0 file(s)
OrderImport: nothing to do.

> eform@1.0.0 import:orders
> node scripts/runOrderImport.js

[2026-05-17T09:32:44.981Z] OrderImport: found 0 file(s)
OrderImport: nothing to do.

> eform@1.0.0 import:orders
> node scripts/runOrderImport.js

[2026-05-17T09:33:15.665Z] OrderImport: found 0 file(s)
OrderImport: nothing to do.

> eform@1.0.0 import:orders
> node scripts/runOrderImport.js

[2026-05-17T09:33:46.296Z] OrderImport: found 0 file(s)
OrderImport: nothing to do.

> eform@1.0.0 import:orders
> node scripts/runOrderImport.js

[2026-05-17T09:34:16.972Z] OrderImport: found 0 file(s)
OrderImport: nothing to do.

> eform@1.0.0 import:orders
> node scripts/runOrderImport.js

[2026-05-17T09:34:47.616Z] OrderImport: found 0 file(s)
OrderImport: nothing to do.

> eform@1.0.0 import:orders
> node scripts/runOrderImport.js

[2026-05-17T09:35:18.256Z] OrderImport: found 0 file(s)
OrderImport: nothing to do.

> eform@1.0.0 import:orders
> node scripts/runOrderImport.js

[2026-05-17T09:35:48.895Z] OrderImport: found 0 file(s)
OrderImport: nothing to do.

> eform@1.0.0 import:orders
> node scripts/runOrderImport.js

[2026-05-17T09:36:19.548Z] OrderImport: found 0 file(s)
OrderImport: nothing to do.

> eform@1.0.0 import:orders
> node scripts/runOrderImport.js

[2026-05-17T09:36:50.218Z] OrderImport: found 0 file(s)
OrderImport: nothing to do.

> eform@1.0.0 import:orders
> node scripts/runOrderImport.js

[2026-05-17T09:37:20.890Z] OrderImport: found 0 file(s)
OrderImport: nothing to do.

> eform@1.0.0 import:orders
> node scripts/runOrderImport.js

[2026-05-17T09:37:51.522Z] OrderImport: found 0 file(s)
OrderImport: nothing to do.

> eform@1.0.0 import:orders
> node scripts/runOrderImport.js

[2026-05-17T09:38:22.207Z] OrderImport: found 0 file(s)
OrderImport: nothing to do.

> eform@1.0.0 import:orders
> node scripts/runOrderImport.js

[2026-05-17T09:38:52.877Z] OrderImport: found 0 file(s)
OrderImport: nothing to do.

> eform@1.0.0 import:orders
> node scripts/runOrderImport.js

[2026-05-17T09:39:23.541Z] OrderImport: found 0 file(s)
OrderImport: nothing to do.

> eform@1.0.0 import:orders
> node scripts/runOrderImport.js

[2026-05-17T09:39:54.199Z] OrderImport: found 0 file(s)
OrderImport: nothing to do.

> eform@1.0.0 import:orders
> node scripts/runOrderImport.js

[2026-05-17T09:40:24.867Z] OrderImport: found 0 file(s)
OrderImport: nothing to do.

> eform@1.0.0 import:orders
> node scripts/runOrderImport.js

[2026-05-17T09:40:55.509Z] OrderImport: found 0 file(s)
OrderImport: nothing to do.

> eform@1.0.0 import:orders
> node scripts/runOrderImport.js

[2026-05-17T09:41:26.182Z] OrderImport: found 0 file(s)
OrderImport: nothing to do.

> eform@1.0.0 import:orders
> node scripts/runOrderImport.js

[2026-05-17T09:41:56.817Z] OrderImport: found 0 file(s)
OrderImport: nothing to do.

> eform@1.0.0 import:orders
> node scripts/runOrderImport.js

[2026-05-17T09:42:27.488Z] OrderImport: found 0 file(s)
OrderImport: nothing to do.

> eform@1.0.0 import:orders
> node scripts/runOrderImport.js

[2026-05-17T09:42:58.166Z] OrderImport: found 0 file(s)
OrderImport: nothing to do.

> eform@1.0.0 import:orders
> node scripts/runOrderImport.js

[2026-05-17T09:43:28.824Z] OrderImport: found 0 file(s)
OrderImport: nothing to do.

> eform@1.0.0 import:orders
> node scripts/runOrderImport.js

[2026-05-17T09:43:59.451Z] OrderImport: found 0 file(s)
OrderImport: nothing to do.

> eform@1.0.0 import:orders
> node scripts/runOrderImport.js

[2026-05-17T09:44:30.087Z] OrderImport: found 0 file(s)
OrderImport: nothing to do.

> eform@1.0.0 import:orders
> node scripts/runOrderImport.js

[2026-05-17T09:45:00.800Z] OrderImport: found 0 file(s)
OrderImport: nothing to do.

> eform@1.0.0 import:orders
> node scripts/runOrderImport.js

[2026-05-17T09:45:31.477Z] OrderImport: found 0 file(s)
OrderImport: nothing to do.

> eform@1.0.0 import:orders
> node scripts/runOrderImport.js

[2026-05-17T09:46:02.124Z] OrderImport: found 0 file(s)
OrderImport: nothing to do.

> eform@1.0.0 import:orders
> node scripts/runOrderImport.js

[2026-05-17T09:46:32.779Z] OrderImport: found 0 file(s)
OrderImport: nothing to do.

> eform@1.0.0 import:orders
> node scripts/runOrderImport.js

[2026-05-17T09:47:03.420Z] OrderImport: found 0 file(s)
OrderImport: nothing to do.

> eform@1.0.0 import:orders
> node scripts/runOrderImport.js

[2026-05-17T09:47:34.053Z] OrderImport: found 0 file(s)
OrderImport: nothing to do.

> eform@1.0.0 import:orders
> node scripts/runOrderImport.js

[2026-05-17T09:48:04.735Z] OrderImport: found 0 file(s)
OrderImport: nothing to do.

> eform@1.0.0 import:orders
> node scripts/runOrderImport.js

[2026-05-17T09:48:35.378Z] OrderImport: found 0 file(s)
OrderImport: nothing to do.

> eform@1.0.0 import:orders
> node scripts/runOrderImport.js

[2026-05-17T09:49:06.018Z] OrderImport: found 0 file(s)
OrderImport: nothing to do.

> eform@1.0.0 import:orders
> node scripts/runOrderImport.js

[2026-05-17T09:49:36.664Z] OrderImport: found 0 file(s)
OrderImport: nothing to do.

> eform@1.0.0 import:orders
> node scripts/runOrderImport.js

[2026-05-17T09:50:07.324Z] OrderImport: found 0 file(s)
OrderImport: nothing to do.

> eform@1.0.0 import:orders
> node scripts/runOrderImport.js

[2026-05-17T09:50:38.039Z] OrderImport: found 0 file(s)
OrderImport: nothing to do.

> eform@1.0.0 import:orders
> node scripts/runOrderImport.js

[2026-05-17T09:51:08.677Z] OrderImport: found 0 file(s)
OrderImport: nothing to do.

> eform@1.0.0 import:orders
> node scripts/runOrderImport.js

[2026-05-17T09:51:39.338Z] OrderImport: found 0 file(s)
OrderImport: nothing to do.

> eform@1.0.0 import:orders
> node scripts/runOrderImport.js

[2026-05-17T09:52:09.984Z] OrderImport: found 0 file(s)
OrderImport: nothing to do.

> eform@1.0.0 import:orders
> node scripts/runOrderImport.js

[2026-05-17T09:52:40.652Z] OrderImport: found 0 file(s)
OrderImport: nothing to do.

> eform@1.0.0 import:orders
> node scripts/runOrderImport.js

[2026-05-17T09:53:11.303Z] OrderImport: found 0 file(s)
OrderImport: nothing to do.

> eform@1.0.0 import:orders
> node scripts/runOrderImport.js

[2026-05-17T09:53:41.935Z] OrderImport: found 0 file(s)
OrderImport: nothing to do.

> eform@1.0.0 import:orders
> node scripts/runOrderImport.js

[2026-05-17T09:54:12.574Z] OrderImport: found 0 file(s)
OrderImport: nothing to do.

> eform@1.0.0 import:orders
> node scripts/runOrderImport.js

[2026-05-17T09:54:43.207Z] OrderImport: found 0 file(s)
OrderImport: nothing to do.

> eform@1.0.0 import:orders
> node scripts/runOrderImport.js

[2026-05-17T09:55:13.825Z] OrderImport: found 0 file(s)
OrderImport: nothing to do.

> eform@1.0.0 import:orders
> node scripts/runOrderImport.js

[2026-05-17T09:55:44.468Z] OrderImport: found 0 file(s)
OrderImport: nothing to do.

> eform@1.0.0 import:orders
> node scripts/runOrderImport.js

[2026-05-17T09:56:15.127Z] OrderImport: found 0 file(s)
OrderImport: nothing to do.

> eform@1.0.0 import:orders
> node scripts/runOrderImport.js

[2026-05-17T09:56:45.790Z] OrderImport: found 0 file(s)
OrderImport: nothing to do.

> eform@1.0.0 import:orders
> node scripts/runOrderImport.js

[2026-05-17T09:57:16.452Z] OrderImport: found 0 file(s)
OrderImport: nothing to do.

> eform@1.0.0 import:orders
> node scripts/runOrderImport.js

[2026-05-17T09:57:47.089Z] OrderImport: found 0 file(s)
OrderImport: nothing to do.

> eform@1.0.0 import:orders
> node scripts/runOrderImport.js

[2026-05-17T09:58:17.735Z] OrderImport: found 0 file(s)
OrderImport: nothing to do.

> eform@1.0.0 import:orders
> node scripts/runOrderImport.js

[2026-05-17T09:58:48.391Z] OrderImport: found 0 file(s)
OrderImport: nothing to do.

> eform@1.0.0 import:orders
> node scripts/runOrderImport.js

[2026-05-17T09:59:19.038Z] OrderImport: found 0 file(s)
OrderImport: nothing to do.

> eform@1.0.0 import:orders
> node scripts/runOrderImport.js

[2026-05-17T09:59:49.683Z] OrderImport: found 0 file(s)
OrderImport: nothing to do.

> eform@1.0.0 import:orders
> node scripts/runOrderImport.js

[2026-05-17T10:00:20.329Z] OrderImport: found 0 file(s)
OrderImport: nothing to do.

> eform@1.0.0 import:orders
> node scripts/runOrderImport.js

[2026-05-17T10:00:50.957Z] OrderImport: found 0 file(s)
OrderImport: nothing to do.

> eform@1.0.0 import:orders
> node scripts/runOrderImport.js

[2026-05-17T10:01:21.719Z] OrderImport: found 0 file(s)
OrderImport: nothing to do.

> eform@1.0.0 import:orders
> node scripts/runOrderImport.js

[2026-05-17T10:01:52.366Z] OrderImport: found 0 file(s)
OrderImport: nothing to do.

> eform@1.0.0 import:orders
> node scripts/runOrderImport.js

[2026-05-17T10:02:23.024Z] OrderImport: found 0 file(s)
OrderImport: nothing to do.

> eform@1.0.0 import:orders
> node scripts/runOrderImport.js

[2026-05-17T10:02:53.670Z] OrderImport: found 0 file(s)
OrderImport: nothing to do.

> eform@1.0.0 import:orders
> node scripts/runOrderImport.js

[2026-05-17T10:03:24.365Z] OrderImport: found 0 file(s)
OrderImport: nothing to do.

> eform@1.0.0 import:orders
> node scripts/runOrderImport.js

[2026-05-17T10:03:55.028Z] OrderImport: found 0 file(s)
OrderImport: nothing to do.

> eform@1.0.0 import:orders
> node scripts/runOrderImport.js

[2026-05-17T10:04:25.717Z] OrderImport: found 0 file(s)
OrderImport: nothing to do.

> eform@1.0.0 import:orders
> node scripts/runOrderImport.js

[2026-05-17T10:04:56.361Z] OrderImport: found 0 file(s)
OrderImport: nothing to do.

> eform@1.0.0 import:orders
> node scripts/runOrderImport.js

[2026-05-17T10:05:27.012Z] OrderImport: found 0 file(s)
OrderImport: nothing to do.

> eform@1.0.0 import:orders
> node scripts/runOrderImport.js

[2026-05-17T10:05:57.656Z] OrderImport: found 0 file(s)
OrderImport: nothing to do.

> eform@1.0.0 import:orders
> node scripts/runOrderImport.js

[2026-05-17T10:06:28.329Z] OrderImport: found 0 file(s)
OrderImport: nothing to do.

> eform@1.0.0 import:orders
> node scripts/runOrderImport.js

[2026-05-17T10:06:58.966Z] OrderImport: found 0 file(s)
OrderImport: nothing to do.

> eform@1.0.0 import:orders
> node scripts/runOrderImport.js

[2026-05-17T10:07:29.648Z] OrderImport: found 0 file(s)
OrderImport: nothing to do.

> eform@1.0.0 import:orders
> node scripts/runOrderImport.js

[2026-05-17T10:08:00.289Z] OrderImport: found 0 file(s)
OrderImport: nothing to do.

> eform@1.0.0 import:orders
> node scripts/runOrderImport.js

[2026-05-17T10:08:30.962Z] OrderImport: found 0 file(s)
OrderImport: nothing to do.

> eform@1.0.0 import:orders
> node scripts/runOrderImport.js

[2026-05-17T10:09:01.618Z] OrderImport: found 0 file(s)
OrderImport: nothing to do.

> eform@1.0.0 import:orders
> node scripts/runOrderImport.js

[2026-05-17T10:09:32.255Z] OrderImport: found 0 file(s)
OrderImport: nothing to do.

> eform@1.0.0 import:orders
> node scripts/runOrderImport.js

[2026-05-17T10:10:03.076Z] OrderImport: found 0 file(s)
OrderImport: nothing to do.

> eform@1.0.0 import:orders
> node scripts/runOrderImport.js

[2026-05-17T10:10:33.725Z] OrderImport: found 0 file(s)
OrderImport: nothing to do.

> eform@1.0.0 import:orders
> node scripts/runOrderImport.js

[2026-05-17T10:11:04.383Z] OrderImport: found 0 file(s)
OrderImport: nothing to do.

> eform@1.0.0 import:orders
> node scripts/runOrderImport.js

[2026-05-17T10:11:35.055Z] OrderImport: found 0 file(s)
OrderImport: nothing to do.

> eform@1.0.0 import:orders
> node scripts/runOrderImport.js

[2026-05-17T10:12:05.715Z] OrderImport: found 0 file(s)
OrderImport: nothing to do.

> eform@1.0.0 import:orders
> node scripts/runOrderImport.js

[2026-05-17T10:12:36.365Z] OrderImport: found 0 file(s)
OrderImport: nothing to do.

> eform@1.0.0 import:orders
> node scripts/runOrderImport.js

[2026-05-17T10:13:07.005Z] OrderImport: found 0 file(s)
OrderImport: nothing to do.

> eform@1.0.0 import:orders
> node scripts/runOrderImport.js

[2026-05-17T10:13:37.702Z] OrderImport: found 0 file(s)
OrderImport: nothing to do.

> eform@1.0.0 import:orders
> node scripts/runOrderImport.js

[2026-05-17T10:14:08.382Z] OrderImport: found 0 file(s)
OrderImport: nothing to do.

> eform@1.0.0 import:orders
> node scripts/runOrderImport.js

[2026-05-17T10:14:39.029Z] OrderImport: found 0 file(s)
OrderImport: nothing to do.

> eform@1.0.0 import:orders
> node scripts/runOrderImport.js

[2026-05-17T10:15:09.711Z] OrderImport: found 0 file(s)
OrderImport: nothing to do.

> eform@1.0.0 import:orders
> node scripts/runOrderImport.js

[2026-05-17T10:15:40.377Z] OrderImport: found 0 file(s)
OrderImport: nothing to do.

> eform@1.0.0 import:orders
> node scripts/runOrderImport.js

[2026-05-17T10:16:11.022Z] OrderImport: found 0 file(s)
OrderImport: nothing to do.

> eform@1.0.0 import:orders
> node scripts/runOrderImport.js

[2026-05-17T10:16:41.666Z] OrderImport: found 0 file(s)
OrderImport: nothing to do.

> eform@1.0.0 import:orders
> node scripts/runOrderImport.js

[2026-05-17T10:17:12.333Z] OrderImport: found 0 file(s)
OrderImport: nothing to do.

> eform@1.0.0 import:orders
> node scripts/runOrderImport.js

[2026-05-17T10:17:43.011Z] OrderImport: found 0 file(s)
OrderImport: nothing to do.

> eform@1.0.0 import:orders
> node scripts/runOrderImport.js

[2026-05-17T10:18:13.642Z] OrderImport: found 0 file(s)
OrderImport: nothing to do.

> eform@1.0.0 import:orders
> node scripts/runOrderImport.js

[2026-05-17T10:18:44.287Z] OrderImport: found 0 file(s)
OrderImport: nothing to do.

> eform@1.0.0 import:orders
> node scripts/runOrderImport.js

[2026-05-17T10:19:14.935Z] OrderImport: found 0 file(s)
OrderImport: nothing to do.

> eform@1.0.0 import:orders
> node scripts/runOrderImport.js

[2026-05-17T10:19:45.587Z] OrderImport: found 0 file(s)
OrderImport: nothing to do.

> eform@1.0.0 import:orders
> node scripts/runOrderImport.js

[2026-05-17T10:20:16.251Z] OrderImport: found 0 file(s)
OrderImport: nothing to do.

> eform@1.0.0 import:orders
> node scripts/runOrderImport.js

[2026-05-17T10:20:46.902Z] OrderImport: found 0 file(s)
OrderImport: nothing to do.

> eform@1.0.0 import:orders
> node scripts/runOrderImport.js

[2026-05-17T10:21:17.542Z] OrderImport: found 0 file(s)
OrderImport: nothing to do.

> eform@1.0.0 import:orders
> node scripts/runOrderImport.js

[2026-05-17T10:21:48.179Z] OrderImport: found 0 file(s)
OrderImport: nothing to do.

> eform@1.0.0 import:orders
> node scripts/runOrderImport.js

[2026-05-17T10:22:18.822Z] OrderImport: found 0 file(s)
OrderImport: nothing to do.

> eform@1.0.0 import:orders
> node scripts/runOrderImport.js

[2026-05-17T10:22:49.482Z] OrderImport: found 0 file(s)
OrderImport: nothing to do.

> eform@1.0.0 import:orders
> node scripts/runOrderImport.js

[2026-05-17T10:23:20.154Z] OrderImport: found 0 file(s)
OrderImport: nothing to do.

> eform@1.0.0 import:orders
> node scripts/runOrderImport.js

[2026-05-17T10:23:50.835Z] OrderImport: found 0 file(s)
OrderImport: nothing to do.

> eform@1.0.0 import:orders
> node scripts/runOrderImport.js

[2026-05-17T10:24:21.482Z] OrderImport: found 0 file(s)
OrderImport: nothing to do.

> eform@1.0.0 import:orders
> node scripts/runOrderImport.js

[2026-05-17T10:24:52.157Z] OrderImport: found 0 file(s)
OrderImport: nothing to do.

> eform@1.0.0 import:orders
> node scripts/runOrderImport.js

[2026-05-17T10:25:22.814Z] OrderImport: found 0 file(s)
OrderImport: nothing to do.

> eform@1.0.0 import:orders
> node scripts/runOrderImport.js

[2026-05-17T10:25:53.461Z] OrderImport: found 0 file(s)
OrderImport: nothing to do.

> eform@1.0.0 import:orders
> node scripts/runOrderImport.js

[2026-05-17T10:26:24.126Z] OrderImport: found 0 file(s)
OrderImport: nothing to do.

> eform@1.0.0 import:orders
> node scripts/runOrderImport.js

[2026-05-17T10:26:54.793Z] OrderImport: found 0 file(s)
OrderImport: nothing to do.

> eform@1.0.0 import:orders
> node scripts/runOrderImport.js

[2026-05-17T10:27:25.431Z] OrderImport: found 0 file(s)
OrderImport: nothing to do.

> eform@1.0.0 import:orders
> node scripts/runOrderImport.js

[2026-05-17T10:27:56.080Z] OrderImport: found 0 file(s)
OrderImport: nothing to do.

> eform@1.0.0 import:orders
> node scripts/runOrderImport.js

[2026-05-17T10:28:26.733Z] OrderImport: found 0 file(s)
OrderImport: nothing to do.

> eform@1.0.0 import:orders
> node scripts/runOrderImport.js

[2026-05-17T10:28:57.374Z] OrderImport: found 0 file(s)
OrderImport: nothing to do.

> eform@1.0.0 import:orders
> node scripts/runOrderImport.js

[2026-05-17T10:29:28.051Z] OrderImport: found 0 file(s)
OrderImport: nothing to do.

> eform@1.0.0 import:orders
> node scripts/runOrderImport.js

[2026-05-17T10:29:58.695Z] OrderImport: found 0 file(s)
OrderImport: nothing to do.

> eform@1.0.0 import:orders
> node scripts/runOrderImport.js

[2026-05-17T10:30:29.343Z] OrderImport: found 0 file(s)
OrderImport: nothing to do.

> eform@1.0.0 import:orders
> node scripts/runOrderImport.js

[2026-05-17T10:31:00.015Z] OrderImport: found 0 file(s)
OrderImport: nothing to do.

> eform@1.0.0 import:orders
> node scripts/runOrderImport.js

[2026-05-17T10:31:30.696Z] OrderImport: found 0 file(s)
OrderImport: nothing to do.

> eform@1.0.0 import:orders
> node scripts/runOrderImport.js

[2026-05-17T10:32:01.343Z] OrderImport: found 0 file(s)
OrderImport: nothing to do.

> eform@1.0.0 import:orders
> node scripts/runOrderImport.js

[2026-05-17T10:32:32.017Z] OrderImport: found 0 file(s)
OrderImport: nothing to do.

> eform@1.0.0 import:orders
> node scripts/runOrderImport.js

[2026-05-17T10:33:02.660Z] OrderImport: found 0 file(s)
OrderImport: nothing to do.

> eform@1.0.0 import:orders
> node scripts/runOrderImport.js

[2026-05-17T10:33:33.305Z] OrderImport: found 0 file(s)
OrderImport: nothing to do.

> eform@1.0.0 import:orders
> node scripts/runOrderImport.js

[2026-05-17T10:34:03.933Z] OrderImport: found 0 file(s)
OrderImport: nothing to do.

> eform@1.0.0 import:orders
> node scripts/runOrderImport.js

[2026-05-17T10:34:34.614Z] OrderImport: found 0 file(s)
OrderImport: nothing to do.

> eform@1.0.0 import:orders
> node scripts/runOrderImport.js

[2026-05-17T10:35:05.271Z] OrderImport: found 0 file(s)
OrderImport: nothing to do.

> eform@1.0.0 import:orders
> node scripts/runOrderImport.js

[2026-05-17T10:35:35.918Z] OrderImport: found 0 file(s)
OrderImport: nothing to do.

> eform@1.0.0 import:orders
> node scripts/runOrderImport.js

[2026-05-17T10:36:06.556Z] OrderImport: found 0 file(s)
OrderImport: nothing to do.

> eform@1.0.0 import:orders
> node scripts/runOrderImport.js

[2026-05-17T10:36:37.215Z] OrderImport: found 0 file(s)
OrderImport: nothing to do.

> eform@1.0.0 import:orders
> node scripts/runOrderImport.js

[2026-05-17T10:37:07.860Z] OrderImport: found 0 file(s)
OrderImport: nothing to do.

> eform@1.0.0 import:orders
> node scripts/runOrderImport.js

[2026-05-17T10:37:38.506Z] OrderImport: found 0 file(s)
OrderImport: nothing to do.

> eform@1.0.0 import:orders
> node scripts/runOrderImport.js

[2026-05-17T10:38:09.153Z] OrderImport: found 0 file(s)
OrderImport: nothing to do.

> eform@1.0.0 import:orders
> node scripts/runOrderImport.js

[2026-05-17T10:38:39.802Z] OrderImport: found 0 file(s)
OrderImport: nothing to do.

> eform@1.0.0 import:orders
> node scripts/runOrderImport.js

[2026-05-17T10:39:10.440Z] OrderImport: found 0 file(s)
OrderImport: nothing to do.

> eform@1.0.0 import:orders
> node scripts/runOrderImport.js

[2026-05-17T10:39:41.073Z] OrderImport: found 0 file(s)
OrderImport: nothing to do.

> eform@1.0.0 import:orders
> node scripts/runOrderImport.js

[2026-05-17T10:40:11.733Z] OrderImport: found 0 file(s)
OrderImport: nothing to do.

> eform@1.0.0 import:orders
> node scripts/runOrderImport.js

[2026-05-17T10:40:42.396Z] OrderImport: found 0 file(s)
OrderImport: nothing to do.

> eform@1.0.0 import:orders
> node scripts/runOrderImport.js

[2026-05-17T10:41:13.039Z] OrderImport: found 0 file(s)
OrderImport: nothing to do.

> eform@1.0.0 import:orders
> node scripts/runOrderImport.js

[2026-05-17T10:41:43.685Z] OrderImport: found 0 file(s)
OrderImport: nothing to do.

> eform@1.0.0 import:orders
> node scripts/runOrderImport.js

[2026-05-17T10:42:14.314Z] OrderImport: found 0 file(s)
OrderImport: nothing to do.

> eform@1.0.0 import:orders
> node scripts/runOrderImport.js

[2026-05-17T10:42:44.983Z] OrderImport: found 0 file(s)
OrderImport: nothing to do.

> eform@1.0.0 import:orders
> node scripts/runOrderImport.js

[2026-05-17T10:43:15.618Z] OrderImport: found 0 file(s)
OrderImport: nothing to do.

> eform@1.0.0 import:orders
> node scripts/runOrderImport.js

[2026-05-17T10:43:46.220Z] OrderImport: found 0 file(s)
OrderImport: nothing to do.

> eform@1.0.0 import:orders
> node scripts/runOrderImport.js

[2026-05-17T10:44:16.881Z] OrderImport: found 0 file(s)
OrderImport: nothing to do.

> eform@1.0.0 import:orders
> node scripts/runOrderImport.js

[2026-05-17T10:44:47.529Z] OrderImport: found 0 file(s)
OrderImport: nothing to do.

> eform@1.0.0 import:orders
> node scripts/runOrderImport.js

[2026-05-17T10:45:18.171Z] OrderImport: found 0 file(s)
OrderImport: nothing to do.

> eform@1.0.0 import:orders
> node scripts/runOrderImport.js

[2026-05-17T10:45:48.873Z] OrderImport: found 0 file(s)
OrderImport: nothing to do.

> eform@1.0.0 import:orders
> node scripts/runOrderImport.js

[2026-05-17T10:46:19.520Z] OrderImport: found 0 file(s)
OrderImport: nothing to do.

> eform@1.0.0 import:orders
> node scripts/runOrderImport.js

[2026-05-17T10:46:50.172Z] OrderImport: found 0 file(s)
OrderImport: nothing to do.

> eform@1.0.0 import:orders
> node scripts/runOrderImport.js

[2026-05-17T10:47:20.801Z] OrderImport: found 0 file(s)
OrderImport: nothing to do.

> eform@1.0.0 import:orders
> node scripts/runOrderImport.js

[2026-05-17T10:47:51.438Z] OrderImport: found 0 file(s)
OrderImport: nothing to do.

> eform@1.0.0 import:orders
> node scripts/runOrderImport.js

[2026-05-17T10:48:22.104Z] OrderImport: found 0 file(s)
OrderImport: nothing to do.

> eform@1.0.0 import:orders
> node scripts/runOrderImport.js

[2026-05-17T10:48:52.755Z] OrderImport: found 0 file(s)
OrderImport: nothing to do.

> eform@1.0.0 import:orders
> node scripts/runOrderImport.js

[2026-05-17T10:49:23.398Z] OrderImport: found 0 file(s)
OrderImport: nothing to do.

> eform@1.0.0 import:orders
> node scripts/runOrderImport.js

[2026-05-17T10:49:54.046Z] OrderImport: found 0 file(s)
OrderImport: nothing to do.

> eform@1.0.0 import:orders
> node scripts/runOrderImport.js

[2026-05-17T10:50:24.727Z] OrderImport: found 0 file(s)
OrderImport: nothing to do.

> eform@1.0.0 import:orders
> node scripts/runOrderImport.js

[2026-05-17T10:50:55.364Z] OrderImport: found 0 file(s)
OrderImport: nothing to do.

> eform@1.0.0 import:orders
> node scripts/runOrderImport.js

[2026-05-17T10:51:26.019Z] OrderImport: found 0 file(s)
OrderImport: nothing to do.

> eform@1.0.0 import:orders
> node scripts/runOrderImport.js

[2026-05-17T10:51:56.657Z] OrderImport: found 0 file(s)
OrderImport: nothing to do.

> eform@1.0.0 import:orders
> node scripts/runOrderImport.js

[2026-05-17T10:52:27.311Z] OrderImport: found 0 file(s)
OrderImport: nothing to do.

> eform@1.0.0 import:orders
> node scripts/runOrderImport.js

[2026-05-17T10:52:57.950Z] OrderImport: found 0 file(s)
OrderImport: nothing to do.

> eform@1.0.0 import:orders
> node scripts/runOrderImport.js

[2026-05-17T10:53:28.618Z] OrderImport: found 0 file(s)
OrderImport: nothing to do.

> eform@1.0.0 import:orders
> node scripts/runOrderImport.js

[2026-05-17T10:53:59.266Z] OrderImport: found 0 file(s)
OrderImport: nothing to do.

> eform@1.0.0 import:orders
> node scripts/runOrderImport.js

[2026-05-17T10:54:29.935Z] OrderImport: found 0 file(s)
OrderImport: nothing to do.

> eform@1.0.0 import:orders
> node scripts/runOrderImport.js

[2026-05-17T10:55:00.618Z] OrderImport: found 0 file(s)
OrderImport: nothing to do.

> eform@1.0.0 import:orders
> node scripts/runOrderImport.js

[2026-05-17T10:55:31.270Z] OrderImport: found 0 file(s)
OrderImport: nothing to do.

> eform@1.0.0 import:orders
> node scripts/runOrderImport.js

[2026-05-17T10:56:01.916Z] OrderImport: found 0 file(s)
OrderImport: nothing to do.

> eform@1.0.0 import:orders
> node scripts/runOrderImport.js

[2026-05-17T10:56:32.567Z] OrderImport: found 0 file(s)
OrderImport: nothing to do.

> eform@1.0.0 import:orders
> node scripts/runOrderImport.js

[2026-05-17T10:57:03.209Z] OrderImport: found 0 file(s)
OrderImport: nothing to do.

> eform@1.0.0 import:orders
> node scripts/runOrderImport.js

[2026-05-17T10:57:33.861Z] OrderImport: found 0 file(s)
OrderImport: nothing to do.

> eform@1.0.0 import:orders
> node scripts/runOrderImport.js

[2026-05-17T10:58:04.519Z] OrderImport: found 0 file(s)
OrderImport: nothing to do.

> eform@1.0.0 import:orders
> node scripts/runOrderImport.js

[2026-05-17T10:58:35.169Z] OrderImport: found 0 file(s)
OrderImport: nothing to do.

> eform@1.0.0 import:orders
> node scripts/runOrderImport.js

[2026-05-17T10:59:05.800Z] OrderImport: found 0 file(s)
OrderImport: nothing to do.

> eform@1.0.0 import:orders
> node scripts/runOrderImport.js

[2026-05-17T10:59:36.478Z] OrderImport: found 0 file(s)
OrderImport: nothing to do.

> eform@1.0.0 import:orders
> node scripts/runOrderImport.js

[2026-05-17T11:00:07.270Z] OrderImport: found 0 file(s)
OrderImport: nothing to do.

> eform@1.0.0 import:orders
> node scripts/runOrderImport.js

[2026-05-17T11:00:37.928Z] OrderImport: found 0 file(s)
OrderImport: nothing to do.

> eform@1.0.0 import:orders
> node scripts/runOrderImport.js

[2026-05-17T11:01:08.596Z] OrderImport: found 0 file(s)
OrderImport: nothing to do.

> eform@1.0.0 import:orders
> node scripts/runOrderImport.js

[2026-05-17T11:01:39.285Z] OrderImport: found 0 file(s)
OrderImport: nothing to do.

> eform@1.0.0 import:orders
> node scripts/runOrderImport.js

[2026-05-17T11:02:09.963Z] OrderImport: found 0 file(s)
OrderImport: nothing to do.

> eform@1.0.0 import:orders
> node scripts/runOrderImport.js

[2026-05-17T11:02:40.624Z] OrderImport: found 0 file(s)
OrderImport: nothing to do.

> eform@1.0.0 import:orders
> node scripts/runOrderImport.js

[2026-05-17T11:03:11.299Z] OrderImport: found 0 file(s)
OrderImport: nothing to do.

> eform@1.0.0 import:orders
> node scripts/runOrderImport.js

[2026-05-17T11:03:41.964Z] OrderImport: found 0 file(s)
OrderImport: nothing to do.

> eform@1.0.0 import:orders
> node scripts/runOrderImport.js

[2026-05-17T11:04:12.616Z] OrderImport: found 0 file(s)
OrderImport: nothing to do.

> eform@1.0.0 import:orders
> node scripts/runOrderImport.js

[2026-05-17T11:04:43.252Z] OrderImport: found 0 file(s)
OrderImport: nothing to do.

> eform@1.0.0 import:orders
> node scripts/runOrderImport.js

[2026-05-17T11:05:13.907Z] OrderImport: found 0 file(s)
OrderImport: nothing to do.

> eform@1.0.0 import:orders
> node scripts/runOrderImport.js

[2026-05-17T11:05:44.604Z] OrderImport: found 0 file(s)
OrderImport: nothing to do.

> eform@1.0.0 import:orders
> node scripts/runOrderImport.js

[2026-05-17T11:06:15.275Z] OrderImport: found 0 file(s)
OrderImport: nothing to do.

> eform@1.0.0 import:orders
> node scripts/runOrderImport.js

[2026-05-17T11:06:45.937Z] OrderImport: found 0 file(s)
OrderImport: nothing to do.

> eform@1.0.0 import:orders
> node scripts/runOrderImport.js

[2026-05-17T11:07:16.623Z] OrderImport: found 0 file(s)
OrderImport: nothing to do.

> eform@1.0.0 import:orders
> node scripts/runOrderImport.js

[2026-05-17T11:07:47.289Z] OrderImport: found 0 file(s)
OrderImport: nothing to do.

> eform@1.0.0 import:orders
> node scripts/runOrderImport.js

[2026-05-17T11:08:17.930Z] OrderImport: found 0 file(s)
OrderImport: nothing to do.

> eform@1.0.0 import:orders
> node scripts/runOrderImport.js

[2026-05-17T11:08:48.567Z] OrderImport: found 0 file(s)
OrderImport: nothing to do.

> eform@1.0.0 import:orders
> node scripts/runOrderImport.js

[2026-05-17T11:09:19.213Z] OrderImport: found 0 file(s)
OrderImport: nothing to do.

> eform@1.0.0 import:orders
> node scripts/runOrderImport.js

[2026-05-17T11:09:49.861Z] OrderImport: found 0 file(s)
OrderImport: nothing to do.

> eform@1.0.0 import:orders
> node scripts/runOrderImport.js

[2026-05-17T11:10:20.510Z] OrderImport: found 0 file(s)
OrderImport: nothing to do.

> eform@1.0.0 import:orders
> node scripts/runOrderImport.js

[2026-05-17T11:10:51.184Z] OrderImport: found 0 file(s)
OrderImport: nothing to do.

> eform@1.0.0 import:orders
> node scripts/runOrderImport.js

[2026-05-17T11:11:21.854Z] OrderImport: found 0 file(s)
OrderImport: nothing to do.

> eform@1.0.0 import:orders
> node scripts/runOrderImport.js

[2026-05-17T11:11:52.504Z] OrderImport: found 0 file(s)
OrderImport: nothing to do.

> eform@1.0.0 import:orders
> node scripts/runOrderImport.js

[2026-05-17T11:12:23.141Z] OrderImport: found 0 file(s)
OrderImport: nothing to do.

> eform@1.0.0 import:orders
> node scripts/runOrderImport.js

[2026-05-17T11:12:53.820Z] OrderImport: found 0 file(s)
OrderImport: nothing to do.

> eform@1.0.0 import:orders
> node scripts/runOrderImport.js

[2026-05-17T11:13:24.454Z] OrderImport: found 0 file(s)
OrderImport: nothing to do.

> eform@1.0.0 import:orders
> node scripts/runOrderImport.js

[2026-05-17T11:13:55.110Z] OrderImport: found 0 file(s)
OrderImport: nothing to do.

> eform@1.0.0 import:orders
> node scripts/runOrderImport.js

[2026-05-17T11:14:25.780Z] OrderImport: found 0 file(s)
OrderImport: nothing to do.

> eform@1.0.0 import:orders
> node scripts/runOrderImport.js

[2026-05-17T11:14:56.441Z] OrderImport: found 0 file(s)
OrderImport: nothing to do.

> eform@1.0.0 import:orders
> node scripts/runOrderImport.js

[2026-05-17T11:15:27.081Z] OrderImport: found 0 file(s)
OrderImport: nothing to do.

> eform@1.0.0 import:orders
> node scripts/runOrderImport.js

[2026-05-17T11:15:57.735Z] OrderImport: found 0 file(s)
OrderImport: nothing to do.

> eform@1.0.0 import:orders
> node scripts/runOrderImport.js

[2026-05-17T11:16:28.400Z] OrderImport: found 0 file(s)
OrderImport: nothing to do.

> eform@1.0.0 import:orders
> node scripts/runOrderImport.js

[2026-05-17T11:16:59.040Z] OrderImport: found 0 file(s)
OrderImport: nothing to do.

> eform@1.0.0 import:orders
> node scripts/runOrderImport.js

[2026-05-17T11:17:29.695Z] OrderImport: found 0 file(s)
OrderImport: nothing to do.

> eform@1.0.0 import:orders
> node scripts/runOrderImport.js

[2026-05-17T11:18:00.365Z] OrderImport: found 0 file(s)
OrderImport: nothing to do.

> eform@1.0.0 import:orders
> node scripts/runOrderImport.js

[2026-05-17T11:18:31.023Z] OrderImport: found 0 file(s)
OrderImport: nothing to do.

> eform@1.0.0 import:orders
> node scripts/runOrderImport.js

[2026-05-17T11:19:01.674Z] OrderImport: found 0 file(s)
OrderImport: nothing to do.

> eform@1.0.0 import:orders
> node scripts/runOrderImport.js

[2026-05-17T11:19:32.307Z] OrderImport: found 0 file(s)
OrderImport: nothing to do.

> eform@1.0.0 import:orders
> node scripts/runOrderImport.js

[2026-05-17T11:20:03.028Z] OrderImport: found 0 file(s)
OrderImport: nothing to do.

> eform@1.0.0 import:orders
> node scripts/runOrderImport.js

[2026-05-17T11:20:33.704Z] OrderImport: found 0 file(s)
OrderImport: nothing to do.

> eform@1.0.0 import:orders
> node scripts/runOrderImport.js

[2026-05-17T11:21:04.380Z] OrderImport: found 0 file(s)
OrderImport: nothing to do.

> eform@1.0.0 import:orders
> node scripts/runOrderImport.js

[2026-05-17T11:21:35.030Z] OrderImport: found 0 file(s)
OrderImport: nothing to do.

> eform@1.0.0 import:orders
> node scripts/runOrderImport.js

[2026-05-17T11:22:05.684Z] OrderImport: found 0 file(s)
OrderImport: nothing to do.

> eform@1.0.0 import:orders
> node scripts/runOrderImport.js

[2026-05-17T11:22:36.304Z] OrderImport: found 0 file(s)
OrderImport: nothing to do.

> eform@1.0.0 import:orders
> node scripts/runOrderImport.js

[2026-05-17T11:23:06.938Z] OrderImport: found 0 file(s)
OrderImport: nothing to do.

> eform@1.0.0 import:orders
> node scripts/runOrderImport.js

[2026-05-17T11:23:37.577Z] OrderImport: found 0 file(s)
OrderImport: nothing to do.

> eform@1.0.0 import:orders
> node scripts/runOrderImport.js

[2026-05-17T11:24:08.295Z] OrderImport: found 0 file(s)
OrderImport: nothing to do.

> eform@1.0.0 import:orders
> node scripts/runOrderImport.js

[2026-05-17T11:24:38.950Z] OrderImport: found 0 file(s)
OrderImport: nothing to do.

> eform@1.0.0 import:orders
> node scripts/runOrderImport.js

[2026-05-17T11:25:09.596Z] OrderImport: found 0 file(s)
OrderImport: nothing to do.

> eform@1.0.0 import:orders
> node scripts/runOrderImport.js

[2026-05-17T11:25:40.240Z] OrderImport: found 0 file(s)
OrderImport: nothing to do.

> eform@1.0.0 import:orders
> node scripts/runOrderImport.js

[2026-05-17T11:26:10.934Z] OrderImport: found 0 file(s)
OrderImport: nothing to do.

> eform@1.0.0 import:orders
> node scripts/runOrderImport.js

[2026-05-17T11:26:41.593Z] OrderImport: found 0 file(s)
OrderImport: nothing to do.

> eform@1.0.0 import:orders
> node scripts/runOrderImport.js

[2026-05-17T11:27:12.232Z] OrderImport: found 0 file(s)
OrderImport: nothing to do.

> eform@1.0.0 import:orders
> node scripts/runOrderImport.js

[2026-05-17T11:27:42.869Z] OrderImport: found 0 file(s)
OrderImport: nothing to do.

> eform@1.0.0 import:orders
> node scripts/runOrderImport.js

[2026-05-17T11:28:13.534Z] OrderImport: found 0 file(s)
OrderImport: nothing to do.

> eform@1.0.0 import:orders
> node scripts/runOrderImport.js

[2026-05-17T11:28:44.185Z] OrderImport: found 0 file(s)
OrderImport: nothing to do.

> eform@1.0.0 import:orders
> node scripts/runOrderImport.js

[2026-05-17T11:29:14.822Z] OrderImport: found 0 file(s)
OrderImport: nothing to do.

> eform@1.0.0 import:orders
> node scripts/runOrderImport.js

[2026-05-17T11:29:45.477Z] OrderImport: found 0 file(s)
OrderImport: nothing to do.

> eform@1.0.0 import:orders
> node scripts/runOrderImport.js

[2026-05-17T11:30:16.149Z] OrderImport: found 0 file(s)
OrderImport: nothing to do.

> eform@1.0.0 import:orders
> node scripts/runOrderImport.js

[2026-05-17T11:30:46.789Z] OrderImport: found 0 file(s)
OrderImport: nothing to do.

> eform@1.0.0 import:orders
> node scripts/runOrderImport.js

[2026-05-17T11:31:17.494Z] OrderImport: found 0 file(s)
OrderImport: nothing to do.

> eform@1.0.0 import:orders
> node scripts/runOrderImport.js

[2026-05-17T11:31:48.133Z] OrderImport: found 0 file(s)
OrderImport: nothing to do.

> eform@1.0.0 import:orders
> node scripts/runOrderImport.js

[2026-05-17T11:32:18.799Z] OrderImport: found 0 file(s)
OrderImport: nothing to do.

> eform@1.0.0 import:orders
> node scripts/runOrderImport.js

[2026-05-17T11:32:49.457Z] OrderImport: found 0 file(s)
OrderImport: nothing to do.

> eform@1.0.0 import:orders
> node scripts/runOrderImport.js

[2026-05-17T11:33:20.102Z] OrderImport: found 0 file(s)
OrderImport: nothing to do.

> eform@1.0.0 import:orders
> node scripts/runOrderImport.js

[2026-05-17T11:33:50.763Z] OrderImport: found 0 file(s)
OrderImport: nothing to do.

> eform@1.0.0 import:orders
> node scripts/runOrderImport.js

[2026-05-17T11:34:21.449Z] OrderImport: found 0 file(s)
OrderImport: nothing to do.

> eform@1.0.0 import:orders
> node scripts/runOrderImport.js

[2026-05-17T11:34:52.095Z] OrderImport: found 0 file(s)
OrderImport: nothing to do.

> eform@1.0.0 import:orders
> node scripts/runOrderImport.js

[2026-05-17T11:35:22.735Z] OrderImport: found 0 file(s)
OrderImport: nothing to do.

> eform@1.0.0 import:orders
> node scripts/runOrderImport.js

[2026-05-17T11:35:53.374Z] OrderImport: found 0 file(s)
OrderImport: nothing to do.

> eform@1.0.0 import:orders
> node scripts/runOrderImport.js

[2026-05-17T11:36:24.035Z] OrderImport: found 0 file(s)
OrderImport: nothing to do.

> eform@1.0.0 import:orders
> node scripts/runOrderImport.js

[2026-05-17T11:36:54.726Z] OrderImport: found 0 file(s)
OrderImport: nothing to do.

> eform@1.0.0 import:orders
> node scripts/runOrderImport.js

[2026-05-17T11:37:25.380Z] OrderImport: found 0 file(s)
OrderImport: nothing to do.

> eform@1.0.0 import:orders
> node scripts/runOrderImport.js

[2026-05-17T11:37:56.065Z] OrderImport: found 0 file(s)
OrderImport: nothing to do.

> eform@1.0.0 import:orders
> node scripts/runOrderImport.js

[2026-05-17T11:38:26.734Z] OrderImport: found 0 file(s)
OrderImport: nothing to do.

> eform@1.0.0 import:orders
> node scripts/runOrderImport.js

[2026-05-17T11:38:57.372Z] OrderImport: found 0 file(s)
OrderImport: nothing to do.

> eform@1.0.0 import:orders
> node scripts/runOrderImport.js

[2026-05-17T11:39:28.024Z] OrderImport: found 0 file(s)
OrderImport: nothing to do.

> eform@1.0.0 import:orders
> node scripts/runOrderImport.js

[2026-05-17T11:39:58.711Z] OrderImport: found 0 file(s)
OrderImport: nothing to do.

> eform@1.0.0 import:orders
> node scripts/runOrderImport.js

[2026-05-17T11:40:29.362Z] OrderImport: found 0 file(s)
OrderImport: nothing to do.

> eform@1.0.0 import:orders
> node scripts/runOrderImport.js

[2026-05-17T11:41:00.010Z] OrderImport: found 0 file(s)
OrderImport: nothing to do.

> eform@1.0.0 import:orders
> node scripts/runOrderImport.js

[2026-05-17T11:41:30.659Z] OrderImport: found 0 file(s)
OrderImport: nothing to do.

> eform@1.0.0 import:orders
> node scripts/runOrderImport.js

[2026-05-17T11:42:01.295Z] OrderImport: found 0 file(s)
OrderImport: nothing to do.

> eform@1.0.0 import:orders
> node scripts/runOrderImport.js

[2026-05-17T11:42:32.000Z] OrderImport: found 0 file(s)
OrderImport: nothing to do.

> eform@1.0.0 import:orders
> node scripts/runOrderImport.js

[2026-05-17T11:43:02.657Z] OrderImport: found 0 file(s)
OrderImport: nothing to do.

> eform@1.0.0 import:orders
> node scripts/runOrderImport.js

[2026-05-17T11:43:33.327Z] OrderImport: found 0 file(s)
OrderImport: nothing to do.

> eform@1.0.0 import:orders
> node scripts/runOrderImport.js

[2026-05-17T11:44:03.971Z] OrderImport: found 0 file(s)
OrderImport: nothing to do.

> eform@1.0.0 import:orders
> node scripts/runOrderImport.js

[2026-05-17T11:44:34.623Z] OrderImport: found 0 file(s)
OrderImport: nothing to do.

> eform@1.0.0 import:orders
> node scripts/runOrderImport.js

[2026-05-17T11:45:05.323Z] OrderImport: found 0 file(s)
OrderImport: nothing to do.

> eform@1.0.0 import:orders
> node scripts/runOrderImport.js

[2026-05-17T11:45:36.043Z] OrderImport: found 0 file(s)
OrderImport: nothing to do.

> eform@1.0.0 import:orders
> node scripts/runOrderImport.js

[2026-05-17T11:46:06.699Z] OrderImport: found 0 file(s)
OrderImport: nothing to do.

> eform@1.0.0 import:orders
> node scripts/runOrderImport.js

[2026-05-17T11:46:37.343Z] OrderImport: found 0 file(s)
OrderImport: nothing to do.

> eform@1.0.0 import:orders
> node scripts/runOrderImport.js

[2026-05-17T11:47:08.011Z] OrderImport: found 0 file(s)
OrderImport: nothing to do.

> eform@1.0.0 import:orders
> node scripts/runOrderImport.js

[2026-05-17T11:47:38.636Z] OrderImport: found 0 file(s)
OrderImport: nothing to do.

> eform@1.0.0 import:orders
> node scripts/runOrderImport.js

[2026-05-17T11:48:09.298Z] OrderImport: found 0 file(s)
OrderImport: nothing to do.

> eform@1.0.0 import:orders
> node scripts/runOrderImport.js

[2026-05-17T11:48:39.956Z] OrderImport: found 0 file(s)
OrderImport: nothing to do.

> eform@1.0.0 import:orders
> node scripts/runOrderImport.js

[2026-05-17T11:49:10.594Z] OrderImport: found 0 file(s)
OrderImport: nothing to do.

> eform@1.0.0 import:orders
> node scripts/runOrderImport.js

[2026-05-17T11:49:41.241Z] OrderImport: found 0 file(s)
OrderImport: nothing to do.

> eform@1.0.0 import:orders
> node scripts/runOrderImport.js

[2026-05-17T11:50:11.895Z] OrderImport: found 0 file(s)
OrderImport: nothing to do.

> eform@1.0.0 import:orders
> node scripts/runOrderImport.js

[2026-05-17T11:50:42.516Z] OrderImport: found 0 file(s)
OrderImport: nothing to do.

> eform@1.0.0 import:orders
> node scripts/runOrderImport.js

[2026-05-17T11:51:13.151Z] OrderImport: found 0 file(s)
OrderImport: nothing to do.

> eform@1.0.0 import:orders
> node scripts/runOrderImport.js

[2026-05-17T11:51:43.807Z] OrderImport: found 0 file(s)
OrderImport: nothing to do.

> eform@1.0.0 import:orders
> node scripts/runOrderImport.js

[2026-05-17T11:52:14.464Z] OrderImport: found 0 file(s)
OrderImport: nothing to do.

> eform@1.0.0 import:orders
> node scripts/runOrderImport.js

[2026-05-17T11:52:45.101Z] OrderImport: found 0 file(s)
OrderImport: nothing to do.

> eform@1.0.0 import:orders
> node scripts/runOrderImport.js

[2026-05-17T11:53:15.734Z] OrderImport: found 0 file(s)
OrderImport: nothing to do.

> eform@1.0.0 import:orders
> node scripts/runOrderImport.js

[2026-05-17T11:53:46.409Z] OrderImport: found 0 file(s)
OrderImport: nothing to do.

> eform@1.0.0 import:orders
> node scripts/runOrderImport.js

[2026-05-17T11:54:17.079Z] OrderImport: found 0 file(s)
OrderImport: nothing to do.

> eform@1.0.0 import:orders
> node scripts/runOrderImport.js

[2026-05-17T11:54:47.707Z] OrderImport: found 0 file(s)
OrderImport: nothing to do.

> eform@1.0.0 import:orders
> node scripts/runOrderImport.js

[2026-05-17T11:55:18.352Z] OrderImport: found 0 file(s)
OrderImport: nothing to do.

> eform@1.0.0 import:orders
> node scripts/runOrderImport.js

[2026-05-17T11:55:49.014Z] OrderImport: found 0 file(s)
OrderImport: nothing to do.

> eform@1.0.0 import:orders
> node scripts/runOrderImport.js

[2026-05-17T11:56:19.655Z] OrderImport: found 0 file(s)
OrderImport: nothing to do.

> eform@1.0.0 import:orders
> node scripts/runOrderImport.js

[2026-05-17T11:56:50.274Z] OrderImport: found 0 file(s)
OrderImport: nothing to do.

> eform@1.0.0 import:orders
> node scripts/runOrderImport.js

[2026-05-17T11:57:20.918Z] OrderImport: found 0 file(s)
OrderImport: nothing to do.

> eform@1.0.0 import:orders
> node scripts/runOrderImport.js

[2026-05-17T11:57:51.566Z] OrderImport: found 0 file(s)
OrderImport: nothing to do.

> eform@1.0.0 import:orders
> node scripts/runOrderImport.js

[2026-05-17T11:58:22.248Z] OrderImport: found 0 file(s)
OrderImport: nothing to do.

> eform@1.0.0 import:orders
> node scripts/runOrderImport.js

[2026-05-17T11:58:52.928Z] OrderImport: found 0 file(s)
OrderImport: nothing to do.

> eform@1.0.0 import:orders
> node scripts/runOrderImport.js

[2026-05-17T11:59:23.651Z] OrderImport: found 0 file(s)
OrderImport: nothing to do.

> eform@1.0.0 import:orders
> node scripts/runOrderImport.js

[2026-05-17T11:59:54.300Z] OrderImport: found 0 file(s)
OrderImport: nothing to do.

> eform@1.0.0 import:orders
> node scripts/runOrderImport.js

[2026-05-17T12:00:24.954Z] OrderImport: found 0 file(s)
OrderImport: nothing to do.

> eform@1.0.0 import:orders
> node scripts/runOrderImport.js

[2026-05-17T12:00:55.618Z] OrderImport: found 0 file(s)
OrderImport: nothing to do.

> eform@1.0.0 import:orders
> node scripts/runOrderImport.js

[2026-05-17T12:01:26.262Z] OrderImport: found 0 file(s)
OrderImport: nothing to do.

> eform@1.0.0 import:orders
> node scripts/runOrderImport.js

[2026-05-17T12:01:56.944Z] OrderImport: found 0 file(s)
OrderImport: nothing to do.

> eform@1.0.0 import:orders
> node scripts/runOrderImport.js

[2026-05-17T12:02:27.600Z] OrderImport: found 0 file(s)
OrderImport: nothing to do.

> eform@1.0.0 import:orders
> node scripts/runOrderImport.js

[2026-05-17T12:02:58.236Z] OrderImport: found 0 file(s)
OrderImport: nothing to do.

> eform@1.0.0 import:orders
> node scripts/runOrderImport.js

[2026-05-17T12:03:28.894Z] OrderImport: found 0 file(s)
OrderImport: nothing to do.

> eform@1.0.0 import:orders
> node scripts/runOrderImport.js

[2026-05-17T12:03:59.575Z] OrderImport: found 0 file(s)
OrderImport: nothing to do.

> eform@1.0.0 import:orders
> node scripts/runOrderImport.js

[2026-05-17T12:04:30.242Z] OrderImport: found 0 file(s)
OrderImport: nothing to do.

> eform@1.0.0 import:orders
> node scripts/runOrderImport.js

[2026-05-17T12:05:00.933Z] OrderImport: found 0 file(s)
OrderImport: nothing to do.

> eform@1.0.0 import:orders
> node scripts/runOrderImport.js

[2026-05-17T12:05:31.638Z] OrderImport: found 0 file(s)
OrderImport: nothing to do.

> eform@1.0.0 import:orders
> node scripts/runOrderImport.js

[2026-05-17T12:06:02.275Z] OrderImport: found 0 file(s)
OrderImport: nothing to do.

> eform@1.0.0 import:orders
> node scripts/runOrderImport.js

[2026-05-17T12:06:32.946Z] OrderImport: found 0 file(s)
OrderImport: nothing to do.

> eform@1.0.0 import:orders
> node scripts/runOrderImport.js

[2026-05-17T12:07:03.585Z] OrderImport: found 0 file(s)
OrderImport: nothing to do.

> eform@1.0.0 import:orders
> node scripts/runOrderImport.js

[2026-05-17T12:07:34.247Z] OrderImport: found 0 file(s)
OrderImport: nothing to do.

> eform@1.0.0 import:orders
> node scripts/runOrderImport.js

[2026-05-17T12:08:04.895Z] OrderImport: found 0 file(s)
OrderImport: nothing to do.

> eform@1.0.0 import:orders
> node scripts/runOrderImport.js

[2026-05-17T12:08:35.574Z] OrderImport: found 0 file(s)
OrderImport: nothing to do.

> eform@1.0.0 import:orders
> node scripts/runOrderImport.js

[2026-05-17T12:09:06.195Z] OrderImport: found 0 file(s)
OrderImport: nothing to do.

> eform@1.0.0 import:orders
> node scripts/runOrderImport.js

[2026-05-17T12:09:36.850Z] OrderImport: found 0 file(s)
OrderImport: nothing to do.

> eform@1.0.0 import:orders
> node scripts/runOrderImport.js

[2026-05-17T12:10:07.495Z] OrderImport: found 0 file(s)
OrderImport: nothing to do.

> eform@1.0.0 import:orders
> node scripts/runOrderImport.js

[2026-05-17T12:10:38.135Z] OrderImport: found 0 file(s)
OrderImport: nothing to do.

> eform@1.0.0 import:orders
> node scripts/runOrderImport.js

[2026-05-17T12:11:08.758Z] OrderImport: found 0 file(s)
OrderImport: nothing to do.

> eform@1.0.0 import:orders
> node scripts/runOrderImport.js

[2026-05-17T12:11:39.442Z] OrderImport: found 0 file(s)
OrderImport: nothing to do.

> eform@1.0.0 import:orders
> node scripts/runOrderImport.js

[2026-05-17T12:12:10.095Z] OrderImport: found 0 file(s)
OrderImport: nothing to do.

> eform@1.0.0 import:orders
> node scripts/runOrderImport.js

[2026-05-17T12:12:40.797Z] OrderImport: found 0 file(s)
OrderImport: nothing to do.

> eform@1.0.0 import:orders
> node scripts/runOrderImport.js

[2026-05-17T12:13:11.465Z] OrderImport: found 0 file(s)
OrderImport: nothing to do.

> eform@1.0.0 import:orders
> node scripts/runOrderImport.js

[2026-05-17T12:13:42.106Z] OrderImport: found 0 file(s)
OrderImport: nothing to do.

> eform@1.0.0 import:orders
> node scripts/runOrderImport.js

[2026-05-17T12:14:12.755Z] OrderImport: found 0 file(s)
OrderImport: nothing to do.

> eform@1.0.0 import:orders
> node scripts/runOrderImport.js

[2026-05-17T12:14:43.417Z] OrderImport: found 0 file(s)
OrderImport: nothing to do.

> eform@1.0.0 import:orders
> node scripts/runOrderImport.js

[2026-05-17T12:15:14.080Z] OrderImport: found 0 file(s)
OrderImport: nothing to do.

> eform@1.0.0 import:orders
> node scripts/runOrderImport.js

[2026-05-17T12:15:44.764Z] OrderImport: found 0 file(s)
OrderImport: nothing to do.

> eform@1.0.0 import:orders
> node scripts/runOrderImport.js

[2026-05-17T12:16:15.416Z] OrderImport: found 0 file(s)
OrderImport: nothing to do.

> eform@1.0.0 import:orders
> node scripts/runOrderImport.js

[2026-05-17T12:16:46.055Z] OrderImport: found 0 file(s)
OrderImport: nothing to do.

> eform@1.0.0 import:orders
> node scripts/runOrderImport.js

[2026-05-17T12:17:16.694Z] OrderImport: found 0 file(s)
OrderImport: nothing to do.

> eform@1.0.0 import:orders
> node scripts/runOrderImport.js

[2026-05-17T12:17:47.406Z] OrderImport: found 0 file(s)
OrderImport: nothing to do.

> eform@1.0.0 import:orders
> node scripts/runOrderImport.js

[2026-05-17T12:18:18.048Z] OrderImport: found 0 file(s)
OrderImport: nothing to do.

> eform@1.0.0 import:orders
> node scripts/runOrderImport.js

[2026-05-17T12:18:48.702Z] OrderImport: found 0 file(s)
OrderImport: nothing to do.

> eform@1.0.0 import:orders
> node scripts/runOrderImport.js

[2026-05-17T12:19:19.360Z] OrderImport: found 0 file(s)
OrderImport: nothing to do.

> eform@1.0.0 import:orders
> node scripts/runOrderImport.js

[2026-05-17T12:19:50.000Z] OrderImport: found 0 file(s)
OrderImport: nothing to do.

> eform@1.0.0 import:orders
> node scripts/runOrderImport.js

[2026-05-17T12:20:20.649Z] OrderImport: found 0 file(s)
OrderImport: nothing to do.

> eform@1.0.0 import:orders
> node scripts/runOrderImport.js

[2026-05-17T12:20:51.331Z] OrderImport: found 0 file(s)
OrderImport: nothing to do.

> eform@1.0.0 import:orders
> node scripts/runOrderImport.js

[2026-05-17T12:21:22.005Z] OrderImport: found 0 file(s)
OrderImport: nothing to do.

> eform@1.0.0 import:orders
> node scripts/runOrderImport.js

[2026-05-17T12:21:52.624Z] OrderImport: found 0 file(s)
OrderImport: nothing to do.

> eform@1.0.0 import:orders
> node scripts/runOrderImport.js

[2026-05-17T12:22:23.265Z] OrderImport: found 0 file(s)
OrderImport: nothing to do.

> eform@1.0.0 import:orders
> node scripts/runOrderImport.js

[2026-05-17T12:22:53.899Z] OrderImport: found 0 file(s)
OrderImport: nothing to do.

> eform@1.0.0 import:orders
> node scripts/runOrderImport.js

[2026-05-17T12:23:24.575Z] OrderImport: found 0 file(s)
OrderImport: nothing to do.

> eform@1.0.0 import:orders
> node scripts/runOrderImport.js

[2026-05-17T12:23:55.212Z] OrderImport: found 0 file(s)
OrderImport: nothing to do.

> eform@1.0.0 import:orders
> node scripts/runOrderImport.js

[2026-05-17T12:24:25.848Z] OrderImport: found 0 file(s)
OrderImport: nothing to do.

> eform@1.0.0 import:orders
> node scripts/runOrderImport.js

[2026-05-17T12:24:56.478Z] OrderImport: found 0 file(s)
OrderImport: nothing to do.

> eform@1.0.0 import:orders
> node scripts/runOrderImport.js

[2026-05-17T12:25:27.140Z] OrderImport: found 0 file(s)
OrderImport: nothing to do.

> eform@1.0.0 import:orders
> node scripts/runOrderImport.js

[2026-05-17T12:25:57.809Z] OrderImport: found 0 file(s)
OrderImport: nothing to do.

> eform@1.0.0 import:orders
> node scripts/runOrderImport.js

[2026-05-17T12:26:28.508Z] OrderImport: found 0 file(s)
OrderImport: nothing to do.

> eform@1.0.0 import:orders
> node scripts/runOrderImport.js

[2026-05-17T12:26:59.174Z] OrderImport: found 0 file(s)
OrderImport: nothing to do.

> eform@1.0.0 import:orders
> node scripts/runOrderImport.js

[2026-05-17T12:27:29.838Z] OrderImport: found 0 file(s)
OrderImport: nothing to do.

> eform@1.0.0 import:orders
> node scripts/runOrderImport.js

[2026-05-17T12:28:00.512Z] OrderImport: found 0 file(s)
OrderImport: nothing to do.

> eform@1.0.0 import:orders
> node scripts/runOrderImport.js

[2026-05-17T12:28:31.173Z] OrderImport: found 0 file(s)
OrderImport: nothing to do.

> eform@1.0.0 import:orders
> node scripts/runOrderImport.js

[2026-05-17T12:29:01.793Z] OrderImport: found 0 file(s)
OrderImport: nothing to do.

> eform@1.0.0 import:orders
> node scripts/runOrderImport.js

[2026-05-17T12:29:32.434Z] OrderImport: found 0 file(s)
OrderImport: nothing to do.

> eform@1.0.0 import:orders
> node scripts/runOrderImport.js

[2026-05-17T12:30:03.129Z] OrderImport: found 0 file(s)
OrderImport: nothing to do.

> eform@1.0.0 import:orders
> node scripts/runOrderImport.js

[2026-05-17T12:30:33.796Z] OrderImport: found 0 file(s)
OrderImport: nothing to do.

> eform@1.0.0 import:orders
> node scripts/runOrderImport.js

[2026-05-17T12:31:04.429Z] OrderImport: found 0 file(s)
OrderImport: nothing to do.

> eform@1.0.0 import:orders
> node scripts/runOrderImport.js

[2026-05-17T12:31:35.082Z] OrderImport: found 0 file(s)
OrderImport: nothing to do.

> eform@1.0.0 import:orders
> node scripts/runOrderImport.js

[2026-05-17T12:32:05.757Z] OrderImport: found 0 file(s)
OrderImport: nothing to do.

> eform@1.0.0 import:orders
> node scripts/runOrderImport.js

[2026-05-17T12:32:36.430Z] OrderImport: found 0 file(s)
OrderImport: nothing to do.

> eform@1.0.0 import:orders
> node scripts/runOrderImport.js

[2026-05-17T12:33:07.069Z] OrderImport: found 0 file(s)
OrderImport: nothing to do.

> eform@1.0.0 import:orders
> node scripts/runOrderImport.js

[2026-05-17T12:33:37.710Z] OrderImport: found 0 file(s)
OrderImport: nothing to do.

> eform@1.0.0 import:orders
> node scripts/runOrderImport.js

[2026-05-17T12:34:08.352Z] OrderImport: found 0 file(s)
OrderImport: nothing to do.

> eform@1.0.0 import:orders
> node scripts/runOrderImport.js

[2026-05-17T12:34:38.987Z] OrderImport: found 0 file(s)
OrderImport: nothing to do.

> eform@1.0.0 import:orders
> node scripts/runOrderImport.js

[2026-05-17T12:35:09.638Z] OrderImport: found 0 file(s)
OrderImport: nothing to do.

> eform@1.0.0 import:orders
> node scripts/runOrderImport.js

[2026-05-17T12:35:40.301Z] OrderImport: found 0 file(s)
OrderImport: nothing to do.

> eform@1.0.0 import:orders
> node scripts/runOrderImport.js

[2026-05-17T12:36:10.960Z] OrderImport: found 0 file(s)
OrderImport: nothing to do.

> eform@1.0.0 import:orders
> node scripts/runOrderImport.js

[2026-05-17T12:36:41.598Z] OrderImport: found 0 file(s)
OrderImport: nothing to do.

> eform@1.0.0 import:orders
> node scripts/runOrderImport.js

[2026-05-17T12:37:12.269Z] OrderImport: found 0 file(s)
OrderImport: nothing to do.

> eform@1.0.0 import:orders
> node scripts/runOrderImport.js

[2026-05-17T12:37:42.969Z] OrderImport: found 0 file(s)
OrderImport: nothing to do.

> eform@1.0.0 import:orders
> node scripts/runOrderImport.js

[2026-05-17T12:38:13.601Z] OrderImport: found 0 file(s)
OrderImport: nothing to do.

> eform@1.0.0 import:orders
> node scripts/runOrderImport.js

[2026-05-17T12:38:44.242Z] OrderImport: found 0 file(s)
OrderImport: nothing to do.

> eform@1.0.0 import:orders
> node scripts/runOrderImport.js

[2026-05-17T12:39:14.907Z] OrderImport: found 0 file(s)
OrderImport: nothing to do.

> eform@1.0.0 import:orders
> node scripts/runOrderImport.js

[2026-05-17T12:39:45.538Z] OrderImport: found 0 file(s)
OrderImport: nothing to do.

> eform@1.0.0 import:orders
> node scripts/runOrderImport.js

[2026-05-17T12:40:16.173Z] OrderImport: found 0 file(s)
OrderImport: nothing to do.

> eform@1.0.0 import:orders
> node scripts/runOrderImport.js

[2026-05-17T12:40:46.827Z] OrderImport: found 0 file(s)
OrderImport: nothing to do.

> eform@1.0.0 import:orders
> node scripts/runOrderImport.js

[2026-05-17T12:41:17.506Z] OrderImport: found 0 file(s)
OrderImport: nothing to do.

> eform@1.0.0 import:orders
> node scripts/runOrderImport.js

[2026-05-17T12:41:48.166Z] OrderImport: found 0 file(s)
OrderImport: nothing to do.

> eform@1.0.0 import:orders
> node scripts/runOrderImport.js

[2026-05-17T12:42:18.794Z] OrderImport: found 0 file(s)
OrderImport: nothing to do.

> eform@1.0.0 import:orders
> node scripts/runOrderImport.js

[2026-05-17T12:42:49.471Z] OrderImport: found 0 file(s)
OrderImport: nothing to do.

> eform@1.0.0 import:orders
> node scripts/runOrderImport.js

[2026-05-17T12:43:20.106Z] OrderImport: found 0 file(s)
OrderImport: nothing to do.

> eform@1.0.0 import:orders
> node scripts/runOrderImport.js

[2026-05-17T12:43:50.769Z] OrderImport: found 0 file(s)
OrderImport: nothing to do.

> eform@1.0.0 import:orders
> node scripts/runOrderImport.js

[2026-05-17T12:44:21.445Z] OrderImport: found 0 file(s)
OrderImport: nothing to do.

> eform@1.0.0 import:orders
> node scripts/runOrderImport.js

[2026-05-17T12:44:52.134Z] OrderImport: found 0 file(s)
OrderImport: nothing to do.

> eform@1.0.0 import:orders
> node scripts/runOrderImport.js

[2026-05-17T12:45:22.795Z] OrderImport: found 0 file(s)
OrderImport: nothing to do.

> eform@1.0.0 import:orders
> node scripts/runOrderImport.js

[2026-05-17T12:45:53.451Z] OrderImport: found 0 file(s)
OrderImport: nothing to do.

> eform@1.0.0 import:orders
> node scripts/runOrderImport.js

[2026-05-17T12:46:24.097Z] OrderImport: found 0 file(s)
OrderImport: nothing to do.

> eform@1.0.0 import:orders
> node scripts/runOrderImport.js

[2026-05-17T12:46:54.746Z] OrderImport: found 0 file(s)
OrderImport: nothing to do.

> eform@1.0.0 import:orders
> node scripts/runOrderImport.js

[2026-05-17T12:47:25.429Z] OrderImport: found 0 file(s)
OrderImport: nothing to do.

> eform@1.0.0 import:orders
> node scripts/runOrderImport.js

[2026-05-17T12:47:56.112Z] OrderImport: found 0 file(s)
OrderImport: nothing to do.

> eform@1.0.0 import:orders
> node scripts/runOrderImport.js

[2026-05-17T12:48:26.754Z] OrderImport: found 0 file(s)
OrderImport: nothing to do.

> eform@1.0.0 import:orders
> node scripts/runOrderImport.js

[2026-05-17T12:48:57.471Z] OrderImport: found 0 file(s)
OrderImport: nothing to do.

> eform@1.0.0 import:orders
> node scripts/runOrderImport.js

[2026-05-17T12:49:28.227Z] OrderImport: found 0 file(s)
OrderImport: nothing to do.

> eform@1.0.0 import:orders
> node scripts/runOrderImport.js

[2026-05-17T12:49:58.951Z] OrderImport: found 0 file(s)
OrderImport: nothing to do.

> eform@1.0.0 import:orders
> node scripts/runOrderImport.js

[2026-05-17T12:50:29.588Z] OrderImport: found 0 file(s)
OrderImport: nothing to do.

> eform@1.0.0 import:orders
> node scripts/runOrderImport.js

[2026-05-17T12:51:00.264Z] OrderImport: found 0 file(s)
OrderImport: nothing to do.

> eform@1.0.0 import:orders
> node scripts/runOrderImport.js

[2026-05-17T12:51:30.931Z] OrderImport: found 0 file(s)
OrderImport: nothing to do.

> eform@1.0.0 import:orders
> node scripts/runOrderImport.js

[2026-05-17T12:52:01.573Z] OrderImport: found 0 file(s)
OrderImport: nothing to do.

> eform@1.0.0 import:orders
> node scripts/runOrderImport.js

[2026-05-17T12:52:32.235Z] OrderImport: found 0 file(s)
OrderImport: nothing to do.

> eform@1.0.0 import:orders
> node scripts/runOrderImport.js

[2026-05-17T12:53:02.898Z] OrderImport: found 0 file(s)
OrderImport: nothing to do.

> eform@1.0.0 import:orders
> node scripts/runOrderImport.js

[2026-05-17T12:53:33.581Z] OrderImport: found 0 file(s)
OrderImport: nothing to do.

> eform@1.0.0 import:orders
> node scripts/runOrderImport.js

[2026-05-17T12:54:04.227Z] OrderImport: found 0 file(s)
OrderImport: nothing to do.

> eform@1.0.0 import:orders
> node scripts/runOrderImport.js

[2026-05-17T12:54:34.859Z] OrderImport: found 0 file(s)
OrderImport: nothing to do.

> eform@1.0.0 import:orders
> node scripts/runOrderImport.js

[2026-05-17T12:55:05.501Z] OrderImport: found 0 file(s)
OrderImport: nothing to do.

> eform@1.0.0 import:orders
> node scripts/runOrderImport.js

[2026-05-17T12:55:36.165Z] OrderImport: found 0 file(s)
OrderImport: nothing to do.

> eform@1.0.0 import:orders
> node scripts/runOrderImport.js

[2026-05-17T12:56:06.807Z] OrderImport: found 0 file(s)
OrderImport: nothing to do.

> eform@1.0.0 import:orders
> node scripts/runOrderImport.js

[2026-05-17T12:56:37.464Z] OrderImport: found 0 file(s)
OrderImport: nothing to do.

> eform@1.0.0 import:orders
> node scripts/runOrderImport.js

[2026-05-17T12:57:08.137Z] OrderImport: found 0 file(s)
OrderImport: nothing to do.

> eform@1.0.0 import:orders
> node scripts/runOrderImport.js

[2026-05-17T12:57:38.777Z] OrderImport: found 0 file(s)
OrderImport: nothing to do.

> eform@1.0.0 import:orders
> node scripts/runOrderImport.js

[2026-05-17T12:58:09.429Z] OrderImport: found 0 file(s)
OrderImport: nothing to do.

> eform@1.0.0 import:orders
> node scripts/runOrderImport.js

[2026-05-17T12:58:40.083Z] OrderImport: found 0 file(s)
OrderImport: nothing to do.

> eform@1.0.0 import:orders
> node scripts/runOrderImport.js

[2026-05-17T12:59:10.733Z] OrderImport: found 0 file(s)
OrderImport: nothing to do.

> eform@1.0.0 import:orders
> node scripts/runOrderImport.js

[2026-05-17T12:59:41.408Z] OrderImport: found 0 file(s)
OrderImport: nothing to do.

> eform@1.0.0 import:orders
> node scripts/runOrderImport.js

[2026-05-17T13:00:12.065Z] OrderImport: found 0 file(s)
OrderImport: nothing to do.

> eform@1.0.0 import:orders
> node scripts/runOrderImport.js

[2026-05-17T13:00:42.768Z] OrderImport: found 0 file(s)
OrderImport: nothing to do.

> eform@1.0.0 import:orders
> node scripts/runOrderImport.js

[2026-05-17T13:01:13.418Z] OrderImport: found 0 file(s)
OrderImport: nothing to do.

> eform@1.0.0 import:orders
> node scripts/runOrderImport.js

[2026-05-17T13:01:44.054Z] OrderImport: found 0 file(s)
OrderImport: nothing to do.

> eform@1.0.0 import:orders
> node scripts/runOrderImport.js

[2026-05-17T13:02:14.704Z] OrderImport: found 0 file(s)
OrderImport: nothing to do.

> eform@1.0.0 import:orders
> node scripts/runOrderImport.js

[2026-05-17T13:02:45.348Z] OrderImport: found 0 file(s)
OrderImport: nothing to do.

> eform@1.0.0 import:orders
> node scripts/runOrderImport.js

[2026-05-17T13:03:16.009Z] OrderImport: found 0 file(s)
OrderImport: nothing to do.

> eform@1.0.0 import:orders
> node scripts/runOrderImport.js

[2026-05-17T13:03:46.642Z] OrderImport: found 0 file(s)
OrderImport: nothing to do.

> eform@1.0.0 import:orders
> node scripts/runOrderImport.js

[2026-05-17T13:04:17.290Z] OrderImport: found 0 file(s)
OrderImport: nothing to do.

> eform@1.0.0 import:orders
> node scripts/runOrderImport.js

[2026-05-17T13:04:47.942Z] OrderImport: found 0 file(s)
OrderImport: nothing to do.

> eform@1.0.0 import:orders
> node scripts/runOrderImport.js

[2026-05-17T13:05:18.584Z] OrderImport: found 0 file(s)
OrderImport: nothing to do.

> eform@1.0.0 import:orders
> node scripts/runOrderImport.js

[2026-05-17T13:05:49.280Z] OrderImport: found 0 file(s)
OrderImport: nothing to do.

> eform@1.0.0 import:orders
> node scripts/runOrderImport.js

[2026-05-17T13:06:19.984Z] OrderImport: found 0 file(s)
OrderImport: nothing to do.

> eform@1.0.0 import:orders
> node scripts/runOrderImport.js

[2026-05-17T13:06:50.646Z] OrderImport: found 0 file(s)
OrderImport: nothing to do.

> eform@1.0.0 import:orders
> node scripts/runOrderImport.js

[2026-05-17T13:07:21.330Z] OrderImport: found 0 file(s)
OrderImport: nothing to do.

> eform@1.0.0 import:orders
> node scripts/runOrderImport.js

[2026-05-17T13:07:51.957Z] OrderImport: found 0 file(s)
OrderImport: nothing to do.

> eform@1.0.0 import:orders
> node scripts/runOrderImport.js

[2026-05-17T13:08:22.606Z] OrderImport: found 0 file(s)
OrderImport: nothing to do.

> eform@1.0.0 import:orders
> node scripts/runOrderImport.js

[2026-05-17T13:08:53.264Z] OrderImport: found 0 file(s)
OrderImport: nothing to do.

> eform@1.0.0 import:orders
> node scripts/runOrderImport.js

[2026-05-17T13:09:23.913Z] OrderImport: found 0 file(s)
OrderImport: nothing to do.

> eform@1.0.0 import:orders
> node scripts/runOrderImport.js

[2026-05-17T13:09:54.572Z] OrderImport: found 0 file(s)
OrderImport: nothing to do.

> eform@1.0.0 import:orders
> node scripts/runOrderImport.js

[2026-05-17T13:10:25.221Z] OrderImport: found 0 file(s)
OrderImport: nothing to do.

> eform@1.0.0 import:orders
> node scripts/runOrderImport.js

[2026-05-17T13:10:55.890Z] OrderImport: found 0 file(s)
OrderImport: nothing to do.

> eform@1.0.0 import:orders
> node scripts/runOrderImport.js

[2026-05-17T13:11:26.549Z] OrderImport: found 0 file(s)
OrderImport: nothing to do.

> eform@1.0.0 import:orders
> node scripts/runOrderImport.js

[2026-05-17T13:11:57.187Z] OrderImport: found 0 file(s)
OrderImport: nothing to do.

> eform@1.0.0 import:orders
> node scripts/runOrderImport.js

[2026-05-17T13:12:27.841Z] OrderImport: found 0 file(s)
OrderImport: nothing to do.

> eform@1.0.0 import:orders
> node scripts/runOrderImport.js

[2026-05-17T13:12:58.486Z] OrderImport: found 0 file(s)
OrderImport: nothing to do.

> eform@1.0.0 import:orders
> node scripts/runOrderImport.js

[2026-05-17T13:13:29.119Z] OrderImport: found 0 file(s)
OrderImport: nothing to do.

> eform@1.0.0 import:orders
> node scripts/runOrderImport.js

[2026-05-17T13:13:59.776Z] OrderImport: found 0 file(s)
OrderImport: nothing to do.

> eform@1.0.0 import:orders
> node scripts/runOrderImport.js

[2026-05-17T13:14:30.415Z] OrderImport: found 0 file(s)
OrderImport: nothing to do.

> eform@1.0.0 import:orders
> node scripts/runOrderImport.js

[2026-05-17T13:15:01.122Z] OrderImport: found 0 file(s)
OrderImport: nothing to do.

> eform@1.0.0 import:orders
> node scripts/runOrderImport.js

[2026-05-17T13:15:31.787Z] OrderImport: found 0 file(s)
OrderImport: nothing to do.

> eform@1.0.0 import:orders
> node scripts/runOrderImport.js

[2026-05-17T13:16:02.462Z] OrderImport: found 0 file(s)
OrderImport: nothing to do.

> eform@1.0.0 import:orders
> node scripts/runOrderImport.js

[2026-05-17T13:16:33.108Z] OrderImport: found 0 file(s)
OrderImport: nothing to do.

> eform@1.0.0 import:orders
> node scripts/runOrderImport.js

[2026-05-17T13:17:03.761Z] OrderImport: found 0 file(s)
OrderImport: nothing to do.

> eform@1.0.0 import:orders
> node scripts/runOrderImport.js

[2026-05-17T13:17:34.402Z] OrderImport: found 0 file(s)
OrderImport: nothing to do.

> eform@1.0.0 import:orders
> node scripts/runOrderImport.js

[2026-05-17T13:18:05.106Z] OrderImport: found 0 file(s)
OrderImport: nothing to do.

> eform@1.0.0 import:orders
> node scripts/runOrderImport.js

[2026-05-17T13:18:35.797Z] OrderImport: found 0 file(s)
OrderImport: nothing to do.

> eform@1.0.0 import:orders
> node scripts/runOrderImport.js

[2026-05-17T13:19:06.441Z] OrderImport: found 0 file(s)
OrderImport: nothing to do.

> eform@1.0.0 import:orders
> node scripts/runOrderImport.js

[2026-05-17T13:19:37.130Z] OrderImport: found 0 file(s)
OrderImport: nothing to do.

> eform@1.0.0 import:orders
> node scripts/runOrderImport.js

[2026-05-17T13:20:07.787Z] OrderImport: found 0 file(s)
OrderImport: nothing to do.

> eform@1.0.0 import:orders
> node scripts/runOrderImport.js

[2026-05-17T13:20:38.469Z] OrderImport: found 0 file(s)
OrderImport: nothing to do.

> eform@1.0.0 import:orders
> node scripts/runOrderImport.js

[2026-05-17T13:21:09.145Z] OrderImport: found 0 file(s)
OrderImport: nothing to do.

> eform@1.0.0 import:orders
> node scripts/runOrderImport.js

[2026-05-17T13:21:39.802Z] OrderImport: found 0 file(s)
OrderImport: nothing to do.

> eform@1.0.0 import:orders
> node scripts/runOrderImport.js

[2026-05-17T13:22:10.458Z] OrderImport: found 0 file(s)
OrderImport: nothing to do.

> eform@1.0.0 import:orders
> node scripts/runOrderImport.js

[2026-05-17T13:22:41.150Z] OrderImport: found 0 file(s)
OrderImport: nothing to do.

> eform@1.0.0 import:orders
> node scripts/runOrderImport.js

[2026-05-17T13:23:11.835Z] OrderImport: found 0 file(s)
OrderImport: nothing to do.

> eform@1.0.0 import:orders
> node scripts/runOrderImport.js

[2026-05-17T13:23:42.500Z] OrderImport: found 0 file(s)
OrderImport: nothing to do.

> eform@1.0.0 import:orders
> node scripts/runOrderImport.js

[2026-05-17T13:24:13.152Z] OrderImport: found 0 file(s)
OrderImport: nothing to do.

> eform@1.0.0 import:orders
> node scripts/runOrderImport.js

[2026-05-17T13:24:43.810Z] OrderImport: found 0 file(s)
OrderImport: nothing to do.

> eform@1.0.0 import:orders
> node scripts/runOrderImport.js

[2026-05-17T13:25:14.475Z] OrderImport: found 0 file(s)
OrderImport: nothing to do.

> eform@1.0.0 import:orders
> node scripts/runOrderImport.js

[2026-05-17T13:25:45.118Z] OrderImport: found 0 file(s)
OrderImport: nothing to do.

> eform@1.0.0 import:orders
> node scripts/runOrderImport.js

[2026-05-17T13:26:15.768Z] OrderImport: found 0 file(s)
OrderImport: nothing to do.

> eform@1.0.0 import:orders
> node scripts/runOrderImport.js

[2026-05-17T13:26:46.418Z] OrderImport: found 0 file(s)
OrderImport: nothing to do.

> eform@1.0.0 import:orders
> node scripts/runOrderImport.js

[2026-05-17T13:27:17.098Z] OrderImport: found 0 file(s)
OrderImport: nothing to do.

> eform@1.0.0 import:orders
> node scripts/runOrderImport.js

[2026-05-17T13:27:47.789Z] OrderImport: found 0 file(s)
OrderImport: nothing to do.

> eform@1.0.0 import:orders
> node scripts/runOrderImport.js

[2026-05-17T13:28:18.442Z] OrderImport: found 0 file(s)
OrderImport: nothing to do.

> eform@1.0.0 import:orders
> node scripts/runOrderImport.js

[2026-05-17T13:28:49.136Z] OrderImport: found 0 file(s)
OrderImport: nothing to do.

> eform@1.0.0 import:orders
> node scripts/runOrderImport.js

[2026-05-17T13:29:19.800Z] OrderImport: found 0 file(s)
OrderImport: nothing to do.

> eform@1.0.0 import:orders
> node scripts/runOrderImport.js

[2026-05-17T13:29:50.469Z] OrderImport: found 0 file(s)
OrderImport: nothing to do.

> eform@1.0.0 import:orders
> node scripts/runOrderImport.js

[2026-05-17T13:30:21.125Z] OrderImport: found 0 file(s)
OrderImport: nothing to do.

> eform@1.0.0 import:orders
> node scripts/runOrderImport.js

[2026-05-17T13:30:51.790Z] OrderImport: found 0 file(s)
OrderImport: nothing to do.

> eform@1.0.0 import:orders
> node scripts/runOrderImport.js

[2026-05-17T13:31:22.475Z] OrderImport: found 0 file(s)
OrderImport: nothing to do.

> eform@1.0.0 import:orders
> node scripts/runOrderImport.js

[2026-05-17T13:31:53.123Z] OrderImport: found 0 file(s)
OrderImport: nothing to do.

> eform@1.0.0 import:orders
> node scripts/runOrderImport.js

[2026-05-17T13:32:23.774Z] OrderImport: found 0 file(s)
OrderImport: nothing to do.

> eform@1.0.0 import:orders
> node scripts/runOrderImport.js

[2026-05-17T13:32:54.511Z] OrderImport: found 0 file(s)
OrderImport: nothing to do.

> eform@1.0.0 import:orders
> node scripts/runOrderImport.js

[2026-05-17T13:33:25.175Z] OrderImport: found 0 file(s)
OrderImport: nothing to do.

> eform@1.0.0 import:orders
> node scripts/runOrderImport.js

[2026-05-17T13:33:55.839Z] OrderImport: found 0 file(s)
OrderImport: nothing to do.

> eform@1.0.0 import:orders
> node scripts/runOrderImport.js

[2026-05-17T13:34:26.486Z] OrderImport: found 0 file(s)
OrderImport: nothing to do.

> eform@1.0.0 import:orders
> node scripts/runOrderImport.js

[2026-05-17T13:34:57.140Z] OrderImport: found 0 file(s)
OrderImport: nothing to do.

> eform@1.0.0 import:orders
> node scripts/runOrderImport.js

[2026-05-17T13:35:27.785Z] OrderImport: found 0 file(s)
OrderImport: nothing to do.

> eform@1.0.0 import:orders
> node scripts/runOrderImport.js

[2026-05-17T13:35:58.409Z] OrderImport: found 0 file(s)
OrderImport: nothing to do.

> eform@1.0.0 import:orders
> node scripts/runOrderImport.js

[2026-05-17T13:36:29.052Z] OrderImport: found 0 file(s)
OrderImport: nothing to do.

> eform@1.0.0 import:orders
> node scripts/runOrderImport.js

[2026-05-17T13:36:59.696Z] OrderImport: found 0 file(s)
OrderImport: nothing to do.

> eform@1.0.0 import:orders
> node scripts/runOrderImport.js

[2026-05-17T13:37:30.329Z] OrderImport: found 0 file(s)
OrderImport: nothing to do.

> eform@1.0.0 import:orders
> node scripts/runOrderImport.js

[2026-05-17T13:38:01.031Z] OrderImport: found 0 file(s)
OrderImport: nothing to do.

> eform@1.0.0 import:orders
> node scripts/runOrderImport.js

[2026-05-17T13:38:31.697Z] OrderImport: found 0 file(s)
OrderImport: nothing to do.

> eform@1.0.0 import:orders
> node scripts/runOrderImport.js

[2026-05-17T13:39:02.357Z] OrderImport: found 0 file(s)
OrderImport: nothing to do.

> eform@1.0.0 import:orders
> node scripts/runOrderImport.js

[2026-05-17T13:39:32.990Z] OrderImport: found 0 file(s)
OrderImport: nothing to do.

> eform@1.0.0 import:orders
> node scripts/runOrderImport.js

[2026-05-17T13:40:03.665Z] OrderImport: found 0 file(s)
OrderImport: nothing to do.

> eform@1.0.0 import:orders
> node scripts/runOrderImport.js

[2026-05-17T13:40:34.366Z] OrderImport: found 0 file(s)
OrderImport: nothing to do.

> eform@1.0.0 import:orders
> node scripts/runOrderImport.js

[2026-05-17T13:41:05.014Z] OrderImport: found 0 file(s)
OrderImport: nothing to do.

> eform@1.0.0 import:orders
> node scripts/runOrderImport.js

[2026-05-17T13:41:35.640Z] OrderImport: found 0 file(s)
OrderImport: nothing to do.

> eform@1.0.0 import:orders
> node scripts/runOrderImport.js

[2026-05-17T13:42:06.284Z] OrderImport: found 0 file(s)
OrderImport: nothing to do.

> eform@1.0.0 import:orders
> node scripts/runOrderImport.js

[2026-05-17T13:42:36.937Z] OrderImport: found 0 file(s)
OrderImport: nothing to do.

> eform@1.0.0 import:orders
> node scripts/runOrderImport.js

[2026-05-17T13:43:07.606Z] OrderImport: found 0 file(s)
OrderImport: nothing to do.

> eform@1.0.0 import:orders
> node scripts/runOrderImport.js

[2026-05-17T13:43:38.261Z] OrderImport: found 0 file(s)
OrderImport: nothing to do.

> eform@1.0.0 import:orders
> node scripts/runOrderImport.js

[2026-05-17T13:44:08.935Z] OrderImport: found 0 file(s)
OrderImport: nothing to do.

> eform@1.0.0 import:orders
> node scripts/runOrderImport.js

[2026-05-17T13:44:39.595Z] OrderImport: found 0 file(s)
OrderImport: nothing to do.

> eform@1.0.0 import:orders
> node scripts/runOrderImport.js

[2026-05-17T13:45:10.231Z] OrderImport: found 0 file(s)
OrderImport: nothing to do.

> eform@1.0.0 import:orders
> node scripts/runOrderImport.js

[2026-05-17T13:45:40.881Z] OrderImport: found 0 file(s)
OrderImport: nothing to do.

> eform@1.0.0 import:orders
> node scripts/runOrderImport.js

[2026-05-17T13:46:11.527Z] OrderImport: found 0 file(s)
OrderImport: nothing to do.

> eform@1.0.0 import:orders
> node scripts/runOrderImport.js

[2026-05-17T13:46:42.170Z] OrderImport: found 0 file(s)
OrderImport: nothing to do.

> eform@1.0.0 import:orders
> node scripts/runOrderImport.js

[2026-05-17T13:47:12.839Z] OrderImport: found 0 file(s)
OrderImport: nothing to do.

> eform@1.0.0 import:orders
> node scripts/runOrderImport.js

[2026-05-17T13:47:43.482Z] OrderImport: found 0 file(s)
OrderImport: nothing to do.

> eform@1.0.0 import:orders
> node scripts/runOrderImport.js

[2026-05-17T13:48:14.128Z] OrderImport: found 0 file(s)
OrderImport: nothing to do.

> eform@1.0.0 import:orders
> node scripts/runOrderImport.js

[2026-05-17T13:48:44.785Z] OrderImport: found 0 file(s)
OrderImport: nothing to do.

> eform@1.0.0 import:orders
> node scripts/runOrderImport.js

[2026-05-17T13:49:15.457Z] OrderImport: found 0 file(s)
OrderImport: nothing to do.

> eform@1.0.0 import:orders
> node scripts/runOrderImport.js

[2026-05-17T13:49:46.139Z] OrderImport: found 0 file(s)
OrderImport: nothing to do.

> eform@1.0.0 import:orders
> node scripts/runOrderImport.js

[2026-05-17T13:50:16.796Z] OrderImport: found 0 file(s)
OrderImport: nothing to do.

> eform@1.0.0 import:orders
> node scripts/runOrderImport.js

[2026-05-17T13:50:47.489Z] OrderImport: found 0 file(s)
OrderImport: nothing to do.

> eform@1.0.0 import:orders
> node scripts/runOrderImport.js

[2026-05-17T13:51:18.165Z] OrderImport: found 0 file(s)
OrderImport: nothing to do.

> eform@1.0.0 import:orders
> node scripts/runOrderImport.js

[2026-05-17T13:51:48.805Z] OrderImport: found 0 file(s)
OrderImport: nothing to do.

> eform@1.0.0 import:orders
> node scripts/runOrderImport.js

[2026-05-17T13:52:19.435Z] OrderImport: found 0 file(s)
OrderImport: nothing to do.

> eform@1.0.0 import:orders
> node scripts/runOrderImport.js

[2026-05-17T13:52:50.104Z] OrderImport: found 0 file(s)
OrderImport: nothing to do.

> eform@1.0.0 import:orders
> node scripts/runOrderImport.js

[2026-05-17T13:53:20.747Z] OrderImport: found 0 file(s)
OrderImport: nothing to do.

> eform@1.0.0 import:orders
> node scripts/runOrderImport.js

[2026-05-17T13:53:51.426Z] OrderImport: found 0 file(s)
OrderImport: nothing to do.

> eform@1.0.0 import:orders
> node scripts/runOrderImport.js

[2026-05-17T13:54:22.056Z] OrderImport: found 0 file(s)
OrderImport: nothing to do.

> eform@1.0.0 import:orders
> node scripts/runOrderImport.js

[2026-05-17T13:54:52.762Z] OrderImport: found 0 file(s)
OrderImport: nothing to do.

> eform@1.0.0 import:orders
> node scripts/runOrderImport.js

[2026-05-17T13:55:23.411Z] OrderImport: found 0 file(s)
OrderImport: nothing to do.

> eform@1.0.0 import:orders
> node scripts/runOrderImport.js

[2026-05-17T13:55:54.063Z] OrderImport: found 0 file(s)
OrderImport: nothing to do.

> eform@1.0.0 import:orders
> node scripts/runOrderImport.js

[2026-05-17T13:56:24.708Z] OrderImport: found 0 file(s)
OrderImport: nothing to do.

> eform@1.0.0 import:orders
> node scripts/runOrderImport.js

[2026-05-17T13:56:55.346Z] OrderImport: found 0 file(s)
OrderImport: nothing to do.

> eform@1.0.0 import:orders
> node scripts/runOrderImport.js

[2026-05-17T13:57:25.988Z] OrderImport: found 0 file(s)
OrderImport: nothing to do.

> eform@1.0.0 import:orders
> node scripts/runOrderImport.js

[2026-05-17T13:57:56.655Z] OrderImport: found 0 file(s)
OrderImport: nothing to do.

> eform@1.0.0 import:orders
> node scripts/runOrderImport.js

[2026-05-17T13:58:27.302Z] OrderImport: found 0 file(s)
OrderImport: nothing to do.

> eform@1.0.0 import:orders
> node scripts/runOrderImport.js

[2026-05-17T13:58:57.950Z] OrderImport: found 0 file(s)
OrderImport: nothing to do.

> eform@1.0.0 import:orders
> node scripts/runOrderImport.js

[2026-05-17T13:59:28.605Z] OrderImport: found 0 file(s)
OrderImport: nothing to do.

> eform@1.0.0 import:orders
> node scripts/runOrderImport.js

[2026-05-17T13:59:59.295Z] OrderImport: found 0 file(s)
OrderImport: nothing to do.

> eform@1.0.0 import:orders
> node scripts/runOrderImport.js

[2026-05-17T14:00:29.977Z] OrderImport: found 0 file(s)
OrderImport: nothing to do.

> eform@1.0.0 import:orders
> node scripts/runOrderImport.js

[2026-05-17T14:01:00.663Z] OrderImport: found 0 file(s)
OrderImport: nothing to do.

> eform@1.0.0 import:orders
> node scripts/runOrderImport.js

[2026-05-17T14:01:31.300Z] OrderImport: found 0 file(s)
OrderImport: nothing to do.

> eform@1.0.0 import:orders
> node scripts/runOrderImport.js

[2026-05-17T14:02:01.940Z] OrderImport: found 0 file(s)
OrderImport: nothing to do.

> eform@1.0.0 import:orders
> node scripts/runOrderImport.js

[2026-05-17T14:02:32.581Z] OrderImport: found 0 file(s)
OrderImport: nothing to do.

> eform@1.0.0 import:orders
> node scripts/runOrderImport.js

[2026-05-17T14:03:03.247Z] OrderImport: found 0 file(s)
OrderImport: nothing to do.

> eform@1.0.0 import:orders
> node scripts/runOrderImport.js

[2026-05-17T14:03:33.890Z] OrderImport: found 0 file(s)
OrderImport: nothing to do.

> eform@1.0.0 import:orders
> node scripts/runOrderImport.js

[2026-05-17T14:04:04.569Z] OrderImport: found 0 file(s)
OrderImport: nothing to do.

> eform@1.0.0 import:orders
> node scripts/runOrderImport.js

[2026-05-17T14:04:35.207Z] OrderImport: found 0 file(s)
OrderImport: nothing to do.

> eform@1.0.0 import:orders
> node scripts/runOrderImport.js

[2026-05-17T14:05:05.848Z] OrderImport: found 0 file(s)
OrderImport: nothing to do.

> eform@1.0.0 import:orders
> node scripts/runOrderImport.js

[2026-05-17T14:05:36.520Z] OrderImport: found 0 file(s)
OrderImport: nothing to do.

> eform@1.0.0 import:orders
> node scripts/runOrderImport.js

[2026-05-17T14:06:07.204Z] OrderImport: found 0 file(s)
OrderImport: nothing to do.

> eform@1.0.0 import:orders
> node scripts/runOrderImport.js

[2026-05-17T14:06:37.868Z] OrderImport: found 0 file(s)
OrderImport: nothing to do.

> eform@1.0.0 import:orders
> node scripts/runOrderImport.js

[2026-05-17T14:07:08.519Z] OrderImport: found 0 file(s)
OrderImport: nothing to do.

> eform@1.0.0 import:orders
> node scripts/runOrderImport.js

[2026-05-17T14:07:39.207Z] OrderImport: found 0 file(s)
OrderImport: nothing to do.

> eform@1.0.0 import:orders
> node scripts/runOrderImport.js

[2026-05-17T14:08:09.891Z] OrderImport: found 0 file(s)
OrderImport: nothing to do.

> eform@1.0.0 import:orders
> node scripts/runOrderImport.js

[2026-05-17T14:08:40.543Z] OrderImport: found 0 file(s)
OrderImport: nothing to do.

> eform@1.0.0 import:orders
> node scripts/runOrderImport.js

[2026-05-17T14:09:11.199Z] OrderImport: found 0 file(s)
OrderImport: nothing to do.

> eform@1.0.0 import:orders
> node scripts/runOrderImport.js

[2026-05-17T14:09:41.827Z] OrderImport: found 0 file(s)
OrderImport: nothing to do.

> eform@1.0.0 import:orders
> node scripts/runOrderImport.js

[2026-05-17T14:10:12.473Z] OrderImport: found 0 file(s)
OrderImport: nothing to do.

> eform@1.0.0 import:orders
> node scripts/runOrderImport.js

[2026-05-17T14:10:43.128Z] OrderImport: found 0 file(s)
OrderImport: nothing to do.

> eform@1.0.0 import:orders
> node scripts/runOrderImport.js

[2026-05-17T14:11:13.782Z] OrderImport: found 0 file(s)
OrderImport: nothing to do.

> eform@1.0.0 import:orders
> node scripts/runOrderImport.js

[2026-05-17T14:11:44.433Z] OrderImport: found 0 file(s)
OrderImport: nothing to do.

> eform@1.0.0 import:orders
> node scripts/runOrderImport.js

[2026-05-17T14:12:15.098Z] OrderImport: found 0 file(s)
OrderImport: nothing to do.

> eform@1.0.0 import:orders
> node scripts/runOrderImport.js

[2026-05-17T14:12:45.790Z] OrderImport: found 0 file(s)
OrderImport: nothing to do.

> eform@1.0.0 import:orders
> node scripts/runOrderImport.js

[2026-05-17T14:13:16.425Z] OrderImport: found 0 file(s)
OrderImport: nothing to do.

> eform@1.0.0 import:orders
> node scripts/runOrderImport.js

[2026-05-17T14:13:47.069Z] OrderImport: found 0 file(s)
OrderImport: nothing to do.

> eform@1.0.0 import:orders
> node scripts/runOrderImport.js

[2026-05-17T14:14:17.701Z] OrderImport: found 0 file(s)
OrderImport: nothing to do.

> eform@1.0.0 import:orders
> node scripts/runOrderImport.js

[2026-05-17T14:14:48.334Z] OrderImport: found 0 file(s)
OrderImport: nothing to do.

> eform@1.0.0 import:orders
> node scripts/runOrderImport.js

[2026-05-17T14:15:18.992Z] OrderImport: found 0 file(s)
OrderImport: nothing to do.

> eform@1.0.0 import:orders
> node scripts/runOrderImport.js

[2026-05-17T14:15:49.653Z] OrderImport: found 0 file(s)
OrderImport: nothing to do.

> eform@1.0.0 import:orders
> node scripts/runOrderImport.js

[2026-05-17T14:16:20.337Z] OrderImport: found 0 file(s)
OrderImport: nothing to do.

> eform@1.0.0 import:orders
> node scripts/runOrderImport.js

[2026-05-17T14:16:50.962Z] OrderImport: found 0 file(s)
OrderImport: nothing to do.

> eform@1.0.0 import:orders
> node scripts/runOrderImport.js

[2026-05-17T14:17:21.624Z] OrderImport: found 0 file(s)
OrderImport: nothing to do.

> eform@1.0.0 import:orders
> node scripts/runOrderImport.js

[2026-05-17T14:17:52.296Z] OrderImport: found 0 file(s)
OrderImport: nothing to do.

> eform@1.0.0 import:orders
> node scripts/runOrderImport.js

[2026-05-17T14:18:22.959Z] OrderImport: found 0 file(s)
OrderImport: nothing to do.

> eform@1.0.0 import:orders
> node scripts/runOrderImport.js

[2026-05-17T14:18:53.620Z] OrderImport: found 0 file(s)
OrderImport: nothing to do.

> eform@1.0.0 import:orders
> node scripts/runOrderImport.js

[2026-05-17T14:19:24.305Z] OrderImport: found 0 file(s)
OrderImport: nothing to do.

> eform@1.0.0 import:orders
> node scripts/runOrderImport.js

[2026-05-17T14:19:54.962Z] OrderImport: found 0 file(s)
OrderImport: nothing to do.

> eform@1.0.0 import:orders
> node scripts/runOrderImport.js

[2026-05-17T14:20:25.618Z] OrderImport: found 0 file(s)
OrderImport: nothing to do.

> eform@1.0.0 import:orders
> node scripts/runOrderImport.js

[2026-05-17T14:20:56.259Z] OrderImport: found 0 file(s)
OrderImport: nothing to do.

> eform@1.0.0 import:orders
> node scripts/runOrderImport.js

[2026-05-17T14:21:26.889Z] OrderImport: found 0 file(s)
OrderImport: nothing to do.

> eform@1.0.0 import:orders
> node scripts/runOrderImport.js

[2026-05-17T14:21:57.542Z] OrderImport: found 0 file(s)
OrderImport: nothing to do.

> eform@1.0.0 import:orders
> node scripts/runOrderImport.js

[2026-05-17T14:22:28.206Z] OrderImport: found 0 file(s)
OrderImport: nothing to do.

> eform@1.0.0 import:orders
> node scripts/runOrderImport.js

[2026-05-17T14:22:58.851Z] OrderImport: found 0 file(s)
OrderImport: nothing to do.

> eform@1.0.0 import:orders
> node scripts/runOrderImport.js

[2026-05-17T14:23:29.537Z] OrderImport: found 0 file(s)
OrderImport: nothing to do.

> eform@1.0.0 import:orders
> node scripts/runOrderImport.js

[2026-05-17T14:24:00.196Z] OrderImport: found 0 file(s)
OrderImport: nothing to do.

> eform@1.0.0 import:orders
> node scripts/runOrderImport.js

[2026-05-17T14:24:30.836Z] OrderImport: found 0 file(s)
OrderImport: nothing to do.

> eform@1.0.0 import:orders
> node scripts/runOrderImport.js

[2026-05-17T14:25:01.491Z] OrderImport: found 0 file(s)
OrderImport: nothing to do.

> eform@1.0.0 import:orders
> node scripts/runOrderImport.js

[2026-05-17T14:25:32.144Z] OrderImport: found 0 file(s)
OrderImport: nothing to do.

> eform@1.0.0 import:orders
> node scripts/runOrderImport.js

[2026-05-17T14:26:02.792Z] OrderImport: found 0 file(s)
OrderImport: nothing to do.

> eform@1.0.0 import:orders
> node scripts/runOrderImport.js

[2026-05-17T14:26:33.431Z] OrderImport: found 0 file(s)
OrderImport: nothing to do.

> eform@1.0.0 import:orders
> node scripts/runOrderImport.js

[2026-05-17T14:27:04.062Z] OrderImport: found 0 file(s)
OrderImport: nothing to do.

> eform@1.0.0 import:orders
> node scripts/runOrderImport.js

[2026-05-17T14:27:34.714Z] OrderImport: found 0 file(s)
OrderImport: nothing to do.

> eform@1.0.0 import:orders
> node scripts/runOrderImport.js

[2026-05-17T14:28:05.386Z] OrderImport: found 0 file(s)
OrderImport: nothing to do.

> eform@1.0.0 import:orders
> node scripts/runOrderImport.js

[2026-05-17T14:28:36.082Z] OrderImport: found 0 file(s)
OrderImport: nothing to do.

> eform@1.0.0 import:orders
> node scripts/runOrderImport.js

[2026-05-17T14:29:06.742Z] OrderImport: found 0 file(s)
OrderImport: nothing to do.

> eform@1.0.0 import:orders
> node scripts/runOrderImport.js

[2026-05-17T14:29:37.377Z] OrderImport: found 0 file(s)
OrderImport: nothing to do.

> eform@1.0.0 import:orders
> node scripts/runOrderImport.js

[2026-05-17T14:30:08.023Z] OrderImport: found 0 file(s)
OrderImport: nothing to do.

> eform@1.0.0 import:orders
> node scripts/runOrderImport.js

[2026-05-17T14:30:38.675Z] OrderImport: found 0 file(s)
OrderImport: nothing to do.

> eform@1.0.0 import:orders
> node scripts/runOrderImport.js

[2026-05-17T14:31:09.310Z] OrderImport: found 0 file(s)
OrderImport: nothing to do.

> eform@1.0.0 import:orders
> node scripts/runOrderImport.js

[2026-05-17T14:31:39.958Z] OrderImport: found 0 file(s)
OrderImport: nothing to do.

> eform@1.0.0 import:orders
> node scripts/runOrderImport.js

[2026-05-17T14:32:10.610Z] OrderImport: found 0 file(s)
OrderImport: nothing to do.

> eform@1.0.0 import:orders
> node scripts/runOrderImport.js

[2026-05-17T14:32:41.283Z] OrderImport: found 0 file(s)
OrderImport: nothing to do.

> eform@1.0.0 import:orders
> node scripts/runOrderImport.js

[2026-05-17T14:33:11.924Z] OrderImport: found 0 file(s)
OrderImport: nothing to do.

> eform@1.0.0 import:orders
> node scripts/runOrderImport.js

[2026-05-17T14:33:42.577Z] OrderImport: found 0 file(s)
OrderImport: nothing to do.

> eform@1.0.0 import:orders
> node scripts/runOrderImport.js

[2026-05-17T14:34:13.205Z] OrderImport: found 1 file(s)
[2026-05-17T14:34:18.930Z] Imported order id=2565 for user=TCN positions=4
OK    HKL_TCN_270932_20260517_163405.json  ->  order id=2565
OrderImport: 1/1 imported.

> eform@1.0.0 import:orders
> node scripts/runOrderImport.js

[2026-05-17T14:34:50.005Z] OrderImport: found 0 file(s)
OrderImport: nothing to do.

> eform@1.0.0 import:orders
> node scripts/runOrderImport.js

[2026-05-17T14:35:20.727Z] OrderImport: found 0 file(s)
OrderImport: nothing to do.

> eform@1.0.0 import:orders
> node scripts/runOrderImport.js

[2026-05-17T14:35:51.393Z] OrderImport: found 0 file(s)
OrderImport: nothing to do.

> eform@1.0.0 import:orders
> node scripts/runOrderImport.js

[2026-05-17T14:36:22.028Z] OrderImport: found 0 file(s)
OrderImport: nothing to do.

> eform@1.0.0 import:orders
> node scripts/runOrderImport.js

[2026-05-17T14:36:52.667Z] OrderImport: found 0 file(s)
OrderImport: nothing to do.

> eform@1.0.0 import:orders
> node scripts/runOrderImport.js

[2026-05-17T14:37:23.313Z] OrderImport: found 0 file(s)
OrderImport: nothing to do.

> eform@1.0.0 import:orders
> node scripts/runOrderImport.js

[2026-05-17T14:37:53.987Z] OrderImport: found 0 file(s)
OrderImport: nothing to do.

> eform@1.0.0 import:orders
> node scripts/runOrderImport.js

[2026-05-17T14:38:24.646Z] OrderImport: found 0 file(s)
OrderImport: nothing to do.

> eform@1.0.0 import:orders
> node scripts/runOrderImport.js

[2026-05-17T14:38:55.277Z] OrderImport: found 0 file(s)
OrderImport: nothing to do.

> eform@1.0.0 import:orders
> node scripts/runOrderImport.js

[2026-05-17T14:39:25.949Z] OrderImport: found 0 file(s)
OrderImport: nothing to do.

> eform@1.0.0 import:orders
> node scripts/runOrderImport.js

[2026-05-17T14:39:56.598Z] OrderImport: found 0 file(s)
OrderImport: nothing to do.

> eform@1.0.0 import:orders
> node scripts/runOrderImport.js

[2026-05-17T14:40:27.224Z] OrderImport: found 0 file(s)
OrderImport: nothing to do.

> eform@1.0.0 import:orders
> node scripts/runOrderImport.js

[2026-05-17T14:40:57.853Z] OrderImport: found 0 file(s)
OrderImport: nothing to do.

> eform@1.0.0 import:orders
> node scripts/runOrderImport.js

[2026-05-17T14:41:28.503Z] OrderImport: found 0 file(s)
OrderImport: nothing to do.

> eform@1.0.0 import:orders
> node scripts/runOrderImport.js

[2026-05-17T14:41:59.167Z] OrderImport: found 0 file(s)
OrderImport: nothing to do.

> eform@1.0.0 import:orders
> node scripts/runOrderImport.js

[2026-05-17T14:42:29.842Z] OrderImport: found 0 file(s)
OrderImport: nothing to do.

> eform@1.0.0 import:orders
> node scripts/runOrderImport.js

[2026-05-17T14:43:00.511Z] OrderImport: found 0 file(s)
OrderImport: nothing to do.

> eform@1.0.0 import:orders
> node scripts/runOrderImport.js

[2026-05-17T14:43:31.170Z] OrderImport: found 0 file(s)
OrderImport: nothing to do.

> eform@1.0.0 import:orders
> node scripts/runOrderImport.js

[2026-05-17T14:44:01.815Z] OrderImport: found 0 file(s)
OrderImport: nothing to do.

> eform@1.0.0 import:orders
> node scripts/runOrderImport.js

[2026-05-17T14:44:32.449Z] OrderImport: found 0 file(s)
OrderImport: nothing to do.

> eform@1.0.0 import:orders
> node scripts/runOrderImport.js

[2026-05-17T14:45:03.152Z] OrderImport: found 0 file(s)
OrderImport: nothing to do.

> eform@1.0.0 import:orders
> node scripts/runOrderImport.js

[2026-05-17T14:45:33.856Z] OrderImport: found 0 file(s)
OrderImport: nothing to do.

> eform@1.0.0 import:orders
> node scripts/runOrderImport.js

[2026-05-17T14:46:04.500Z] OrderImport: found 0 file(s)
OrderImport: nothing to do.

> eform@1.0.0 import:orders
> node scripts/runOrderImport.js

[2026-05-17T14:46:35.134Z] OrderImport: found 0 file(s)
OrderImport: nothing to do.

> eform@1.0.0 import:orders
> node scripts/runOrderImport.js

[2026-05-17T14:47:05.764Z] OrderImport: found 0 file(s)
OrderImport: nothing to do.

> eform@1.0.0 import:orders
> node scripts/runOrderImport.js

[2026-05-17T14:47:36.427Z] OrderImport: found 0 file(s)
OrderImport: nothing to do.

> eform@1.0.0 import:orders
> node scripts/runOrderImport.js

[2026-05-17T14:48:07.079Z] OrderImport: found 0 file(s)
OrderImport: nothing to do.

> eform@1.0.0 import:orders
> node scripts/runOrderImport.js

[2026-05-17T14:48:37.728Z] OrderImport: found 0 file(s)
OrderImport: nothing to do.

> eform@1.0.0 import:orders
> node scripts/runOrderImport.js

[2026-05-17T14:49:08.396Z] OrderImport: found 0 file(s)
OrderImport: nothing to do.

> eform@1.0.0 import:orders
> node scripts/runOrderImport.js

[2026-05-17T14:49:39.042Z] OrderImport: found 0 file(s)
OrderImport: nothing to do.

> eform@1.0.0 import:orders
> node scripts/runOrderImport.js

[2026-05-17T14:50:09.682Z] OrderImport: found 0 file(s)
OrderImport: nothing to do.

> eform@1.0.0 import:orders
> node scripts/runOrderImport.js

[2026-05-17T14:50:40.338Z] OrderImport: found 0 file(s)
OrderImport: nothing to do.

> eform@1.0.0 import:orders
> node scripts/runOrderImport.js

[2026-05-17T14:51:10.981Z] OrderImport: found 0 file(s)
OrderImport: nothing to do.

> eform@1.0.0 import:orders
> node scripts/runOrderImport.js

[2026-05-17T14:51:41.635Z] OrderImport: found 0 file(s)
OrderImport: nothing to do.

> eform@1.0.0 import:orders
> node scripts/runOrderImport.js

[2026-05-17T14:52:12.303Z] OrderImport: found 0 file(s)
OrderImport: nothing to do.

> eform@1.0.0 import:orders
> node scripts/runOrderImport.js

[2026-05-17T14:52:42.964Z] OrderImport: found 0 file(s)
OrderImport: nothing to do.

> eform@1.0.0 import:orders
> node scripts/runOrderImport.js

[2026-05-17T14:53:13.664Z] OrderImport: found 0 file(s)
OrderImport: nothing to do.

> eform@1.0.0 import:orders
> node scripts/runOrderImport.js

[2026-05-17T14:53:44.328Z] OrderImport: found 0 file(s)
OrderImport: nothing to do.

> eform@1.0.0 import:orders
> node scripts/runOrderImport.js

[2026-05-17T14:54:14.979Z] OrderImport: found 0 file(s)
OrderImport: nothing to do.

> eform@1.0.0 import:orders
> node scripts/runOrderImport.js

[2026-05-17T14:54:45.666Z] OrderImport: found 0 file(s)
OrderImport: nothing to do.

> eform@1.0.0 import:orders
> node scripts/runOrderImport.js

[2026-05-17T14:55:16.306Z] OrderImport: found 0 file(s)
OrderImport: nothing to do.

> eform@1.0.0 import:orders
> node scripts/runOrderImport.js

[2026-05-17T14:55:46.955Z] OrderImport: found 0 file(s)
OrderImport: nothing to do.

> eform@1.0.0 import:orders
> node scripts/runOrderImport.js

[2026-05-17T14:56:17.610Z] OrderImport: found 0 file(s)
OrderImport: nothing to do.

> eform@1.0.0 import:orders
> node scripts/runOrderImport.js

[2026-05-17T14:56:48.288Z] OrderImport: found 0 file(s)
OrderImport: nothing to do.

> eform@1.0.0 import:orders
> node scripts/runOrderImport.js

[2026-05-17T14:57:18.991Z] OrderImport: found 0 file(s)
OrderImport: nothing to do.

> eform@1.0.0 import:orders
> node scripts/runOrderImport.js

[2026-05-17T14:57:49.636Z] OrderImport: found 0 file(s)
OrderImport: nothing to do.

> eform@1.0.0 import:orders
> node scripts/runOrderImport.js

[2026-05-17T14:58:20.293Z] OrderImport: found 0 file(s)
OrderImport: nothing to do.

> eform@1.0.0 import:orders
> node scripts/runOrderImport.js

[2026-05-17T14:58:50.960Z] OrderImport: found 0 file(s)
OrderImport: nothing to do.

> eform@1.0.0 import:orders
> node scripts/runOrderImport.js

[2026-05-17T14:59:21.608Z] OrderImport: found 0 file(s)
OrderImport: nothing to do.

> eform@1.0.0 import:orders
> node scripts/runOrderImport.js

[2026-05-17T14:59:52.253Z] OrderImport: found 0 file(s)
OrderImport: nothing to do.

> eform@1.0.0 import:orders
> node scripts/runOrderImport.js

[2026-05-17T15:00:22.895Z] OrderImport: found 0 file(s)
OrderImport: nothing to do.

> eform@1.0.0 import:orders
> node scripts/runOrderImport.js

[2026-05-17T15:00:53.553Z] OrderImport: found 0 file(s)
OrderImport: nothing to do.

> eform@1.0.0 import:orders
> node scripts/runOrderImport.js

[2026-05-17T15:01:24.238Z] OrderImport: found 0 file(s)
OrderImport: nothing to do.

> eform@1.0.0 import:orders
> node scripts/runOrderImport.js

[2026-05-17T15:01:54.919Z] OrderImport: found 0 file(s)
OrderImport: nothing to do.

> eform@1.0.0 import:orders
> node scripts/runOrderImport.js

[2026-05-17T15:02:25.594Z] OrderImport: found 0 file(s)
OrderImport: nothing to do.

> eform@1.0.0 import:orders
> node scripts/runOrderImport.js

[2026-05-17T15:02:56.239Z] OrderImport: found 0 file(s)
OrderImport: nothing to do.

> eform@1.0.0 import:orders
> node scripts/runOrderImport.js

[2026-05-17T15:03:26.863Z] OrderImport: found 0 file(s)
OrderImport: nothing to do.

> eform@1.0.0 import:orders
> node scripts/runOrderImport.js

[2026-05-17T15:03:57.495Z] OrderImport: found 0 file(s)
OrderImport: nothing to do.

> eform@1.0.0 import:orders
> node scripts/runOrderImport.js

[2026-05-17T15:04:28.173Z] OrderImport: found 0 file(s)
OrderImport: nothing to do.

> eform@1.0.0 import:orders
> node scripts/runOrderImport.js

[2026-05-17T15:04:58.842Z] OrderImport: found 0 file(s)
OrderImport: nothing to do.

> eform@1.0.0 import:orders
> node scripts/runOrderImport.js

[2026-05-17T15:05:29.477Z] OrderImport: found 0 file(s)
OrderImport: nothing to do.

> eform@1.0.0 import:orders
> node scripts/runOrderImport.js

[2026-05-17T15:06:00.105Z] OrderImport: found 0 file(s)
OrderImport: nothing to do.

> eform@1.0.0 import:orders
> node scripts/runOrderImport.js

[2026-05-17T15:06:30.760Z] OrderImport: found 0 file(s)
OrderImport: nothing to do.

> eform@1.0.0 import:orders
> node scripts/runOrderImport.js

[2026-05-17T15:07:01.394Z] OrderImport: found 0 file(s)
OrderImport: nothing to do.

> eform@1.0.0 import:orders
> node scripts/runOrderImport.js

[2026-05-17T15:07:32.049Z] OrderImport: found 0 file(s)
OrderImport: nothing to do.

> eform@1.0.0 import:orders
> node scripts/runOrderImport.js

[2026-05-17T15:08:02.664Z] OrderImport: found 0 file(s)
OrderImport: nothing to do.

> eform@1.0.0 import:orders
> node scripts/runOrderImport.js

[2026-05-17T15:08:33.296Z] OrderImport: found 0 file(s)
OrderImport: nothing to do.

> eform@1.0.0 import:orders
> node scripts/runOrderImport.js

[2026-05-17T15:09:03.978Z] OrderImport: found 0 file(s)
OrderImport: nothing to do.

> eform@1.0.0 import:orders
> node scripts/runOrderImport.js

[2026-05-17T15:09:34.614Z] OrderImport: found 0 file(s)
OrderImport: nothing to do.

> eform@1.0.0 import:orders
> node scripts/runOrderImport.js

[2026-05-17T15:10:05.259Z] OrderImport: found 0 file(s)
OrderImport: nothing to do.

> eform@1.0.0 import:orders
> node scripts/runOrderImport.js

[2026-05-17T15:10:35.914Z] OrderImport: found 0 file(s)
OrderImport: nothing to do.

> eform@1.0.0 import:orders
> node scripts/runOrderImport.js

[2026-05-17T15:11:06.561Z] OrderImport: found 0 file(s)
OrderImport: nothing to do.

> eform@1.0.0 import:orders
> node scripts/runOrderImport.js

[2026-05-17T15:11:37.256Z] OrderImport: found 0 file(s)
OrderImport: nothing to do.

> eform@1.0.0 import:orders
> node scripts/runOrderImport.js

[2026-05-17T15:12:07.924Z] OrderImport: found 0 file(s)
OrderImport: nothing to do.

> eform@1.0.0 import:orders
> node scripts/runOrderImport.js

[2026-05-17T15:12:38.551Z] OrderImport: found 0 file(s)
OrderImport: nothing to do.

> eform@1.0.0 import:orders
> node scripts/runOrderImport.js

[2026-05-17T15:13:09.189Z] OrderImport: found 0 file(s)
OrderImport: nothing to do.

> eform@1.0.0 import:orders
> node scripts/runOrderImport.js

[2026-05-17T15:13:39.837Z] OrderImport: found 0 file(s)
OrderImport: nothing to do.

> eform@1.0.0 import:orders
> node scripts/runOrderImport.js

[2026-05-17T15:14:10.501Z] OrderImport: found 0 file(s)
OrderImport: nothing to do.

> eform@1.0.0 import:orders
> node scripts/runOrderImport.js

[2026-05-17T15:14:41.145Z] OrderImport: found 0 file(s)
OrderImport: nothing to do.

> eform@1.0.0 import:orders
> node scripts/runOrderImport.js

[2026-05-17T15:15:11.804Z] OrderImport: found 0 file(s)
OrderImport: nothing to do.

> eform@1.0.0 import:orders
> node scripts/runOrderImport.js

[2026-05-17T15:15:42.488Z] OrderImport: found 0 file(s)
OrderImport: nothing to do.

> eform@1.0.0 import:orders
> node scripts/runOrderImport.js

[2026-05-17T15:16:13.147Z] OrderImport: found 0 file(s)
OrderImport: nothing to do.

> eform@1.0.0 import:orders
> node scripts/runOrderImport.js

[2026-05-17T15:16:43.810Z] OrderImport: found 0 file(s)
OrderImport: nothing to do.

> eform@1.0.0 import:orders
> node scripts/runOrderImport.js

[2026-05-17T15:17:14.462Z] OrderImport: found 0 file(s)
OrderImport: nothing to do.

> eform@1.0.0 import:orders
> node scripts/runOrderImport.js

[2026-05-17T15:17:45.144Z] OrderImport: found 0 file(s)
OrderImport: nothing to do.

> eform@1.0.0 import:orders
> node scripts/runOrderImport.js

[2026-05-17T15:18:15.798Z] OrderImport: found 0 file(s)
OrderImport: nothing to do.

> eform@1.0.0 import:orders
> node scripts/runOrderImport.js

[2026-05-17T15:18:46.477Z] OrderImport: found 0 file(s)
OrderImport: nothing to do.

> eform@1.0.0 import:orders
> node scripts/runOrderImport.js

[2026-05-17T15:19:17.138Z] OrderImport: found 0 file(s)
OrderImport: nothing to do.

> eform@1.0.0 import:orders
> node scripts/runOrderImport.js

[2026-05-17T15:19:47.804Z] OrderImport: found 0 file(s)
OrderImport: nothing to do.

> eform@1.0.0 import:orders
> node scripts/runOrderImport.js

[2026-05-17T15:20:18.463Z] OrderImport: found 0 file(s)
OrderImport: nothing to do.

> eform@1.0.0 import:orders
> node scripts/runOrderImport.js

[2026-05-17T15:20:49.121Z] OrderImport: found 0 file(s)
OrderImport: nothing to do.

> eform@1.0.0 import:orders
> node scripts/runOrderImport.js

[2026-05-17T15:21:19.760Z] OrderImport: found 0 file(s)
OrderImport: nothing to do.

> eform@1.0.0 import:orders
> node scripts/runOrderImport.js

[2026-05-17T15:21:50.417Z] OrderImport: found 0 file(s)
OrderImport: nothing to do.

> eform@1.0.0 import:orders
> node scripts/runOrderImport.js

[2026-05-17T15:22:21.054Z] OrderImport: found 0 file(s)
OrderImport: nothing to do.

> eform@1.0.0 import:orders
> node scripts/runOrderImport.js

[2026-05-17T15:22:51.731Z] OrderImport: found 0 file(s)
OrderImport: nothing to do.

> eform@1.0.0 import:orders
> node scripts/runOrderImport.js

[2026-05-17T15:23:22.397Z] OrderImport: found 0 file(s)
OrderImport: nothing to do.

> eform@1.0.0 import:orders
> node scripts/runOrderImport.js

[2026-05-17T15:23:53.045Z] OrderImport: found 0 file(s)
OrderImport: nothing to do.

> eform@1.0.0 import:orders
> node scripts/runOrderImport.js

[2026-05-17T15:24:23.752Z] OrderImport: found 0 file(s)
OrderImport: nothing to do.

> eform@1.0.0 import:orders
> node scripts/runOrderImport.js

[2026-05-17T15:24:54.422Z] OrderImport: found 0 file(s)
OrderImport: nothing to do.

> eform@1.0.0 import:orders
> node scripts/runOrderImport.js

[2026-05-17T15:25:25.107Z] OrderImport: found 0 file(s)
OrderImport: nothing to do.

> eform@1.0.0 import:orders
> node scripts/runOrderImport.js

[2026-05-17T15:25:55.743Z] OrderImport: found 0 file(s)
OrderImport: nothing to do.

> eform@1.0.0 import:orders
> node scripts/runOrderImport.js

[2026-05-17T15:26:26.381Z] OrderImport: found 0 file(s)
OrderImport: nothing to do.

> eform@1.0.0 import:orders
> node scripts/runOrderImport.js

[2026-05-17T15:26:57.054Z] OrderImport: found 0 file(s)
OrderImport: nothing to do.

> eform@1.0.0 import:orders
> node scripts/runOrderImport.js

[2026-05-17T15:27:27.746Z] OrderImport: found 0 file(s)
OrderImport: nothing to do.

> eform@1.0.0 import:orders
> node scripts/runOrderImport.js

[2026-05-17T15:27:58.395Z] OrderImport: found 0 file(s)
OrderImport: nothing to do.

> eform@1.0.0 import:orders
> node scripts/runOrderImport.js

[2026-05-17T15:28:29.057Z] OrderImport: found 0 file(s)
OrderImport: nothing to do.

> eform@1.0.0 import:orders
> node scripts/runOrderImport.js

[2026-05-17T15:28:59.702Z] OrderImport: found 0 file(s)
OrderImport: nothing to do.

> eform@1.0.0 import:orders
> node scripts/runOrderImport.js

[2026-05-17T15:29:30.348Z] OrderImport: found 0 file(s)
OrderImport: nothing to do.

> eform@1.0.0 import:orders
> node scripts/runOrderImport.js

[2026-05-17T15:30:01.026Z] OrderImport: found 0 file(s)
OrderImport: nothing to do.

> eform@1.0.0 import:orders
> node scripts/runOrderImport.js

[2026-05-17T15:30:31.687Z] OrderImport: found 0 file(s)
OrderImport: nothing to do.

> eform@1.0.0 import:orders
> node scripts/runOrderImport.js

[2026-05-17T15:31:02.361Z] OrderImport: found 0 file(s)
OrderImport: nothing to do.

> eform@1.0.0 import:orders
> node scripts/runOrderImport.js

[2026-05-17T15:31:33.027Z] OrderImport: found 0 file(s)
OrderImport: nothing to do.

> eform@1.0.0 import:orders
> node scripts/runOrderImport.js

[2026-05-17T15:32:03.661Z] OrderImport: found 0 file(s)
OrderImport: nothing to do.

> eform@1.0.0 import:orders
> node scripts/runOrderImport.js

[2026-05-17T15:32:34.298Z] OrderImport: found 0 file(s)
OrderImport: nothing to do.

> eform@1.0.0 import:orders
> node scripts/runOrderImport.js

[2026-05-17T15:33:04.929Z] OrderImport: found 0 file(s)
OrderImport: nothing to do.

> eform@1.0.0 import:orders
> node scripts/runOrderImport.js

[2026-05-17T15:33:35.586Z] OrderImport: found 0 file(s)
OrderImport: nothing to do.

> eform@1.0.0 import:orders
> node scripts/runOrderImport.js

[2026-05-17T15:34:06.256Z] OrderImport: found 0 file(s)
OrderImport: nothing to do.

> eform@1.0.0 import:orders
> node scripts/runOrderImport.js

[2026-05-17T15:34:36.913Z] OrderImport: found 0 file(s)
OrderImport: nothing to do.

> eform@1.0.0 import:orders
> node scripts/runOrderImport.js

[2026-05-17T15:35:07.531Z] OrderImport: found 0 file(s)
OrderImport: nothing to do.

> eform@1.0.0 import:orders
> node scripts/runOrderImport.js

[2026-05-17T15:35:38.171Z] OrderImport: found 0 file(s)
OrderImport: nothing to do.

> eform@1.0.0 import:orders
> node scripts/runOrderImport.js

[2026-05-17T15:36:08.840Z] OrderImport: found 0 file(s)
OrderImport: nothing to do.

> eform@1.0.0 import:orders
> node scripts/runOrderImport.js

[2026-05-17T15:36:39.526Z] OrderImport: found 0 file(s)
OrderImport: nothing to do.

> eform@1.0.0 import:orders
> node scripts/runOrderImport.js

[2026-05-17T15:37:10.175Z] OrderImport: found 0 file(s)
OrderImport: nothing to do.

> eform@1.0.0 import:orders
> node scripts/runOrderImport.js

[2026-05-17T15:37:40.857Z] OrderImport: found 0 file(s)
OrderImport: nothing to do.

> eform@1.0.0 import:orders
> node scripts/runOrderImport.js

[2026-05-17T15:38:11.501Z] OrderImport: found 0 file(s)
OrderImport: nothing to do.

> eform@1.0.0 import:orders
> node scripts/runOrderImport.js

[2026-05-17T15:38:42.186Z] OrderImport: found 0 file(s)
OrderImport: nothing to do.

> eform@1.0.0 import:orders
> node scripts/runOrderImport.js

[2026-05-17T15:39:12.835Z] OrderImport: found 0 file(s)
OrderImport: nothing to do.

> eform@1.0.0 import:orders
> node scripts/runOrderImport.js

[2026-05-17T15:39:43.490Z] OrderImport: found 0 file(s)
OrderImport: nothing to do.

> eform@1.0.0 import:orders
> node scripts/runOrderImport.js

[2026-05-17T15:40:14.154Z] OrderImport: found 0 file(s)
OrderImport: nothing to do.

> eform@1.0.0 import:orders
> node scripts/runOrderImport.js

[2026-05-17T15:40:44.804Z] OrderImport: found 0 file(s)
OrderImport: nothing to do.

> eform@1.0.0 import:orders
> node scripts/runOrderImport.js

[2026-05-17T15:41:15.456Z] OrderImport: found 0 file(s)
OrderImport: nothing to do.

> eform@1.0.0 import:orders
> node scripts/runOrderImport.js

[2026-05-17T15:41:46.115Z] OrderImport: found 0 file(s)
OrderImport: nothing to do.

> eform@1.0.0 import:orders
> node scripts/runOrderImport.js

[2026-05-17T15:42:16.863Z] OrderImport: found 0 file(s)
OrderImport: nothing to do.

> eform@1.0.0 import:orders
> node scripts/runOrderImport.js

[2026-05-17T15:42:47.545Z] OrderImport: found 0 file(s)
OrderImport: nothing to do.

> eform@1.0.0 import:orders
> node scripts/runOrderImport.js

[2026-05-17T15:43:18.209Z] OrderImport: found 0 file(s)
OrderImport: nothing to do.

> eform@1.0.0 import:orders
> node scripts/runOrderImport.js

[2026-05-17T15:43:48.874Z] OrderImport: found 0 file(s)
OrderImport: nothing to do.

> eform@1.0.0 import:orders
> node scripts/runOrderImport.js

[2026-05-17T15:44:19.503Z] OrderImport: found 0 file(s)
OrderImport: nothing to do.

> eform@1.0.0 import:orders
> node scripts/runOrderImport.js

[2026-05-17T15:44:50.152Z] OrderImport: found 0 file(s)
OrderImport: nothing to do.

> eform@1.0.0 import:orders
> node scripts/runOrderImport.js

[2026-05-17T15:45:20.827Z] OrderImport: found 0 file(s)
OrderImport: nothing to do.

> eform@1.0.0 import:orders
> node scripts/runOrderImport.js

[2026-05-17T15:45:51.479Z] OrderImport: found 0 file(s)
OrderImport: nothing to do.

> eform@1.0.0 import:orders
> node scripts/runOrderImport.js

[2026-05-17T15:46:22.128Z] OrderImport: found 0 file(s)
OrderImport: nothing to do.

> eform@1.0.0 import:orders
> node scripts/runOrderImport.js

[2026-05-17T15:46:52.777Z] OrderImport: found 0 file(s)
OrderImport: nothing to do.

> eform@1.0.0 import:orders
> node scripts/runOrderImport.js

[2026-05-17T15:47:23.401Z] OrderImport: found 0 file(s)
OrderImport: nothing to do.

> eform@1.0.0 import:orders
> node scripts/runOrderImport.js

[2026-05-17T15:47:54.049Z] OrderImport: found 0 file(s)
OrderImport: nothing to do.

> eform@1.0.0 import:orders
> node scripts/runOrderImport.js

[2026-05-17T15:48:24.685Z] OrderImport: found 0 file(s)
OrderImport: nothing to do.

> eform@1.0.0 import:orders
> node scripts/runOrderImport.js

[2026-05-17T15:48:55.324Z] OrderImport: found 0 file(s)
OrderImport: nothing to do.

> eform@1.0.0 import:orders
> node scripts/runOrderImport.js

[2026-05-17T15:49:25.970Z] OrderImport: found 0 file(s)
OrderImport: nothing to do.

> eform@1.0.0 import:orders
> node scripts/runOrderImport.js

[2026-05-17T15:49:56.594Z] OrderImport: found 0 file(s)
OrderImport: nothing to do.

> eform@1.0.0 import:orders
> node scripts/runOrderImport.js

[2026-05-17T15:50:27.224Z] OrderImport: found 0 file(s)
OrderImport: nothing to do.

> eform@1.0.0 import:orders
> node scripts/runOrderImport.js

[2026-05-17T15:50:57.875Z] OrderImport: found 0 file(s)
OrderImport: nothing to do.

> eform@1.0.0 import:orders
> node scripts/runOrderImport.js

[2026-05-17T15:51:28.535Z] OrderImport: found 0 file(s)
OrderImport: nothing to do.

> eform@1.0.0 import:orders
> node scripts/runOrderImport.js

[2026-05-17T15:51:59.231Z] OrderImport: found 0 file(s)
OrderImport: nothing to do.

> eform@1.0.0 import:orders
> node scripts/runOrderImport.js

[2026-05-17T15:52:29.910Z] OrderImport: found 0 file(s)
OrderImport: nothing to do.

> eform@1.0.0 import:orders
> node scripts/runOrderImport.js

[2026-05-17T15:53:00.556Z] OrderImport: found 0 file(s)
OrderImport: nothing to do.

> eform@1.0.0 import:orders
> node scripts/runOrderImport.js

[2026-05-17T15:53:31.224Z] OrderImport: found 0 file(s)
OrderImport: nothing to do.

> eform@1.0.0 import:orders
> node scripts/runOrderImport.js

[2026-05-17T15:54:01.891Z] OrderImport: found 0 file(s)
OrderImport: nothing to do.

> eform@1.0.0 import:orders
> node scripts/runOrderImport.js

[2026-05-17T15:54:32.526Z] OrderImport: found 0 file(s)
OrderImport: nothing to do.

> eform@1.0.0 import:orders
> node scripts/runOrderImport.js

[2026-05-17T15:55:03.305Z] OrderImport: found 0 file(s)
OrderImport: nothing to do.

> eform@1.0.0 import:orders
> node scripts/runOrderImport.js

[2026-05-17T15:55:34.051Z] OrderImport: found 0 file(s)
OrderImport: nothing to do.

> eform@1.0.0 import:orders
> node scripts/runOrderImport.js

[2026-05-17T15:56:04.724Z] OrderImport: found 0 file(s)
OrderImport: nothing to do.

> eform@1.0.0 import:orders
> node scripts/runOrderImport.js

[2026-05-17T15:56:35.381Z] OrderImport: found 0 file(s)
OrderImport: nothing to do.

> eform@1.0.0 import:orders
> node scripts/runOrderImport.js

[2026-05-17T15:57:06.069Z] OrderImport: found 0 file(s)
OrderImport: nothing to do.

> eform@1.0.0 import:orders
> node scripts/runOrderImport.js

[2026-05-17T15:57:36.729Z] OrderImport: found 0 file(s)
OrderImport: nothing to do.

> eform@1.0.0 import:orders
> node scripts/runOrderImport.js

[2026-05-17T15:58:07.388Z] OrderImport: found 0 file(s)
OrderImport: nothing to do.

> eform@1.0.0 import:orders
> node scripts/runOrderImport.js

[2026-05-17T15:58:38.038Z] OrderImport: found 0 file(s)
OrderImport: nothing to do.

> eform@1.0.0 import:orders
> node scripts/runOrderImport.js

[2026-05-17T15:59:08.696Z] OrderImport: found 0 file(s)
OrderImport: nothing to do.

> eform@1.0.0 import:orders
> node scripts/runOrderImport.js

[2026-05-17T15:59:39.322Z] OrderImport: found 0 file(s)
OrderImport: nothing to do.

> eform@1.0.0 import:orders
> node scripts/runOrderImport.js

[2026-05-17T16:00:09.981Z] OrderImport: found 0 file(s)
OrderImport: nothing to do.

> eform@1.0.0 import:orders
> node scripts/runOrderImport.js

[2026-05-17T16:00:40.634Z] OrderImport: found 0 file(s)
OrderImport: nothing to do.

> eform@1.0.0 import:orders
> node scripts/runOrderImport.js

[2026-05-17T16:01:11.268Z] OrderImport: found 0 file(s)
OrderImport: nothing to do.

> eform@1.0.0 import:orders
> node scripts/runOrderImport.js

[2026-05-17T16:01:41.928Z] OrderImport: found 0 file(s)
OrderImport: nothing to do.

> eform@1.0.0 import:orders
> node scripts/runOrderImport.js

[2026-05-17T16:02:12.580Z] OrderImport: found 0 file(s)
OrderImport: nothing to do.

> eform@1.0.0 import:orders
> node scripts/runOrderImport.js

[2026-05-17T16:02:43.228Z] OrderImport: found 0 file(s)
OrderImport: nothing to do.

> eform@1.0.0 import:orders
> node scripts/runOrderImport.js

[2026-05-17T16:03:13.898Z] OrderImport: found 0 file(s)
OrderImport: nothing to do.

> eform@1.0.0 import:orders
> node scripts/runOrderImport.js

[2026-05-17T16:03:44.553Z] OrderImport: found 0 file(s)
OrderImport: nothing to do.

> eform@1.0.0 import:orders
> node scripts/runOrderImport.js

[2026-05-17T16:04:15.188Z] OrderImport: found 0 file(s)
OrderImport: nothing to do.

> eform@1.0.0 import:orders
> node scripts/runOrderImport.js

[2026-05-17T16:04:45.841Z] OrderImport: found 0 file(s)
OrderImport: nothing to do.

> eform@1.0.0 import:orders
> node scripts/runOrderImport.js

[2026-05-17T16:05:16.498Z] OrderImport: found 0 file(s)
OrderImport: nothing to do.

> eform@1.0.0 import:orders
> node scripts/runOrderImport.js

[2026-05-17T16:05:47.137Z] OrderImport: found 0 file(s)
OrderImport: nothing to do.

> eform@1.0.0 import:orders
> node scripts/runOrderImport.js

[2026-05-17T16:06:17.785Z] OrderImport: found 0 file(s)
OrderImport: nothing to do.

> eform@1.0.0 import:orders
> node scripts/runOrderImport.js

[2026-05-17T16:06:48.425Z] OrderImport: found 0 file(s)
OrderImport: nothing to do.

> eform@1.0.0 import:orders
> node scripts/runOrderImport.js

[2026-05-17T16:07:19.085Z] OrderImport: found 0 file(s)
OrderImport: nothing to do.

> eform@1.0.0 import:orders
> node scripts/runOrderImport.js

[2026-05-17T16:07:49.730Z] OrderImport: found 0 file(s)
OrderImport: nothing to do.

> eform@1.0.0 import:orders
> node scripts/runOrderImport.js

[2026-05-17T16:08:20.369Z] OrderImport: found 0 file(s)
OrderImport: nothing to do.

> eform@1.0.0 import:orders
> node scripts/runOrderImport.js

[2026-05-17T16:08:51.018Z] OrderImport: found 0 file(s)
OrderImport: nothing to do.

> eform@1.0.0 import:orders
> node scripts/runOrderImport.js

[2026-05-17T16:09:21.649Z] OrderImport: found 0 file(s)
OrderImport: nothing to do.

> eform@1.0.0 import:orders
> node scripts/runOrderImport.js

[2026-05-17T16:09:52.293Z] OrderImport: found 0 file(s)
OrderImport: nothing to do.

> eform@1.0.0 import:orders
> node scripts/runOrderImport.js

[2026-05-17T16:10:22.929Z] OrderImport: found 0 file(s)
OrderImport: nothing to do.

> eform@1.0.0 import:orders
> node scripts/runOrderImport.js

[2026-05-17T16:10:53.580Z] OrderImport: found 0 file(s)
OrderImport: nothing to do.

> eform@1.0.0 import:orders
> node scripts/runOrderImport.js

[2026-05-17T16:11:24.227Z] OrderImport: found 0 file(s)
OrderImport: nothing to do.

> eform@1.0.0 import:orders
> node scripts/runOrderImport.js

[2026-05-17T16:11:54.847Z] OrderImport: found 0 file(s)
OrderImport: nothing to do.

> eform@1.0.0 import:orders
> node scripts/runOrderImport.js

[2026-05-17T16:12:25.498Z] OrderImport: found 0 file(s)
OrderImport: nothing to do.

> eform@1.0.0 import:orders
> node scripts/runOrderImport.js

[2026-05-17T16:12:56.177Z] OrderImport: found 0 file(s)
OrderImport: nothing to do.

> eform@1.0.0 import:orders
> node scripts/runOrderImport.js

[2026-05-17T16:13:26.840Z] OrderImport: found 0 file(s)
OrderImport: nothing to do.

> eform@1.0.0 import:orders
> node scripts/runOrderImport.js

[2026-05-17T16:13:57.490Z] OrderImport: found 0 file(s)
OrderImport: nothing to do.

> eform@1.0.0 import:orders
> node scripts/runOrderImport.js

[2026-05-17T16:14:28.144Z] OrderImport: found 0 file(s)
OrderImport: nothing to do.

> eform@1.0.0 import:orders
> node scripts/runOrderImport.js

[2026-05-17T16:14:58.782Z] OrderImport: found 0 file(s)
OrderImport: nothing to do.

> eform@1.0.0 import:orders
> node scripts/runOrderImport.js

[2026-05-17T16:15:29.466Z] OrderImport: found 0 file(s)
OrderImport: nothing to do.

> eform@1.0.0 import:orders
> node scripts/runOrderImport.js

[2026-05-17T16:16:00.147Z] OrderImport: found 0 file(s)
OrderImport: nothing to do.

> eform@1.0.0 import:orders
> node scripts/runOrderImport.js

[2026-05-17T16:16:30.786Z] OrderImport: found 0 file(s)
OrderImport: nothing to do.

> eform@1.0.0 import:orders
> node scripts/runOrderImport.js

[2026-05-17T16:17:01.448Z] OrderImport: found 0 file(s)
OrderImport: nothing to do.

> eform@1.0.0 import:orders
> node scripts/runOrderImport.js

[2026-05-17T16:17:32.114Z] OrderImport: found 0 file(s)
OrderImport: nothing to do.

> eform@1.0.0 import:orders
> node scripts/runOrderImport.js

[2026-05-17T16:18:02.781Z] OrderImport: found 0 file(s)
OrderImport: nothing to do.

> eform@1.0.0 import:orders
> node scripts/runOrderImport.js

[2026-05-17T16:18:33.414Z] OrderImport: found 0 file(s)
OrderImport: nothing to do.

> eform@1.0.0 import:orders
> node scripts/runOrderImport.js

[2026-05-17T16:19:04.089Z] OrderImport: found 0 file(s)
OrderImport: nothing to do.

> eform@1.0.0 import:orders
> node scripts/runOrderImport.js

[2026-05-17T16:19:34.737Z] OrderImport: found 0 file(s)
OrderImport: nothing to do.

> eform@1.0.0 import:orders
> node scripts/runOrderImport.js

[2026-05-17T16:20:05.396Z] OrderImport: found 0 file(s)
OrderImport: nothing to do.

> eform@1.0.0 import:orders
> node scripts/runOrderImport.js

[2026-05-17T16:20:36.052Z] OrderImport: found 0 file(s)
OrderImport: nothing to do.

> eform@1.0.0 import:orders
> node scripts/runOrderImport.js

[2026-05-17T16:21:06.693Z] OrderImport: found 0 file(s)
OrderImport: nothing to do.

> eform@1.0.0 import:orders
> node scripts/runOrderImport.js

[2026-05-17T16:21:37.351Z] OrderImport: found 0 file(s)
OrderImport: nothing to do.

> eform@1.0.0 import:orders
> node scripts/runOrderImport.js

[2026-05-17T16:22:08.018Z] OrderImport: found 0 file(s)
OrderImport: nothing to do.

> eform@1.0.0 import:orders
> node scripts/runOrderImport.js

[2026-05-17T16:22:38.671Z] OrderImport: found 0 file(s)
OrderImport: nothing to do.

> eform@1.0.0 import:orders
> node scripts/runOrderImport.js

[2026-05-17T16:23:09.329Z] OrderImport: found 0 file(s)
OrderImport: nothing to do.

> eform@1.0.0 import:orders
> node scripts/runOrderImport.js

[2026-05-17T16:23:40.018Z] OrderImport: found 0 file(s)
OrderImport: nothing to do.

> eform@1.0.0 import:orders
> node scripts/runOrderImport.js

[2026-05-17T16:24:10.682Z] OrderImport: found 0 file(s)
OrderImport: nothing to do.

> eform@1.0.0 import:orders
> node scripts/runOrderImport.js

[2026-05-17T16:24:41.319Z] OrderImport: found 0 file(s)
OrderImport: nothing to do.

> eform@1.0.0 import:orders
> node scripts/runOrderImport.js

[2026-05-17T16:25:11.966Z] OrderImport: found 0 file(s)
OrderImport: nothing to do.

> eform@1.0.0 import:orders
> node scripts/runOrderImport.js

[2026-05-17T16:25:42.707Z] OrderImport: found 0 file(s)
OrderImport: nothing to do.

> eform@1.0.0 import:orders
> node scripts/runOrderImport.js

[2026-05-17T16:26:13.360Z] OrderImport: found 0 file(s)
OrderImport: nothing to do.

> eform@1.0.0 import:orders
> node scripts/runOrderImport.js

[2026-05-17T16:26:44.004Z] OrderImport: found 0 file(s)
OrderImport: nothing to do.

> eform@1.0.0 import:orders
> node scripts/runOrderImport.js

[2026-05-17T16:27:14.690Z] OrderImport: found 0 file(s)
OrderImport: nothing to do.

> eform@1.0.0 import:orders
> node scripts/runOrderImport.js

[2026-05-17T16:27:45.344Z] OrderImport: found 0 file(s)
OrderImport: nothing to do.

> eform@1.0.0 import:orders
> node scripts/runOrderImport.js

[2026-05-17T16:28:16.011Z] OrderImport: found 0 file(s)
OrderImport: nothing to do.

> eform@1.0.0 import:orders
> node scripts/runOrderImport.js

[2026-05-17T16:28:46.692Z] OrderImport: found 0 file(s)
OrderImport: nothing to do.

> eform@1.0.0 import:orders
> node scripts/runOrderImport.js

[2026-05-17T16:29:17.391Z] OrderImport: found 0 file(s)
OrderImport: nothing to do.

> eform@1.0.0 import:orders
> node scripts/runOrderImport.js

[2026-05-17T16:29:48.052Z] OrderImport: found 0 file(s)
OrderImport: nothing to do.

> eform@1.0.0 import:orders
> node scripts/runOrderImport.js

[2026-05-17T16:30:18.720Z] OrderImport: found 0 file(s)
OrderImport: nothing to do.

> eform@1.0.0 import:orders
> node scripts/runOrderImport.js

[2026-05-17T16:30:49.370Z] OrderImport: found 0 file(s)
OrderImport: nothing to do.

> eform@1.0.0 import:orders
> node scripts/runOrderImport.js

[2026-05-17T16:31:20.019Z] OrderImport: found 0 file(s)
OrderImport: nothing to do.

> eform@1.0.0 import:orders
> node scripts/runOrderImport.js

[2026-05-17T16:31:50.656Z] OrderImport: found 0 file(s)
OrderImport: nothing to do.

> eform@1.0.0 import:orders
> node scripts/runOrderImport.js

[2026-05-17T16:32:21.329Z] OrderImport: found 0 file(s)
OrderImport: nothing to do.

> eform@1.0.0 import:orders
> node scripts/runOrderImport.js

[2026-05-17T16:32:52.007Z] OrderImport: found 0 file(s)
OrderImport: nothing to do.

> eform@1.0.0 import:orders
> node scripts/runOrderImport.js

[2026-05-17T16:33:22.675Z] OrderImport: found 0 file(s)
OrderImport: nothing to do.

> eform@1.0.0 import:orders
> node scripts/runOrderImport.js

[2026-05-17T16:33:53.334Z] OrderImport: found 0 file(s)
OrderImport: nothing to do.

> eform@1.0.0 import:orders
> node scripts/runOrderImport.js

[2026-05-17T16:34:23.995Z] OrderImport: found 0 file(s)
OrderImport: nothing to do.

> eform@1.0.0 import:orders
> node scripts/runOrderImport.js

[2026-05-17T16:34:54.667Z] OrderImport: found 0 file(s)
OrderImport: nothing to do.

> eform@1.0.0 import:orders
> node scripts/runOrderImport.js

[2026-05-17T16:35:25.365Z] OrderImport: found 0 file(s)
OrderImport: nothing to do.

> eform@1.0.0 import:orders
> node scripts/runOrderImport.js

[2026-05-17T16:35:56.012Z] OrderImport: found 0 file(s)
OrderImport: nothing to do.

> eform@1.0.0 import:orders
> node scripts/runOrderImport.js

[2026-05-17T16:36:26.639Z] OrderImport: found 0 file(s)
OrderImport: nothing to do.

> eform@1.0.0 import:orders
> node scripts/runOrderImport.js

[2026-05-17T16:36:57.286Z] OrderImport: found 0 file(s)
OrderImport: nothing to do.

> eform@1.0.0 import:orders
> node scripts/runOrderImport.js

[2026-05-17T16:37:27.942Z] OrderImport: found 0 file(s)
OrderImport: nothing to do.

> eform@1.0.0 import:orders
> node scripts/runOrderImport.js

[2026-05-17T16:37:58.590Z] OrderImport: found 0 file(s)
OrderImport: nothing to do.

> eform@1.0.0 import:orders
> node scripts/runOrderImport.js

[2026-05-17T16:38:29.253Z] OrderImport: found 0 file(s)
OrderImport: nothing to do.

> eform@1.0.0 import:orders
> node scripts/runOrderImport.js

[2026-05-17T16:38:59.955Z] OrderImport: found 0 file(s)
OrderImport: nothing to do.

> eform@1.0.0 import:orders
> node scripts/runOrderImport.js

[2026-05-17T16:39:30.620Z] OrderImport: found 0 file(s)
OrderImport: nothing to do.

> eform@1.0.0 import:orders
> node scripts/runOrderImport.js

[2026-05-17T16:40:01.280Z] OrderImport: found 0 file(s)
OrderImport: nothing to do.

> eform@1.0.0 import:orders
> node scripts/runOrderImport.js

[2026-05-17T16:40:31.959Z] OrderImport: found 0 file(s)
OrderImport: nothing to do.

> eform@1.0.0 import:orders
> node scripts/runOrderImport.js

[2026-05-17T16:41:02.704Z] OrderImport: found 0 file(s)
OrderImport: nothing to do.

> eform@1.0.0 import:orders
> node scripts/runOrderImport.js

[2026-05-17T16:41:33.348Z] OrderImport: found 0 file(s)
OrderImport: nothing to do.

> eform@1.0.0 import:orders
> node scripts/runOrderImport.js

[2026-05-17T16:42:04.008Z] OrderImport: found 0 file(s)
OrderImport: nothing to do.

> eform@1.0.0 import:orders
> node scripts/runOrderImport.js

[2026-05-17T16:42:34.662Z] OrderImport: found 0 file(s)
OrderImport: nothing to do.

> eform@1.0.0 import:orders
> node scripts/runOrderImport.js

[2026-05-17T16:43:05.335Z] OrderImport: found 0 file(s)
OrderImport: nothing to do.

> eform@1.0.0 import:orders
> node scripts/runOrderImport.js

[2026-05-17T16:43:35.997Z] OrderImport: found 0 file(s)
OrderImport: nothing to do.

> eform@1.0.0 import:orders
> node scripts/runOrderImport.js

[2026-05-17T16:44:06.647Z] OrderImport: found 0 file(s)
OrderImport: nothing to do.

> eform@1.0.0 import:orders
> node scripts/runOrderImport.js

[2026-05-17T16:44:37.502Z] OrderImport: found 0 file(s)
OrderImport: nothing to do.

> eform@1.0.0 import:orders
> node scripts/runOrderImport.js

[2026-05-17T16:45:08.379Z] OrderImport: found 0 file(s)
OrderImport: nothing to do.

> eform@1.0.0 import:orders
> node scripts/runOrderImport.js

[2026-05-17T16:45:39.275Z] OrderImport: found 0 file(s)
OrderImport: nothing to do.

> eform@1.0.0 import:orders
> node scripts/runOrderImport.js

[2026-05-17T16:46:10.130Z] OrderImport: found 0 file(s)
OrderImport: nothing to do.

> eform@1.0.0 import:orders
> node scripts/runOrderImport.js

[2026-05-17T16:46:40.990Z] OrderImport: found 0 file(s)
OrderImport: nothing to do.

> eform@1.0.0 import:orders
> node scripts/runOrderImport.js

[2026-05-17T16:47:11.655Z] OrderImport: found 0 file(s)
OrderImport: nothing to do.

> eform@1.0.0 import:orders
> node scripts/runOrderImport.js

[2026-05-17T16:47:42.326Z] OrderImport: found 0 file(s)
OrderImport: nothing to do.

> eform@1.0.0 import:orders
> node scripts/runOrderImport.js

[2026-05-17T16:48:12.960Z] OrderImport: found 0 file(s)
OrderImport: nothing to do.

> eform@1.0.0 import:orders
> node scripts/runOrderImport.js

[2026-05-17T16:48:43.618Z] OrderImport: found 0 file(s)
OrderImport: nothing to do.

> eform@1.0.0 import:orders
> node scripts/runOrderImport.js

[2026-05-17T16:49:14.255Z] OrderImport: found 0 file(s)
OrderImport: nothing to do.

> eform@1.0.0 import:orders
> node scripts/runOrderImport.js

[2026-05-17T16:49:44.929Z] OrderImport: found 0 file(s)
OrderImport: nothing to do.

> eform@1.0.0 import:orders
> node scripts/runOrderImport.js

[2026-05-17T16:50:15.640Z] OrderImport: found 0 file(s)
OrderImport: nothing to do.

> eform@1.0.0 import:orders
> node scripts/runOrderImport.js

[2026-05-17T16:50:46.310Z] OrderImport: found 0 file(s)
OrderImport: nothing to do.

> eform@1.0.0 import:orders
> node scripts/runOrderImport.js

[2026-05-17T16:51:16.980Z] OrderImport: found 0 file(s)
OrderImport: nothing to do.

> eform@1.0.0 import:orders
> node scripts/runOrderImport.js

[2026-05-17T16:51:47.644Z] OrderImport: found 0 file(s)
OrderImport: nothing to do.

> eform@1.0.0 import:orders
> node scripts/runOrderImport.js

[2026-05-17T16:52:18.296Z] OrderImport: found 0 file(s)
OrderImport: nothing to do.

> eform@1.0.0 import:orders
> node scripts/runOrderImport.js

[2026-05-17T16:52:48.955Z] OrderImport: found 0 file(s)
OrderImport: nothing to do.

> eform@1.0.0 import:orders
> node scripts/runOrderImport.js

[2026-05-17T16:53:19.620Z] OrderImport: found 0 file(s)
OrderImport: nothing to do.

> eform@1.0.0 import:orders
> node scripts/runOrderImport.js

[2026-05-17T16:53:50.304Z] OrderImport: found 0 file(s)
OrderImport: nothing to do.

> eform@1.0.0 import:orders
> node scripts/runOrderImport.js

[2026-05-17T16:54:20.997Z] OrderImport: found 0 file(s)
OrderImport: nothing to do.

> eform@1.0.0 import:orders
> node scripts/runOrderImport.js

[2026-05-17T16:54:51.676Z] OrderImport: found 0 file(s)
OrderImport: nothing to do.

> eform@1.0.0 import:orders
> node scripts/runOrderImport.js

[2026-05-17T16:55:22.333Z] OrderImport: found 0 file(s)
OrderImport: nothing to do.

> eform@1.0.0 import:orders
> node scripts/runOrderImport.js

[2026-05-17T16:55:52.994Z] OrderImport: found 0 file(s)
OrderImport: nothing to do.

> eform@1.0.0 import:orders
> node scripts/runOrderImport.js

[2026-05-17T16:56:23.637Z] OrderImport: found 0 file(s)
OrderImport: nothing to do.

> eform@1.0.0 import:orders
> node scripts/runOrderImport.js

[2026-05-17T16:56:54.308Z] OrderImport: found 0 file(s)
OrderImport: nothing to do.

> eform@1.0.0 import:orders
> node scripts/runOrderImport.js

[2026-05-17T16:57:24.968Z] OrderImport: found 0 file(s)
OrderImport: nothing to do.

> eform@1.0.0 import:orders
> node scripts/runOrderImport.js

[2026-05-17T16:57:55.601Z] OrderImport: found 0 file(s)
OrderImport: nothing to do.

> eform@1.0.0 import:orders
> node scripts/runOrderImport.js

[2026-05-17T16:58:26.258Z] OrderImport: found 0 file(s)
OrderImport: nothing to do.

> eform@1.0.0 import:orders
> node scripts/runOrderImport.js

[2026-05-17T16:58:56.918Z] OrderImport: found 0 file(s)
OrderImport: nothing to do.

> eform@1.0.0 import:orders
> node scripts/runOrderImport.js

[2026-05-17T16:59:27.559Z] OrderImport: found 0 file(s)
OrderImport: nothing to do.

> eform@1.0.0 import:orders
> node scripts/runOrderImport.js

[2026-05-17T16:59:58.213Z] OrderImport: found 0 file(s)
OrderImport: nothing to do.

> eform@1.0.0 import:orders
> node scripts/runOrderImport.js

[2026-05-17T17:00:28.868Z] OrderImport: found 0 file(s)
OrderImport: nothing to do.

> eform@1.0.0 import:orders
> node scripts/runOrderImport.js

[2026-05-17T17:00:59.521Z] OrderImport: found 0 file(s)
OrderImport: nothing to do.

> eform@1.0.0 import:orders
> node scripts/runOrderImport.js

[2026-05-17T17:01:30.167Z] OrderImport: found 0 file(s)
OrderImport: nothing to do.

> eform@1.0.0 import:orders
> node scripts/runOrderImport.js

[2026-05-17T17:02:00.831Z] OrderImport: found 0 file(s)
OrderImport: nothing to do.

> eform@1.0.0 import:orders
> node scripts/runOrderImport.js

[2026-05-17T17:02:31.477Z] OrderImport: found 0 file(s)
OrderImport: nothing to do.

> eform@1.0.0 import:orders
> node scripts/runOrderImport.js

[2026-05-17T17:03:02.185Z] OrderImport: found 0 file(s)
OrderImport: nothing to do.

> eform@1.0.0 import:orders
> node scripts/runOrderImport.js

[2026-05-17T17:03:32.850Z] OrderImport: found 0 file(s)
OrderImport: nothing to do.

> eform@1.0.0 import:orders
> node scripts/runOrderImport.js

[2026-05-17T17:04:03.491Z] OrderImport: found 0 file(s)
OrderImport: nothing to do.

> eform@1.0.0 import:orders
> node scripts/runOrderImport.js

[2026-05-17T17:04:34.175Z] OrderImport: found 0 file(s)
OrderImport: nothing to do.

> eform@1.0.0 import:orders
> node scripts/runOrderImport.js

[2026-05-17T17:05:04.823Z] OrderImport: found 0 file(s)
OrderImport: nothing to do.

> eform@1.0.0 import:orders
> node scripts/runOrderImport.js

[2026-05-17T17:05:35.496Z] OrderImport: found 0 file(s)
OrderImport: nothing to do.

> eform@1.0.0 import:orders
> node scripts/runOrderImport.js

[2026-05-17T17:06:06.155Z] OrderImport: found 0 file(s)
OrderImport: nothing to do.

> eform@1.0.0 import:orders
> node scripts/runOrderImport.js

[2026-05-17T17:06:36.785Z] OrderImport: found 0 file(s)
OrderImport: nothing to do.

> eform@1.0.0 import:orders
> node scripts/runOrderImport.js

[2026-05-17T17:07:07.435Z] OrderImport: found 0 file(s)
OrderImport: nothing to do.

> eform@1.0.0 import:orders
> node scripts/runOrderImport.js

[2026-05-17T17:07:38.091Z] OrderImport: found 0 file(s)
OrderImport: nothing to do.

> eform@1.0.0 import:orders
> node scripts/runOrderImport.js

[2026-05-17T17:08:08.763Z] OrderImport: found 0 file(s)
OrderImport: nothing to do.

> eform@1.0.0 import:orders
> node scripts/runOrderImport.js

[2026-05-17T17:08:39.409Z] OrderImport: found 0 file(s)
OrderImport: nothing to do.

> eform@1.0.0 import:orders
> node scripts/runOrderImport.js

[2026-05-17T17:09:10.047Z] OrderImport: found 0 file(s)
OrderImport: nothing to do.

> eform@1.0.0 import:orders
> node scripts/runOrderImport.js

[2026-05-17T17:09:40.700Z] OrderImport: found 0 file(s)
OrderImport: nothing to do.

> eform@1.0.0 import:orders
> node scripts/runOrderImport.js

[2026-05-17T17:10:11.415Z] OrderImport: found 0 file(s)
OrderImport: nothing to do.

> eform@1.0.0 import:orders
> node scripts/runOrderImport.js

[2026-05-17T17:10:42.106Z] OrderImport: found 0 file(s)
OrderImport: nothing to do.

> eform@1.0.0 import:orders
> node scripts/runOrderImport.js

[2026-05-17T17:11:12.771Z] OrderImport: found 0 file(s)
OrderImport: nothing to do.

> eform@1.0.0 import:orders
> node scripts/runOrderImport.js

[2026-05-17T17:11:43.430Z] OrderImport: found 0 file(s)
OrderImport: nothing to do.

> eform@1.0.0 import:orders
> node scripts/runOrderImport.js

[2026-05-17T17:12:14.073Z] OrderImport: found 0 file(s)
OrderImport: nothing to do.

> eform@1.0.0 import:orders
> node scripts/runOrderImport.js

[2026-05-17T17:12:44.722Z] OrderImport: found 0 file(s)
OrderImport: nothing to do.

> eform@1.0.0 import:orders
> node scripts/runOrderImport.js

[2026-05-17T17:13:15.413Z] OrderImport: found 0 file(s)
OrderImport: nothing to do.

> eform@1.0.0 import:orders
> node scripts/runOrderImport.js

[2026-05-17T17:13:46.081Z] OrderImport: found 0 file(s)
OrderImport: nothing to do.

> eform@1.0.0 import:orders
> node scripts/runOrderImport.js

[2026-05-17T17:14:16.772Z] OrderImport: found 0 file(s)
OrderImport: nothing to do.

> eform@1.0.0 import:orders
> node scripts/runOrderImport.js

[2026-05-17T17:14:47.479Z] OrderImport: found 0 file(s)
OrderImport: nothing to do.

> eform@1.0.0 import:orders
> node scripts/runOrderImport.js

[2026-05-17T17:15:18.160Z] OrderImport: found 0 file(s)
OrderImport: nothing to do.

> eform@1.0.0 import:orders
> node scripts/runOrderImport.js

[2026-05-17T17:15:48.795Z] OrderImport: found 0 file(s)
OrderImport: nothing to do.

> eform@1.0.0 import:orders
> node scripts/runOrderImport.js

[2026-05-17T17:16:19.473Z] OrderImport: found 0 file(s)
OrderImport: nothing to do.

> eform@1.0.0 import:orders
> node scripts/runOrderImport.js

[2026-05-17T17:16:50.098Z] OrderImport: found 0 file(s)
OrderImport: nothing to do.

> eform@1.0.0 import:orders
> node scripts/runOrderImport.js

[2026-05-17T17:17:20.754Z] OrderImport: found 0 file(s)
OrderImport: nothing to do.

> eform@1.0.0 import:orders
> node scripts/runOrderImport.js

[2026-05-17T17:17:51.382Z] OrderImport: found 0 file(s)
OrderImport: nothing to do.

> eform@1.0.0 import:orders
> node scripts/runOrderImport.js

[2026-05-17T17:18:22.033Z] OrderImport: found 0 file(s)
OrderImport: nothing to do.

> eform@1.0.0 import:orders
> node scripts/runOrderImport.js

[2026-05-17T17:18:52.725Z] OrderImport: found 0 file(s)
OrderImport: nothing to do.

> eform@1.0.0 import:orders
> node scripts/runOrderImport.js

[2026-05-17T17:19:23.370Z] OrderImport: found 0 file(s)
OrderImport: nothing to do.

> eform@1.0.0 import:orders
> node scripts/runOrderImport.js

[2026-05-17T17:19:54.028Z] OrderImport: found 0 file(s)
OrderImport: nothing to do.

> eform@1.0.0 import:orders
> node scripts/runOrderImport.js

[2026-05-17T17:20:24.677Z] OrderImport: found 0 file(s)
OrderImport: nothing to do.

> eform@1.0.0 import:orders
> node scripts/runOrderImport.js

[2026-05-17T17:20:55.344Z] OrderImport: found 0 file(s)
OrderImport: nothing to do.

> eform@1.0.0 import:orders
> node scripts/runOrderImport.js

[2026-05-17T17:21:26.021Z] OrderImport: found 0 file(s)
OrderImport: nothing to do.

> eform@1.0.0 import:orders
> node scripts/runOrderImport.js

[2026-05-17T17:21:56.659Z] OrderImport: found 0 file(s)
OrderImport: nothing to do.

> eform@1.0.0 import:orders
> node scripts/runOrderImport.js

[2026-05-17T17:22:27.328Z] OrderImport: found 0 file(s)
OrderImport: nothing to do.

> eform@1.0.0 import:orders
> node scripts/runOrderImport.js

[2026-05-17T17:22:57.976Z] OrderImport: found 0 file(s)
OrderImport: nothing to do.

> eform@1.0.0 import:orders
> node scripts/runOrderImport.js

[2026-05-17T17:23:28.637Z] OrderImport: found 0 file(s)
OrderImport: nothing to do.

> eform@1.0.0 import:orders
> node scripts/runOrderImport.js

[2026-05-17T17:23:59.310Z] OrderImport: found 0 file(s)
OrderImport: nothing to do.

> eform@1.0.0 import:orders
> node scripts/runOrderImport.js

[2026-05-17T17:24:29.965Z] OrderImport: found 0 file(s)
OrderImport: nothing to do.

> eform@1.0.0 import:orders
> node scripts/runOrderImport.js

[2026-05-17T17:25:00.644Z] OrderImport: found 0 file(s)
OrderImport: nothing to do.

> eform@1.0.0 import:orders
> node scripts/runOrderImport.js

[2026-05-17T17:25:31.283Z] OrderImport: found 0 file(s)
OrderImport: nothing to do.

> eform@1.0.0 import:orders
> node scripts/runOrderImport.js

[2026-05-17T17:26:01.957Z] OrderImport: found 0 file(s)
OrderImport: nothing to do.

> eform@1.0.0 import:orders
> node scripts/runOrderImport.js

[2026-05-17T17:26:32.613Z] OrderImport: found 0 file(s)
OrderImport: nothing to do.

> eform@1.0.0 import:orders
> node scripts/runOrderImport.js

[2026-05-17T17:27:03.277Z] OrderImport: found 0 file(s)
OrderImport: nothing to do.

> eform@1.0.0 import:orders
> node scripts/runOrderImport.js

[2026-05-17T17:27:33.942Z] OrderImport: found 0 file(s)
OrderImport: nothing to do.

> eform@1.0.0 import:orders
> node scripts/runOrderImport.js

[2026-05-17T17:28:04.582Z] OrderImport: found 0 file(s)
OrderImport: nothing to do.

> eform@1.0.0 import:orders
> node scripts/runOrderImport.js

[2026-05-17T17:28:35.263Z] OrderImport: found 0 file(s)
OrderImport: nothing to do.

> eform@1.0.0 import:orders
> node scripts/runOrderImport.js

[2026-05-17T17:29:05.949Z] OrderImport: found 0 file(s)
OrderImport: nothing to do.

> eform@1.0.0 import:orders
> node scripts/runOrderImport.js

[2026-05-17T17:29:36.599Z] OrderImport: found 0 file(s)
OrderImport: nothing to do.

> eform@1.0.0 import:orders
> node scripts/runOrderImport.js

[2026-05-17T17:30:07.388Z] OrderImport: found 0 file(s)
OrderImport: nothing to do.

> eform@1.0.0 import:orders
> node scripts/runOrderImport.js

[2026-05-17T17:30:38.079Z] OrderImport: found 0 file(s)
OrderImport: nothing to do.

> eform@1.0.0 import:orders
> node scripts/runOrderImport.js

[2026-05-17T17:31:08.773Z] OrderImport: found 0 file(s)
OrderImport: nothing to do.

> eform@1.0.0 import:orders
> node scripts/runOrderImport.js

[2026-05-17T17:31:39.415Z] OrderImport: found 0 file(s)
OrderImport: nothing to do.

> eform@1.0.0 import:orders
> node scripts/runOrderImport.js

[2026-05-17T17:32:10.072Z] OrderImport: found 0 file(s)
OrderImport: nothing to do.

> eform@1.0.0 import:orders
> node scripts/runOrderImport.js

[2026-05-17T17:32:40.732Z] OrderImport: found 0 file(s)
OrderImport: nothing to do.

> eform@1.0.0 import:orders
> node scripts/runOrderImport.js

[2026-05-17T17:33:11.412Z] OrderImport: found 0 file(s)
OrderImport: nothing to do.

> eform@1.0.0 import:orders
> node scripts/runOrderImport.js

[2026-05-17T17:33:42.061Z] OrderImport: found 0 file(s)
OrderImport: nothing to do.

> eform@1.0.0 import:orders
> node scripts/runOrderImport.js

[2026-05-17T17:34:12.747Z] OrderImport: found 0 file(s)
OrderImport: nothing to do.

> eform@1.0.0 import:orders
> node scripts/runOrderImport.js

[2026-05-17T17:34:43.448Z] OrderImport: found 0 file(s)
OrderImport: nothing to do.

> eform@1.0.0 import:orders
> node scripts/runOrderImport.js

[2026-05-17T17:35:14.147Z] OrderImport: found 0 file(s)
OrderImport: nothing to do.

> eform@1.0.0 import:orders
> node scripts/runOrderImport.js

[2026-05-17T17:35:44.793Z] OrderImport: found 0 file(s)
OrderImport: nothing to do.

> eform@1.0.0 import:orders
> node scripts/runOrderImport.js

[2026-05-17T17:36:15.431Z] OrderImport: found 0 file(s)
OrderImport: nothing to do.

> eform@1.0.0 import:orders
> node scripts/runOrderImport.js

[2026-05-17T17:36:46.059Z] OrderImport: found 0 file(s)
OrderImport: nothing to do.

> eform@1.0.0 import:orders
> node scripts/runOrderImport.js

[2026-05-17T17:37:16.771Z] OrderImport: found 0 file(s)
OrderImport: nothing to do.

> eform@1.0.0 import:orders
> node scripts/runOrderImport.js

[2026-05-17T17:37:47.397Z] OrderImport: found 0 file(s)
OrderImport: nothing to do.

> eform@1.0.0 import:orders
> node scripts/runOrderImport.js

[2026-05-17T17:38:18.070Z] OrderImport: found 0 file(s)
OrderImport: nothing to do.

> eform@1.0.0 import:orders
> node scripts/runOrderImport.js

[2026-05-17T17:38:48.699Z] OrderImport: found 0 file(s)
OrderImport: nothing to do.

> eform@1.0.0 import:orders
> node scripts/runOrderImport.js

[2026-05-17T17:39:19.381Z] OrderImport: found 0 file(s)
OrderImport: nothing to do.

> eform@1.0.0 import:orders
> node scripts/runOrderImport.js

[2026-05-17T17:39:50.069Z] OrderImport: found 0 file(s)
OrderImport: nothing to do.

> eform@1.0.0 import:orders
> node scripts/runOrderImport.js

[2026-05-17T17:40:20.736Z] OrderImport: found 0 file(s)
OrderImport: nothing to do.

> eform@1.0.0 import:orders
> node scripts/runOrderImport.js

[2026-05-17T17:40:51.428Z] OrderImport: found 0 file(s)
OrderImport: nothing to do.

> eform@1.0.0 import:orders
> node scripts/runOrderImport.js

[2026-05-17T17:41:22.075Z] OrderImport: found 0 file(s)
OrderImport: nothing to do.

> eform@1.0.0 import:orders
> node scripts/runOrderImport.js

[2026-05-17T17:41:52.757Z] OrderImport: found 0 file(s)
OrderImport: nothing to do.

> eform@1.0.0 import:orders
> node scripts/runOrderImport.js

[2026-05-17T17:42:23.398Z] OrderImport: found 0 file(s)
OrderImport: nothing to do.

> eform@1.0.0 import:orders
> node scripts/runOrderImport.js

[2026-05-17T17:42:54.051Z] OrderImport: found 0 file(s)
OrderImport: nothing to do.

> eform@1.0.0 import:orders
> node scripts/runOrderImport.js

[2026-05-17T17:43:24.698Z] OrderImport: found 0 file(s)
OrderImport: nothing to do.

> eform@1.0.0 import:orders
> node scripts/runOrderImport.js

[2026-05-17T17:43:55.347Z] OrderImport: found 0 file(s)
OrderImport: nothing to do.

> eform@1.0.0 import:orders
> node scripts/runOrderImport.js

[2026-05-17T17:44:26.018Z] OrderImport: found 0 file(s)
OrderImport: nothing to do.

> eform@1.0.0 import:orders
> node scripts/runOrderImport.js

[2026-05-17T17:44:56.654Z] OrderImport: found 0 file(s)
OrderImport: nothing to do.

> eform@1.0.0 import:orders
> node scripts/runOrderImport.js

[2026-05-17T17:45:27.328Z] OrderImport: found 0 file(s)
OrderImport: nothing to do.

> eform@1.0.0 import:orders
> node scripts/runOrderImport.js

[2026-05-17T17:45:57.967Z] OrderImport: found 0 file(s)
OrderImport: nothing to do.

> eform@1.0.0 import:orders
> node scripts/runOrderImport.js

[2026-05-17T17:46:28.657Z] OrderImport: found 0 file(s)
OrderImport: nothing to do.

> eform@1.0.0 import:orders
> node scripts/runOrderImport.js

[2026-05-17T17:46:59.306Z] OrderImport: found 0 file(s)
OrderImport: nothing to do.

> eform@1.0.0 import:orders
> node scripts/runOrderImport.js

[2026-05-17T17:47:29.938Z] OrderImport: found 0 file(s)
OrderImport: nothing to do.

> eform@1.0.0 import:orders
> node scripts/runOrderImport.js

[2026-05-17T17:48:00.581Z] OrderImport: found 0 file(s)
OrderImport: nothing to do.

> eform@1.0.0 import:orders
> node scripts/runOrderImport.js

[2026-05-17T17:48:31.233Z] OrderImport: found 0 file(s)
OrderImport: nothing to do.

> eform@1.0.0 import:orders
> node scripts/runOrderImport.js

[2026-05-17T17:49:01.918Z] OrderImport: found 0 file(s)
OrderImport: nothing to do.

> eform@1.0.0 import:orders
> node scripts/runOrderImport.js

[2026-05-17T17:49:32.594Z] OrderImport: found 0 file(s)
OrderImport: nothing to do.

> eform@1.0.0 import:orders
> node scripts/runOrderImport.js

[2026-05-17T17:50:03.253Z] OrderImport: found 0 file(s)
OrderImport: nothing to do.

> eform@1.0.0 import:orders
> node scripts/runOrderImport.js

[2026-05-17T17:50:33.881Z] OrderImport: found 0 file(s)
OrderImport: nothing to do.

> eform@1.0.0 import:orders
> node scripts/runOrderImport.js

[2026-05-17T17:51:04.551Z] OrderImport: found 0 file(s)
OrderImport: nothing to do.

> eform@1.0.0 import:orders
> node scripts/runOrderImport.js

[2026-05-17T17:51:35.192Z] OrderImport: found 0 file(s)
OrderImport: nothing to do.

> eform@1.0.0 import:orders
> node scripts/runOrderImport.js

[2026-05-17T17:52:05.843Z] OrderImport: found 0 file(s)
OrderImport: nothing to do.

> eform@1.0.0 import:orders
> node scripts/runOrderImport.js

[2026-05-17T17:52:36.484Z] OrderImport: found 0 file(s)
OrderImport: nothing to do.

> eform@1.0.0 import:orders
> node scripts/runOrderImport.js

[2026-05-17T17:53:07.141Z] OrderImport: found 0 file(s)
OrderImport: nothing to do.

> eform@1.0.0 import:orders
> node scripts/runOrderImport.js

[2026-05-17T17:53:37.803Z] OrderImport: found 0 file(s)
OrderImport: nothing to do.

> eform@1.0.0 import:orders
> node scripts/runOrderImport.js

[2026-05-17T17:54:08.424Z] OrderImport: found 0 file(s)
OrderImport: nothing to do.

> eform@1.0.0 import:orders
> node scripts/runOrderImport.js

[2026-05-17T17:54:39.071Z] OrderImport: found 0 file(s)
OrderImport: nothing to do.

> eform@1.0.0 import:orders
> node scripts/runOrderImport.js

[2026-05-17T17:55:09.746Z] OrderImport: found 0 file(s)
OrderImport: nothing to do.

> eform@1.0.0 import:orders
> node scripts/runOrderImport.js

[2026-05-17T17:55:40.426Z] OrderImport: found 0 file(s)
OrderImport: nothing to do.

> eform@1.0.0 import:orders
> node scripts/runOrderImport.js

[2026-05-17T17:56:11.062Z] OrderImport: found 0 file(s)
OrderImport: nothing to do.

> eform@1.0.0 import:orders
> node scripts/runOrderImport.js

[2026-05-17T17:56:41.733Z] OrderImport: found 0 file(s)
OrderImport: nothing to do.

> eform@1.0.0 import:orders
> node scripts/runOrderImport.js

[2026-05-17T17:57:12.397Z] OrderImport: found 0 file(s)
OrderImport: nothing to do.

> eform@1.0.0 import:orders
> node scripts/runOrderImport.js

[2026-05-17T17:57:43.077Z] OrderImport: found 0 file(s)
OrderImport: nothing to do.

> eform@1.0.0 import:orders
> node scripts/runOrderImport.js

[2026-05-17T17:58:13.701Z] OrderImport: found 0 file(s)
OrderImport: nothing to do.

> eform@1.0.0 import:orders
> node scripts/runOrderImport.js

[2026-05-17T17:58:44.357Z] OrderImport: found 0 file(s)
OrderImport: nothing to do.

> eform@1.0.0 import:orders
> node scripts/runOrderImport.js

[2026-05-17T17:59:15.009Z] OrderImport: found 0 file(s)
OrderImport: nothing to do.

> eform@1.0.0 import:orders
> node scripts/runOrderImport.js

[2026-05-17T17:59:45.663Z] OrderImport: found 0 file(s)
OrderImport: nothing to do.

> eform@1.0.0 import:orders
> node scripts/runOrderImport.js

[2026-05-17T18:00:16.325Z] OrderImport: found 0 file(s)
OrderImport: nothing to do.

> eform@1.0.0 import:orders
> node scripts/runOrderImport.js

[2026-05-17T18:00:46.995Z] OrderImport: found 0 file(s)
OrderImport: nothing to do.

> eform@1.0.0 import:orders
> node scripts/runOrderImport.js

[2026-05-17T18:01:17.644Z] OrderImport: found 0 file(s)
OrderImport: nothing to do.

> eform@1.0.0 import:orders
> node scripts/runOrderImport.js

[2026-05-17T18:01:48.305Z] OrderImport: found 0 file(s)
OrderImport: nothing to do.

> eform@1.0.0 import:orders
> node scripts/runOrderImport.js

[2026-05-17T18:02:18.979Z] OrderImport: found 0 file(s)
OrderImport: nothing to do.

> eform@1.0.0 import:orders
> node scripts/runOrderImport.js

[2026-05-17T18:02:49.616Z] OrderImport: found 0 file(s)
OrderImport: nothing to do.

> eform@1.0.0 import:orders
> node scripts/runOrderImport.js

[2026-05-17T18:03:20.263Z] OrderImport: found 0 file(s)
OrderImport: nothing to do.

> eform@1.0.0 import:orders
> node scripts/runOrderImport.js

[2026-05-17T18:03:50.932Z] OrderImport: found 0 file(s)
OrderImport: nothing to do.

> eform@1.0.0 import:orders
> node scripts/runOrderImport.js

[2026-05-17T18:04:21.570Z] OrderImport: found 0 file(s)
OrderImport: nothing to do.

> eform@1.0.0 import:orders
> node scripts/runOrderImport.js

[2026-05-17T18:04:52.254Z] OrderImport: found 0 file(s)
OrderImport: nothing to do.

> eform@1.0.0 import:orders
> node scripts/runOrderImport.js

[2026-05-17T18:05:22.887Z] OrderImport: found 0 file(s)
OrderImport: nothing to do.

> eform@1.0.0 import:orders
> node scripts/runOrderImport.js

[2026-05-17T18:05:53.562Z] OrderImport: found 0 file(s)
OrderImport: nothing to do.

> eform@1.0.0 import:orders
> node scripts/runOrderImport.js

[2026-05-17T18:06:24.372Z] OrderImport: found 0 file(s)
OrderImport: nothing to do.

> eform@1.0.0 import:orders
> node scripts/runOrderImport.js

[2026-05-17T18:06:55.020Z] OrderImport: found 0 file(s)
OrderImport: nothing to do.

> eform@1.0.0 import:orders
> node scripts/runOrderImport.js

[2026-05-17T18:07:25.669Z] OrderImport: found 0 file(s)
OrderImport: nothing to do.

> eform@1.0.0 import:orders
> node scripts/runOrderImport.js

[2026-05-17T18:07:56.327Z] OrderImport: found 0 file(s)
OrderImport: nothing to do.

> eform@1.0.0 import:orders
> node scripts/runOrderImport.js

[2026-05-17T18:08:27.010Z] OrderImport: found 0 file(s)
OrderImport: nothing to do.

> eform@1.0.0 import:orders
> node scripts/runOrderImport.js

[2026-05-17T18:08:57.673Z] OrderImport: found 0 file(s)
OrderImport: nothing to do.

> eform@1.0.0 import:orders
> node scripts/runOrderImport.js

[2026-05-17T18:09:28.399Z] OrderImport: found 0 file(s)
OrderImport: nothing to do.

> eform@1.0.0 import:orders
> node scripts/runOrderImport.js

[2026-05-17T18:09:59.057Z] OrderImport: found 0 file(s)
OrderImport: nothing to do.

> eform@1.0.0 import:orders
> node scripts/runOrderImport.js

[2026-05-17T18:10:29.711Z] OrderImport: found 0 file(s)
OrderImport: nothing to do.

> eform@1.0.0 import:orders
> node scripts/runOrderImport.js

[2026-05-17T18:11:00.374Z] OrderImport: found 0 file(s)
OrderImport: nothing to do.

> eform@1.0.0 import:orders
> node scripts/runOrderImport.js

[2026-05-17T18:11:31.089Z] OrderImport: found 0 file(s)
OrderImport: nothing to do.

> eform@1.0.0 import:orders
> node scripts/runOrderImport.js

[2026-05-17T18:12:01.784Z] OrderImport: found 0 file(s)
OrderImport: nothing to do.

> eform@1.0.0 import:orders
> node scripts/runOrderImport.js

[2026-05-17T18:12:32.430Z] OrderImport: found 0 file(s)
OrderImport: nothing to do.

> eform@1.0.0 import:orders
> node scripts/runOrderImport.js

[2026-05-17T18:13:03.153Z] OrderImport: found 0 file(s)
OrderImport: nothing to do.

> eform@1.0.0 import:orders
> node scripts/runOrderImport.js

[2026-05-17T18:13:33.933Z] OrderImport: found 0 file(s)
OrderImport: nothing to do.

> eform@1.0.0 import:orders
> node scripts/runOrderImport.js

[2026-05-17T18:14:04.714Z] OrderImport: found 0 file(s)
OrderImport: nothing to do.

> eform@1.0.0 import:orders
> node scripts/runOrderImport.js

[2026-05-17T18:14:35.498Z] OrderImport: found 0 file(s)
OrderImport: nothing to do.

> eform@1.0.0 import:orders
> node scripts/runOrderImport.js

[2026-05-17T18:15:06.255Z] OrderImport: found 0 file(s)
OrderImport: nothing to do.

> eform@1.0.0 import:orders
> node scripts/runOrderImport.js

[2026-05-17T18:15:36.931Z] OrderImport: found 0 file(s)
OrderImport: nothing to do.

> eform@1.0.0 import:orders
> node scripts/runOrderImport.js

[2026-05-17T18:16:07.607Z] OrderImport: found 0 file(s)
OrderImport: nothing to do.

> eform@1.0.0 import:orders
> node scripts/runOrderImport.js

[2026-05-17T18:16:38.261Z] OrderImport: found 0 file(s)
OrderImport: nothing to do.

> eform@1.0.0 import:orders
> node scripts/runOrderImport.js

[2026-05-17T18:17:08.944Z] OrderImport: found 0 file(s)
OrderImport: nothing to do.

> eform@1.0.0 import:orders
> node scripts/runOrderImport.js

[2026-05-17T18:17:39.604Z] OrderImport: found 0 file(s)
OrderImport: nothing to do.

> eform@1.0.0 import:orders
> node scripts/runOrderImport.js

[2026-05-17T18:18:10.248Z] OrderImport: found 0 file(s)
OrderImport: nothing to do.

> eform@1.0.0 import:orders
> node scripts/runOrderImport.js

[2026-05-17T18:18:40.884Z] OrderImport: found 0 file(s)
OrderImport: nothing to do.

> eform@1.0.0 import:orders
> node scripts/runOrderImport.js

[2026-05-17T18:19:11.545Z] OrderImport: found 0 file(s)
OrderImport: nothing to do.

> eform@1.0.0 import:orders
> node scripts/runOrderImport.js

[2026-05-17T18:19:42.193Z] OrderImport: found 0 file(s)
OrderImport: nothing to do.

> eform@1.0.0 import:orders
> node scripts/runOrderImport.js

[2026-05-17T18:20:12.881Z] OrderImport: found 0 file(s)
OrderImport: nothing to do.

> eform@1.0.0 import:orders
> node scripts/runOrderImport.js

[2026-05-17T18:20:43.570Z] OrderImport: found 0 file(s)
OrderImport: nothing to do.

> eform@1.0.0 import:orders
> node scripts/runOrderImport.js

[2026-05-17T18:21:14.220Z] OrderImport: found 0 file(s)
OrderImport: nothing to do.

> eform@1.0.0 import:orders
> node scripts/runOrderImport.js

[2026-05-17T18:21:44.872Z] OrderImport: found 0 file(s)
OrderImport: nothing to do.

> eform@1.0.0 import:orders
> node scripts/runOrderImport.js

[2026-05-17T18:22:15.525Z] OrderImport: found 0 file(s)
OrderImport: nothing to do.

> eform@1.0.0 import:orders
> node scripts/runOrderImport.js

[2026-05-17T18:22:46.213Z] OrderImport: found 0 file(s)
OrderImport: nothing to do.

> eform@1.0.0 import:orders
> node scripts/runOrderImport.js

[2026-05-17T18:23:16.863Z] OrderImport: found 0 file(s)
OrderImport: nothing to do.

> eform@1.0.0 import:orders
> node scripts/runOrderImport.js

[2026-05-17T18:23:47.540Z] OrderImport: found 0 file(s)
OrderImport: nothing to do.

> eform@1.0.0 import:orders
> node scripts/runOrderImport.js

[2026-05-17T18:24:18.194Z] OrderImport: found 0 file(s)
OrderImport: nothing to do.

> eform@1.0.0 import:orders
> node scripts/runOrderImport.js

[2026-05-17T18:24:48.872Z] OrderImport: found 0 file(s)
OrderImport: nothing to do.

> eform@1.0.0 import:orders
> node scripts/runOrderImport.js

[2026-05-17T18:25:19.560Z] OrderImport: found 0 file(s)
OrderImport: nothing to do.

> eform@1.0.0 import:orders
> node scripts/runOrderImport.js

[2026-05-17T18:25:50.218Z] OrderImport: found 0 file(s)
OrderImport: nothing to do.

> eform@1.0.0 import:orders
> node scripts/runOrderImport.js

[2026-05-17T18:26:20.884Z] OrderImport: found 0 file(s)
OrderImport: nothing to do.

> eform@1.0.0 import:orders
> node scripts/runOrderImport.js

[2026-05-17T18:26:51.575Z] OrderImport: found 0 file(s)
OrderImport: nothing to do.

> eform@1.0.0 import:orders
> node scripts/runOrderImport.js

[2026-05-17T18:27:22.233Z] OrderImport: found 0 file(s)
OrderImport: nothing to do.

> eform@1.0.0 import:orders
> node scripts/runOrderImport.js

[2026-05-17T18:27:52.883Z] OrderImport: found 0 file(s)
OrderImport: nothing to do.

> eform@1.0.0 import:orders
> node scripts/runOrderImport.js

[2026-05-17T18:28:23.505Z] OrderImport: found 0 file(s)
OrderImport: nothing to do.

> eform@1.0.0 import:orders
> node scripts/runOrderImport.js

[2026-05-17T18:28:54.174Z] OrderImport: found 0 file(s)
OrderImport: nothing to do.

> eform@1.0.0 import:orders
> node scripts/runOrderImport.js

[2026-05-17T18:29:24.799Z] OrderImport: found 0 file(s)
OrderImport: nothing to do.

> eform@1.0.0 import:orders
> node scripts/runOrderImport.js

[2026-05-17T18:29:55.518Z] OrderImport: found 0 file(s)
OrderImport: nothing to do.

> eform@1.0.0 import:orders
> node scripts/runOrderImport.js

[2026-05-17T18:30:26.165Z] OrderImport: found 0 file(s)
OrderImport: nothing to do.

> eform@1.0.0 import:orders
> node scripts/runOrderImport.js

[2026-05-17T18:30:56.809Z] OrderImport: found 0 file(s)
OrderImport: nothing to do.

> eform@1.0.0 import:orders
> node scripts/runOrderImport.js

[2026-05-17T18:31:27.469Z] OrderImport: found 0 file(s)
OrderImport: nothing to do.

> eform@1.0.0 import:orders
> node scripts/runOrderImport.js

[2026-05-17T18:31:58.161Z] OrderImport: found 0 file(s)
OrderImport: nothing to do.

> eform@1.0.0 import:orders
> node scripts/runOrderImport.js

[2026-05-17T18:32:28.787Z] OrderImport: found 0 file(s)
OrderImport: nothing to do.

> eform@1.0.0 import:orders
> node scripts/runOrderImport.js

[2026-05-17T18:32:59.450Z] OrderImport: found 0 file(s)
OrderImport: nothing to do.

> eform@1.0.0 import:orders
> node scripts/runOrderImport.js

[2026-05-17T18:33:30.121Z] OrderImport: found 0 file(s)
OrderImport: nothing to do.

> eform@1.0.0 import:orders
> node scripts/runOrderImport.js

[2026-05-17T18:34:00.774Z] OrderImport: found 0 file(s)
OrderImport: nothing to do.

> eform@1.0.0 import:orders
> node scripts/runOrderImport.js

[2026-05-17T18:34:31.457Z] OrderImport: found 0 file(s)
OrderImport: nothing to do.

> eform@1.0.0 import:orders
> node scripts/runOrderImport.js

[2026-05-17T18:35:02.146Z] OrderImport: found 0 file(s)
OrderImport: nothing to do.

> eform@1.0.0 import:orders
> node scripts/runOrderImport.js

[2026-05-17T18:35:32.836Z] OrderImport: found 0 file(s)
OrderImport: nothing to do.

> eform@1.0.0 import:orders
> node scripts/runOrderImport.js

[2026-05-17T18:36:03.491Z] OrderImport: found 0 file(s)
OrderImport: nothing to do.

> eform@1.0.0 import:orders
> node scripts/runOrderImport.js

[2026-05-17T18:36:34.130Z] OrderImport: found 0 file(s)
OrderImport: nothing to do.

> eform@1.0.0 import:orders
> node scripts/runOrderImport.js

[2026-05-17T18:37:04.769Z] OrderImport: found 0 file(s)
OrderImport: nothing to do.

> eform@1.0.0 import:orders
> node scripts/runOrderImport.js

[2026-05-17T18:37:35.419Z] OrderImport: found 0 file(s)
OrderImport: nothing to do.

> eform@1.0.0 import:orders
> node scripts/runOrderImport.js

[2026-05-17T18:38:06.100Z] OrderImport: found 0 file(s)
OrderImport: nothing to do.

> eform@1.0.0 import:orders
> node scripts/runOrderImport.js

[2026-05-17T18:38:36.756Z] OrderImport: found 0 file(s)
OrderImport: nothing to do.

> eform@1.0.0 import:orders
> node scripts/runOrderImport.js

[2026-05-17T18:39:07.428Z] OrderImport: found 0 file(s)
OrderImport: nothing to do.

> eform@1.0.0 import:orders
> node scripts/runOrderImport.js

[2026-05-17T18:39:38.069Z] OrderImport: found 0 file(s)
OrderImport: nothing to do.

> eform@1.0.0 import:orders
> node scripts/runOrderImport.js

[2026-05-17T18:40:08.727Z] OrderImport: found 0 file(s)
OrderImport: nothing to do.

> eform@1.0.0 import:orders
> node scripts/runOrderImport.js

[2026-05-17T18:40:39.386Z] OrderImport: found 0 file(s)
OrderImport: nothing to do.

> eform@1.0.0 import:orders
> node scripts/runOrderImport.js

[2026-05-17T18:41:10.053Z] OrderImport: found 0 file(s)
OrderImport: nothing to do.

> eform@1.0.0 import:orders
> node scripts/runOrderImport.js

[2026-05-17T18:41:40.775Z] OrderImport: found 0 file(s)
OrderImport: nothing to do.

> eform@1.0.0 import:orders
> node scripts/runOrderImport.js

[2026-05-17T18:42:11.441Z] OrderImport: found 0 file(s)
OrderImport: nothing to do.

> eform@1.0.0 import:orders
> node scripts/runOrderImport.js

[2026-05-17T18:42:42.085Z] OrderImport: found 0 file(s)
OrderImport: nothing to do.

> eform@1.0.0 import:orders
> node scripts/runOrderImport.js

[2026-05-17T18:43:12.739Z] OrderImport: found 0 file(s)
OrderImport: nothing to do.

> eform@1.0.0 import:orders
> node scripts/runOrderImport.js

[2026-05-17T18:43:43.425Z] OrderImport: found 0 file(s)
OrderImport: nothing to do.

> eform@1.0.0 import:orders
> node scripts/runOrderImport.js

[2026-05-17T18:44:14.086Z] OrderImport: found 0 file(s)
OrderImport: nothing to do.

> eform@1.0.0 import:orders
> node scripts/runOrderImport.js

[2026-05-17T18:44:44.764Z] OrderImport: found 0 file(s)
OrderImport: nothing to do.

> eform@1.0.0 import:orders
> node scripts/runOrderImport.js

[2026-05-17T18:45:15.426Z] OrderImport: found 0 file(s)
OrderImport: nothing to do.

> eform@1.0.0 import:orders
> node scripts/runOrderImport.js

[2026-05-17T18:45:46.064Z] OrderImport: found 0 file(s)
OrderImport: nothing to do.

> eform@1.0.0 import:orders
> node scripts/runOrderImport.js

[2026-05-17T18:46:16.707Z] OrderImport: found 0 file(s)
OrderImport: nothing to do.

> eform@1.0.0 import:orders
> node scripts/runOrderImport.js

[2026-05-17T18:46:47.348Z] OrderImport: found 0 file(s)
OrderImport: nothing to do.

> eform@1.0.0 import:orders
> node scripts/runOrderImport.js

[2026-05-17T18:47:17.985Z] OrderImport: found 0 file(s)
OrderImport: nothing to do.

> eform@1.0.0 import:orders
> node scripts/runOrderImport.js

[2026-05-17T18:47:48.653Z] OrderImport: found 0 file(s)
OrderImport: nothing to do.

> eform@1.0.0 import:orders
> node scripts/runOrderImport.js

[2026-05-17T18:48:19.294Z] OrderImport: found 0 file(s)
OrderImport: nothing to do.

> eform@1.0.0 import:orders
> node scripts/runOrderImport.js

[2026-05-17T18:48:49.984Z] OrderImport: found 0 file(s)
OrderImport: nothing to do.

> eform@1.0.0 import:orders
> node scripts/runOrderImport.js

[2026-05-17T18:49:20.652Z] OrderImport: found 0 file(s)
OrderImport: nothing to do.

> eform@1.0.0 import:orders
> node scripts/runOrderImport.js

[2026-05-17T18:49:51.310Z] OrderImport: found 0 file(s)
OrderImport: nothing to do.

> eform@1.0.0 import:orders
> node scripts/runOrderImport.js

[2026-05-17T18:50:21.971Z] OrderImport: found 0 file(s)
OrderImport: nothing to do.

> eform@1.0.0 import:orders
> node scripts/runOrderImport.js

[2026-05-17T18:50:52.619Z] OrderImport: found 0 file(s)
OrderImport: nothing to do.

> eform@1.0.0 import:orders
> node scripts/runOrderImport.js

[2026-05-17T18:51:23.284Z] OrderImport: found 0 file(s)
OrderImport: nothing to do.

> eform@1.0.0 import:orders
> node scripts/runOrderImport.js

[2026-05-17T18:51:53.918Z] OrderImport: found 0 file(s)
OrderImport: nothing to do.

> eform@1.0.0 import:orders
> node scripts/runOrderImport.js

[2026-05-17T18:52:24.571Z] OrderImport: found 0 file(s)
OrderImport: nothing to do.

> eform@1.0.0 import:orders
> node scripts/runOrderImport.js

[2026-05-17T18:52:55.260Z] OrderImport: found 0 file(s)
OrderImport: nothing to do.

> eform@1.0.0 import:orders
> node scripts/runOrderImport.js

[2026-05-17T18:53:25.943Z] OrderImport: found 0 file(s)
OrderImport: nothing to do.

> eform@1.0.0 import:orders
> node scripts/runOrderImport.js

[2026-05-17T18:53:56.608Z] OrderImport: found 0 file(s)
OrderImport: nothing to do.

> eform@1.0.0 import:orders
> node scripts/runOrderImport.js

[2026-05-17T18:54:27.277Z] OrderImport: found 0 file(s)
OrderImport: nothing to do.

> eform@1.0.0 import:orders
> node scripts/runOrderImport.js

[2026-05-17T18:54:57.936Z] OrderImport: found 0 file(s)
OrderImport: nothing to do.

> eform@1.0.0 import:orders
> node scripts/runOrderImport.js

[2026-05-17T18:55:28.616Z] OrderImport: found 0 file(s)
OrderImport: nothing to do.

> eform@1.0.0 import:orders
> node scripts/runOrderImport.js

[2026-05-17T18:55:59.315Z] OrderImport: found 0 file(s)
OrderImport: nothing to do.

> eform@1.0.0 import:orders
> node scripts/runOrderImport.js

[2026-05-17T18:56:29.967Z] OrderImport: found 0 file(s)
OrderImport: nothing to do.

> eform@1.0.0 import:orders
> node scripts/runOrderImport.js

[2026-05-17T18:57:00.667Z] OrderImport: found 0 file(s)
OrderImport: nothing to do.

> eform@1.0.0 import:orders
> node scripts/runOrderImport.js

[2026-05-17T18:57:31.335Z] OrderImport: found 0 file(s)
OrderImport: nothing to do.

> eform@1.0.0 import:orders
> node scripts/runOrderImport.js

[2026-05-17T18:58:02.023Z] OrderImport: found 0 file(s)
OrderImport: nothing to do.

> eform@1.0.0 import:orders
> node scripts/runOrderImport.js

[2026-05-17T18:58:32.667Z] OrderImport: found 0 file(s)
OrderImport: nothing to do.

> eform@1.0.0 import:orders
> node scripts/runOrderImport.js

[2026-05-17T18:59:03.417Z] OrderImport: found 0 file(s)
OrderImport: nothing to do.

> eform@1.0.0 import:orders
> node scripts/runOrderImport.js

[2026-05-17T18:59:34.082Z] OrderImport: found 0 file(s)
OrderImport: nothing to do.

> eform@1.0.0 import:orders
> node scripts/runOrderImport.js

[2026-05-17T19:00:04.853Z] OrderImport: found 0 file(s)
OrderImport: nothing to do.

> eform@1.0.0 import:orders
> node scripts/runOrderImport.js

[2026-05-17T19:00:35.515Z] OrderImport: found 0 file(s)
OrderImport: nothing to do.

> eform@1.0.0 import:orders
> node scripts/runOrderImport.js

[2026-05-17T19:01:06.157Z] OrderImport: found 0 file(s)
OrderImport: nothing to do.

> eform@1.0.0 import:orders
> node scripts/runOrderImport.js

[2026-05-17T19:01:36.793Z] OrderImport: found 0 file(s)
OrderImport: nothing to do.

> eform@1.0.0 import:orders
> node scripts/runOrderImport.js

[2026-05-17T19:02:07.439Z] OrderImport: found 0 file(s)
OrderImport: nothing to do.

> eform@1.0.0 import:orders
> node scripts/runOrderImport.js

[2026-05-17T19:02:38.062Z] OrderImport: found 0 file(s)
OrderImport: nothing to do.

> eform@1.0.0 import:orders
> node scripts/runOrderImport.js

[2026-05-17T19:03:08.716Z] OrderImport: found 0 file(s)
OrderImport: nothing to do.

> eform@1.0.0 import:orders
> node scripts/runOrderImport.js

[2026-05-17T19:03:39.358Z] OrderImport: found 0 file(s)
OrderImport: nothing to do.

> eform@1.0.0 import:orders
> node scripts/runOrderImport.js

[2026-05-17T19:04:10.032Z] OrderImport: found 0 file(s)
OrderImport: nothing to do.

> eform@1.0.0 import:orders
> node scripts/runOrderImport.js

[2026-05-17T19:04:40.685Z] OrderImport: found 0 file(s)
OrderImport: nothing to do.

> eform@1.0.0 import:orders
> node scripts/runOrderImport.js

[2026-05-17T19:05:11.341Z] OrderImport: found 0 file(s)
OrderImport: nothing to do.

> eform@1.0.0 import:orders
> node scripts/runOrderImport.js

[2026-05-17T19:05:41.979Z] OrderImport: found 0 file(s)
OrderImport: nothing to do.

> eform@1.0.0 import:orders
> node scripts/runOrderImport.js

[2026-05-17T19:06:12.636Z] OrderImport: found 0 file(s)
OrderImport: nothing to do.

> eform@1.0.0 import:orders
> node scripts/runOrderImport.js

[2026-05-17T19:06:43.276Z] OrderImport: found 0 file(s)
OrderImport: nothing to do.

> eform@1.0.0 import:orders
> node scripts/runOrderImport.js

[2026-05-17T19:07:13.918Z] OrderImport: found 0 file(s)
OrderImport: nothing to do.

> eform@1.0.0 import:orders
> node scripts/runOrderImport.js

[2026-05-17T19:07:44.571Z] OrderImport: found 0 file(s)
OrderImport: nothing to do.

> eform@1.0.0 import:orders
> node scripts/runOrderImport.js

[2026-05-17T19:08:15.212Z] OrderImport: found 0 file(s)
OrderImport: nothing to do.

> eform@1.0.0 import:orders
> node scripts/runOrderImport.js

[2026-05-17T19:08:45.857Z] OrderImport: found 0 file(s)
OrderImport: nothing to do.

> eform@1.0.0 import:orders
> node scripts/runOrderImport.js

[2026-05-17T19:09:16.497Z] OrderImport: found 0 file(s)
OrderImport: nothing to do.

> eform@1.0.0 import:orders
> node scripts/runOrderImport.js

[2026-05-17T19:09:47.149Z] OrderImport: found 0 file(s)
OrderImport: nothing to do.

> eform@1.0.0 import:orders
> node scripts/runOrderImport.js

[2026-05-17T19:10:17.822Z] OrderImport: found 0 file(s)
OrderImport: nothing to do.

> eform@1.0.0 import:orders
> node scripts/runOrderImport.js

[2026-05-17T19:10:48.472Z] OrderImport: found 0 file(s)
OrderImport: nothing to do.

> eform@1.0.0 import:orders
> node scripts/runOrderImport.js

[2026-05-17T19:11:19.122Z] OrderImport: found 0 file(s)
OrderImport: nothing to do.

> eform@1.0.0 import:orders
> node scripts/runOrderImport.js

[2026-05-17T19:11:49.771Z] OrderImport: found 0 file(s)
OrderImport: nothing to do.

> eform@1.0.0 import:orders
> node scripts/runOrderImport.js

[2026-05-17T19:12:20.430Z] OrderImport: found 0 file(s)
OrderImport: nothing to do.

> eform@1.0.0 import:orders
> node scripts/runOrderImport.js

[2026-05-17T19:12:51.083Z] OrderImport: found 0 file(s)
OrderImport: nothing to do.

> eform@1.0.0 import:orders
> node scripts/runOrderImport.js

[2026-05-17T19:13:21.746Z] OrderImport: found 0 file(s)
OrderImport: nothing to do.

> eform@1.0.0 import:orders
> node scripts/runOrderImport.js

[2026-05-17T19:13:52.417Z] OrderImport: found 0 file(s)
OrderImport: nothing to do.

> eform@1.0.0 import:orders
> node scripts/runOrderImport.js

[2026-05-17T19:14:23.070Z] OrderImport: found 0 file(s)
OrderImport: nothing to do.

> eform@1.0.0 import:orders
> node scripts/runOrderImport.js

[2026-05-17T19:14:53.735Z] OrderImport: found 0 file(s)
OrderImport: nothing to do.

> eform@1.0.0 import:orders
> node scripts/runOrderImport.js

[2026-05-17T19:15:24.410Z] OrderImport: found 0 file(s)
OrderImport: nothing to do.

> eform@1.0.0 import:orders
> node scripts/runOrderImport.js

[2026-05-17T19:15:55.066Z] OrderImport: found 0 file(s)
OrderImport: nothing to do.

> eform@1.0.0 import:orders
> node scripts/runOrderImport.js

[2026-05-17T19:16:25.728Z] OrderImport: found 0 file(s)
OrderImport: nothing to do.

> eform@1.0.0 import:orders
> node scripts/runOrderImport.js

[2026-05-17T19:16:56.378Z] OrderImport: found 0 file(s)
OrderImport: nothing to do.

> eform@1.0.0 import:orders
> node scripts/runOrderImport.js

[2026-05-17T19:17:27.016Z] OrderImport: found 0 file(s)
OrderImport: nothing to do.

> eform@1.0.0 import:orders
> node scripts/runOrderImport.js

[2026-05-17T19:17:57.666Z] OrderImport: found 0 file(s)
OrderImport: nothing to do.

> eform@1.0.0 import:orders
> node scripts/runOrderImport.js

[2026-05-17T19:18:28.324Z] OrderImport: found 0 file(s)
OrderImport: nothing to do.

> eform@1.0.0 import:orders
> node scripts/runOrderImport.js

[2026-05-17T19:18:59.005Z] OrderImport: found 0 file(s)
OrderImport: nothing to do.

> eform@1.0.0 import:orders
> node scripts/runOrderImport.js

[2026-05-17T19:19:29.641Z] OrderImport: found 0 file(s)
OrderImport: nothing to do.

> eform@1.0.0 import:orders
> node scripts/runOrderImport.js

[2026-05-17T19:20:00.344Z] OrderImport: found 0 file(s)
OrderImport: nothing to do.

> eform@1.0.0 import:orders
> node scripts/runOrderImport.js

[2026-05-17T19:20:31.004Z] OrderImport: found 0 file(s)
OrderImport: nothing to do.

> eform@1.0.0 import:orders
> node scripts/runOrderImport.js

[2026-05-17T19:21:01.659Z] OrderImport: found 0 file(s)
OrderImport: nothing to do.

> eform@1.0.0 import:orders
> node scripts/runOrderImport.js

[2026-05-17T19:21:32.337Z] OrderImport: found 0 file(s)
OrderImport: nothing to do.

> eform@1.0.0 import:orders
> node scripts/runOrderImport.js

[2026-05-17T19:22:02.996Z] OrderImport: found 0 file(s)
OrderImport: nothing to do.

> eform@1.0.0 import:orders
> node scripts/runOrderImport.js

[2026-05-17T19:22:33.651Z] OrderImport: found 0 file(s)
OrderImport: nothing to do.

> eform@1.0.0 import:orders
> node scripts/runOrderImport.js

[2026-05-17T19:23:04.318Z] OrderImport: found 0 file(s)
OrderImport: nothing to do.

> eform@1.0.0 import:orders
> node scripts/runOrderImport.js

[2026-05-17T19:23:34.957Z] OrderImport: found 0 file(s)
OrderImport: nothing to do.

> eform@1.0.0 import:orders
> node scripts/runOrderImport.js

[2026-05-17T19:24:05.575Z] OrderImport: found 0 file(s)
OrderImport: nothing to do.

> eform@1.0.0 import:orders
> node scripts/runOrderImport.js

[2026-05-17T19:24:36.233Z] OrderImport: found 0 file(s)
OrderImport: nothing to do.

> eform@1.0.0 import:orders
> node scripts/runOrderImport.js

[2026-05-17T19:25:06.913Z] OrderImport: found 0 file(s)
OrderImport: nothing to do.

> eform@1.0.0 import:orders
> node scripts/runOrderImport.js

[2026-05-17T19:25:37.592Z] OrderImport: found 0 file(s)
OrderImport: nothing to do.

> eform@1.0.0 import:orders
> node scripts/runOrderImport.js

[2026-05-17T19:26:08.243Z] OrderImport: found 0 file(s)
OrderImport: nothing to do.

> eform@1.0.0 import:orders
> node scripts/runOrderImport.js

[2026-05-17T19:26:38.932Z] OrderImport: found 0 file(s)
OrderImport: nothing to do.

> eform@1.0.0 import:orders
> node scripts/runOrderImport.js

[2026-05-17T19:27:09.582Z] OrderImport: found 0 file(s)
OrderImport: nothing to do.

> eform@1.0.0 import:orders
> node scripts/runOrderImport.js

[2026-05-17T19:27:40.277Z] OrderImport: found 0 file(s)
OrderImport: nothing to do.

> eform@1.0.0 import:orders
> node scripts/runOrderImport.js

[2026-05-17T19:28:10.951Z] OrderImport: found 0 file(s)
OrderImport: nothing to do.

> eform@1.0.0 import:orders
> node scripts/runOrderImport.js

[2026-05-17T19:28:41.598Z] OrderImport: found 0 file(s)
OrderImport: nothing to do.

> eform@1.0.0 import:orders
> node scripts/runOrderImport.js

[2026-05-17T19:29:12.246Z] OrderImport: found 0 file(s)
OrderImport: nothing to do.

> eform@1.0.0 import:orders
> node scripts/runOrderImport.js

[2026-05-17T19:29:42.913Z] OrderImport: found 0 file(s)
OrderImport: nothing to do.

> eform@1.0.0 import:orders
> node scripts/runOrderImport.js

[2026-05-17T19:30:13.639Z] OrderImport: found 0 file(s)
OrderImport: nothing to do.

> eform@1.0.0 import:orders
> node scripts/runOrderImport.js

[2026-05-17T19:30:44.313Z] OrderImport: found 0 file(s)
OrderImport: nothing to do.

> eform@1.0.0 import:orders
> node scripts/runOrderImport.js

[2026-05-17T19:31:15.002Z] OrderImport: found 0 file(s)
OrderImport: nothing to do.

> eform@1.0.0 import:orders
> node scripts/runOrderImport.js

[2026-05-17T19:31:45.657Z] OrderImport: found 0 file(s)
OrderImport: nothing to do.

> eform@1.0.0 import:orders
> node scripts/runOrderImport.js

[2026-05-17T19:32:16.300Z] OrderImport: found 0 file(s)
OrderImport: nothing to do.

> eform@1.0.0 import:orders
> node scripts/runOrderImport.js

[2026-05-17T19:32:46.984Z] OrderImport: found 0 file(s)
OrderImport: nothing to do.

> eform@1.0.0 import:orders
> node scripts/runOrderImport.js

[2026-05-17T19:33:17.626Z] OrderImport: found 0 file(s)
OrderImport: nothing to do.

> eform@1.0.0 import:orders
> node scripts/runOrderImport.js

[2026-05-17T19:33:48.280Z] OrderImport: found 0 file(s)
OrderImport: nothing to do.

> eform@1.0.0 import:orders
> node scripts/runOrderImport.js

[2026-05-17T19:34:18.925Z] OrderImport: found 0 file(s)
OrderImport: nothing to do.

> eform@1.0.0 import:orders
> node scripts/runOrderImport.js

[2026-05-17T19:34:49.560Z] OrderImport: found 0 file(s)
OrderImport: nothing to do.

> eform@1.0.0 import:orders
> node scripts/runOrderImport.js

[2026-05-17T19:35:20.224Z] OrderImport: found 0 file(s)
OrderImport: nothing to do.

> eform@1.0.0 import:orders
> node scripts/runOrderImport.js

[2026-05-17T19:35:50.871Z] OrderImport: found 0 file(s)
OrderImport: nothing to do.

> eform@1.0.0 import:orders
> node scripts/runOrderImport.js

[2026-05-17T19:36:21.503Z] OrderImport: found 0 file(s)
OrderImport: nothing to do.

> eform@1.0.0 import:orders
> node scripts/runOrderImport.js

[2026-05-17T19:36:52.182Z] OrderImport: found 0 file(s)
OrderImport: nothing to do.

> eform@1.0.0 import:orders
> node scripts/runOrderImport.js

[2026-05-17T19:37:22.845Z] OrderImport: found 0 file(s)
OrderImport: nothing to do.

> eform@1.0.0 import:orders
> node scripts/runOrderImport.js

[2026-05-17T19:37:53.487Z] OrderImport: found 0 file(s)
OrderImport: nothing to do.

> eform@1.0.0 import:orders
> node scripts/runOrderImport.js

[2026-05-17T19:38:24.167Z] OrderImport: found 0 file(s)
OrderImport: nothing to do.

> eform@1.0.0 import:orders
> node scripts/runOrderImport.js

[2026-05-17T19:38:54.842Z] OrderImport: found 0 file(s)
OrderImport: nothing to do.

> eform@1.0.0 import:orders
> node scripts/runOrderImport.js

[2026-05-17T19:39:25.510Z] OrderImport: found 0 file(s)
OrderImport: nothing to do.

> eform@1.0.0 import:orders
> node scripts/runOrderImport.js

[2026-05-17T19:39:56.194Z] OrderImport: found 0 file(s)
OrderImport: nothing to do.

> eform@1.0.0 import:orders
> node scripts/runOrderImport.js

[2026-05-17T19:40:26.838Z] OrderImport: found 0 file(s)
OrderImport: nothing to do.

> eform@1.0.0 import:orders
> node scripts/runOrderImport.js

[2026-05-17T19:40:57.470Z] OrderImport: found 0 file(s)
OrderImport: nothing to do.

> eform@1.0.0 import:orders
> node scripts/runOrderImport.js

[2026-05-17T19:41:28.118Z] OrderImport: found 0 file(s)
OrderImport: nothing to do.

> eform@1.0.0 import:orders
> node scripts/runOrderImport.js

[2026-05-17T19:41:58.786Z] OrderImport: found 0 file(s)
OrderImport: nothing to do.

> eform@1.0.0 import:orders
> node scripts/runOrderImport.js

[2026-05-17T19:42:29.425Z] OrderImport: found 0 file(s)
OrderImport: nothing to do.

> eform@1.0.0 import:orders
> node scripts/runOrderImport.js

[2026-05-17T19:43:00.157Z] OrderImport: found 0 file(s)
OrderImport: nothing to do.

> eform@1.0.0 import:orders
> node scripts/runOrderImport.js

[2026-05-17T19:43:30.827Z] OrderImport: found 0 file(s)
OrderImport: nothing to do.

> eform@1.0.0 import:orders
> node scripts/runOrderImport.js

[2026-05-17T19:44:01.472Z] OrderImport: found 0 file(s)
OrderImport: nothing to do.

> eform@1.0.0 import:orders
> node scripts/runOrderImport.js

[2026-05-17T19:44:32.128Z] OrderImport: found 0 file(s)
OrderImport: nothing to do.

> eform@1.0.0 import:orders
> node scripts/runOrderImport.js

[2026-05-17T19:45:02.809Z] OrderImport: found 0 file(s)
OrderImport: nothing to do.

> eform@1.0.0 import:orders
> node scripts/runOrderImport.js

[2026-05-17T19:45:33.457Z] OrderImport: found 0 file(s)
OrderImport: nothing to do.

> eform@1.0.0 import:orders
> node scripts/runOrderImport.js

[2026-05-17T19:46:04.182Z] OrderImport: found 0 file(s)
OrderImport: nothing to do.

> eform@1.0.0 import:orders
> node scripts/runOrderImport.js

[2026-05-17T19:46:34.829Z] OrderImport: found 0 file(s)
OrderImport: nothing to do.

> eform@1.0.0 import:orders
> node scripts/runOrderImport.js

[2026-05-17T19:47:05.455Z] OrderImport: found 0 file(s)
OrderImport: nothing to do.

> eform@1.0.0 import:orders
> node scripts/runOrderImport.js

[2026-05-17T19:47:36.113Z] OrderImport: found 0 file(s)
OrderImport: nothing to do.

> eform@1.0.0 import:orders
> node scripts/runOrderImport.js

[2026-05-17T19:48:06.776Z] OrderImport: found 0 file(s)
OrderImport: nothing to do.

> eform@1.0.0 import:orders
> node scripts/runOrderImport.js

[2026-05-17T19:48:37.416Z] OrderImport: found 0 file(s)
OrderImport: nothing to do.

> eform@1.0.0 import:orders
> node scripts/runOrderImport.js

[2026-05-17T19:49:08.068Z] OrderImport: found 0 file(s)
OrderImport: nothing to do.

> eform@1.0.0 import:orders
> node scripts/runOrderImport.js

[2026-05-17T19:49:38.723Z] OrderImport: found 0 file(s)
OrderImport: nothing to do.

> eform@1.0.0 import:orders
> node scripts/runOrderImport.js

[2026-05-17T19:50:09.410Z] OrderImport: found 0 file(s)
OrderImport: nothing to do.

> eform@1.0.0 import:orders
> node scripts/runOrderImport.js

[2026-05-17T19:50:40.126Z] OrderImport: found 0 file(s)
OrderImport: nothing to do.

> eform@1.0.0 import:orders
> node scripts/runOrderImport.js

[2026-05-17T19:51:10.793Z] OrderImport: found 0 file(s)
OrderImport: nothing to do.

> eform@1.0.0 import:orders
> node scripts/runOrderImport.js

[2026-05-17T19:51:41.456Z] OrderImport: found 0 file(s)
OrderImport: nothing to do.

> eform@1.0.0 import:orders
> node scripts/runOrderImport.js

[2026-05-17T19:52:12.105Z] OrderImport: found 0 file(s)
OrderImport: nothing to do.

> eform@1.0.0 import:orders
> node scripts/runOrderImport.js

[2026-05-17T19:52:42.779Z] OrderImport: found 0 file(s)
OrderImport: nothing to do.

> eform@1.0.0 import:orders
> node scripts/runOrderImport.js

[2026-05-17T19:53:13.448Z] OrderImport: found 0 file(s)
OrderImport: nothing to do.

> eform@1.0.0 import:orders
> node scripts/runOrderImport.js

[2026-05-17T19:53:44.087Z] OrderImport: found 0 file(s)
OrderImport: nothing to do.

> eform@1.0.0 import:orders
> node scripts/runOrderImport.js

[2026-05-17T19:54:14.727Z] OrderImport: found 0 file(s)
OrderImport: nothing to do.

> eform@1.0.0 import:orders
> node scripts/runOrderImport.js

[2026-05-17T19:54:45.403Z] OrderImport: found 0 file(s)
OrderImport: nothing to do.

> eform@1.0.0 import:orders
> node scripts/runOrderImport.js

[2026-05-17T19:55:16.046Z] OrderImport: found 0 file(s)
OrderImport: nothing to do.

> eform@1.0.0 import:orders
> node scripts/runOrderImport.js

[2026-05-17T19:55:46.728Z] OrderImport: found 0 file(s)
OrderImport: nothing to do.

> eform@1.0.0 import:orders
> node scripts/runOrderImport.js

[2026-05-17T19:56:17.438Z] OrderImport: found 0 file(s)
OrderImport: nothing to do.

> eform@1.0.0 import:orders
> node scripts/runOrderImport.js

[2026-05-17T19:56:48.110Z] OrderImport: found 0 file(s)
OrderImport: nothing to do.

> eform@1.0.0 import:orders
> node scripts/runOrderImport.js

[2026-05-17T19:57:18.764Z] OrderImport: found 0 file(s)
OrderImport: nothing to do.

> eform@1.0.0 import:orders
> node scripts/runOrderImport.js

[2026-05-17T19:57:49.412Z] OrderImport: found 0 file(s)
OrderImport: nothing to do.

> eform@1.0.0 import:orders
> node scripts/runOrderImport.js

[2026-05-17T19:58:20.081Z] OrderImport: found 0 file(s)
OrderImport: nothing to do.

> eform@1.0.0 import:orders
> node scripts/runOrderImport.js

[2026-05-17T19:58:50.723Z] OrderImport: found 0 file(s)
OrderImport: nothing to do.

> eform@1.0.0 import:orders
> node scripts/runOrderImport.js

[2026-05-17T19:59:21.358Z] OrderImport: found 0 file(s)
OrderImport: nothing to do.

> eform@1.0.0 import:orders
> node scripts/runOrderImport.js

[2026-05-17T19:59:51.996Z] OrderImport: found 0 file(s)
OrderImport: nothing to do.

> eform@1.0.0 import:orders
> node scripts/runOrderImport.js

[2026-05-17T20:00:22.647Z] OrderImport: found 0 file(s)
OrderImport: nothing to do.

> eform@1.0.0 import:orders
> node scripts/runOrderImport.js

[2026-05-17T20:00:53.281Z] OrderImport: found 0 file(s)
OrderImport: nothing to do.

> eform@1.0.0 import:orders
> node scripts/runOrderImport.js

[2026-05-17T20:01:24.002Z] OrderImport: found 0 file(s)
OrderImport: nothing to do.

> eform@1.0.0 import:orders
> node scripts/runOrderImport.js

[2026-05-17T20:01:54.629Z] OrderImport: found 0 file(s)
OrderImport: nothing to do.

> eform@1.0.0 import:orders
> node scripts/runOrderImport.js

[2026-05-17T20:02:25.307Z] OrderImport: found 0 file(s)
OrderImport: nothing to do.

> eform@1.0.0 import:orders
> node scripts/runOrderImport.js

[2026-05-17T20:02:55.939Z] OrderImport: found 0 file(s)
OrderImport: nothing to do.

> eform@1.0.0 import:orders
> node scripts/runOrderImport.js

[2026-05-17T20:03:26.618Z] OrderImport: found 0 file(s)
OrderImport: nothing to do.

> eform@1.0.0 import:orders
> node scripts/runOrderImport.js

[2026-05-17T20:03:57.255Z] OrderImport: found 0 file(s)
OrderImport: nothing to do.

> eform@1.0.0 import:orders
> node scripts/runOrderImport.js

[2026-05-17T20:04:27.957Z] OrderImport: found 0 file(s)
OrderImport: nothing to do.

> eform@1.0.0 import:orders
> node scripts/runOrderImport.js

[2026-05-17T20:04:58.609Z] OrderImport: found 0 file(s)
OrderImport: nothing to do.

> eform@1.0.0 import:orders
> node scripts/runOrderImport.js

[2026-05-17T20:05:29.271Z] OrderImport: found 0 file(s)
OrderImport: nothing to do.

> eform@1.0.0 import:orders
> node scripts/runOrderImport.js

[2026-05-17T20:05:59.986Z] OrderImport: found 0 file(s)
OrderImport: nothing to do.

> eform@1.0.0 import:orders
> node scripts/runOrderImport.js

[2026-05-17T20:06:30.688Z] OrderImport: found 0 file(s)
OrderImport: nothing to do.

> eform@1.0.0 import:orders
> node scripts/runOrderImport.js

[2026-05-17T20:07:01.329Z] OrderImport: found 0 file(s)
OrderImport: nothing to do.

> eform@1.0.0 import:orders
> node scripts/runOrderImport.js

[2026-05-17T20:07:31.983Z] OrderImport: found 0 file(s)
OrderImport: nothing to do.

> eform@1.0.0 import:orders
> node scripts/runOrderImport.js

[2026-05-17T20:08:02.608Z] OrderImport: found 0 file(s)
OrderImport: nothing to do.

> eform@1.0.0 import:orders
> node scripts/runOrderImport.js

[2026-05-17T20:08:33.278Z] OrderImport: found 0 file(s)
OrderImport: nothing to do.

> eform@1.0.0 import:orders
> node scripts/runOrderImport.js

[2026-05-17T20:09:04.055Z] OrderImport: found 0 file(s)
OrderImport: nothing to do.

> eform@1.0.0 import:orders
> node scripts/runOrderImport.js

[2026-05-17T20:09:34.704Z] OrderImport: found 0 file(s)
OrderImport: nothing to do.

> eform@1.0.0 import:orders
> node scripts/runOrderImport.js

[2026-05-17T20:10:05.408Z] OrderImport: found 0 file(s)
OrderImport: nothing to do.

> eform@1.0.0 import:orders
> node scripts/runOrderImport.js

[2026-05-17T20:10:36.036Z] OrderImport: found 0 file(s)
OrderImport: nothing to do.

> eform@1.0.0 import:orders
> node scripts/runOrderImport.js

[2026-05-17T20:11:06.734Z] OrderImport: found 0 file(s)
OrderImport: nothing to do.

> eform@1.0.0 import:orders
> node scripts/runOrderImport.js

[2026-05-17T20:11:37.381Z] OrderImport: found 0 file(s)
OrderImport: nothing to do.

> eform@1.0.0 import:orders
> node scripts/runOrderImport.js

[2026-05-17T20:12:08.023Z] OrderImport: found 0 file(s)
OrderImport: nothing to do.

> eform@1.0.0 import:orders
> node scripts/runOrderImport.js

[2026-05-17T20:12:38.667Z] OrderImport: found 0 file(s)
OrderImport: nothing to do.

> eform@1.0.0 import:orders
> node scripts/runOrderImport.js

[2026-05-17T20:13:09.309Z] OrderImport: found 0 file(s)
OrderImport: nothing to do.

> eform@1.0.0 import:orders
> node scripts/runOrderImport.js

[2026-05-17T20:13:39.956Z] OrderImport: found 0 file(s)
OrderImport: nothing to do.

> eform@1.0.0 import:orders
> node scripts/runOrderImport.js

[2026-05-17T20:14:10.642Z] OrderImport: found 0 file(s)
OrderImport: nothing to do.

> eform@1.0.0 import:orders
> node scripts/runOrderImport.js

[2026-05-17T20:14:41.275Z] OrderImport: found 0 file(s)
OrderImport: nothing to do.

> eform@1.0.0 import:orders
> node scripts/runOrderImport.js

[2026-05-17T20:15:11.941Z] OrderImport: found 0 file(s)
OrderImport: nothing to do.

> eform@1.0.0 import:orders
> node scripts/runOrderImport.js

[2026-05-17T20:15:42.595Z] OrderImport: found 0 file(s)
OrderImport: nothing to do.

> eform@1.0.0 import:orders
> node scripts/runOrderImport.js

[2026-05-17T20:16:13.230Z] OrderImport: found 0 file(s)
OrderImport: nothing to do.

> eform@1.0.0 import:orders
> node scripts/runOrderImport.js

[2026-05-17T20:16:43.937Z] OrderImport: found 0 file(s)
OrderImport: nothing to do.

> eform@1.0.0 import:orders
> node scripts/runOrderImport.js

[2026-05-17T20:17:14.583Z] OrderImport: found 0 file(s)
OrderImport: nothing to do.

> eform@1.0.0 import:orders
> node scripts/runOrderImport.js

[2026-05-17T20:17:45.214Z] OrderImport: found 0 file(s)
OrderImport: nothing to do.

> eform@1.0.0 import:orders
> node scripts/runOrderImport.js

[2026-05-17T20:18:15.909Z] OrderImport: found 0 file(s)
OrderImport: nothing to do.

> eform@1.0.0 import:orders
> node scripts/runOrderImport.js

[2026-05-17T20:18:46.577Z] OrderImport: found 0 file(s)
OrderImport: nothing to do.

> eform@1.0.0 import:orders
> node scripts/runOrderImport.js

[2026-05-17T20:19:17.239Z] OrderImport: found 0 file(s)
OrderImport: nothing to do.

> eform@1.0.0 import:orders
> node scripts/runOrderImport.js

[2026-05-17T20:19:47.888Z] OrderImport: found 0 file(s)
OrderImport: nothing to do.

> eform@1.0.0 import:orders
> node scripts/runOrderImport.js

[2026-05-17T20:20:18.532Z] OrderImport: found 0 file(s)
OrderImport: nothing to do.

> eform@1.0.0 import:orders
> node scripts/runOrderImport.js

[2026-05-17T20:20:49.218Z] OrderImport: found 0 file(s)
OrderImport: nothing to do.

> eform@1.0.0 import:orders
> node scripts/runOrderImport.js

[2026-05-17T20:21:19.867Z] OrderImport: found 0 file(s)
OrderImport: nothing to do.

> eform@1.0.0 import:orders
> node scripts/runOrderImport.js

[2026-05-17T20:21:50.525Z] OrderImport: found 0 file(s)
OrderImport: nothing to do.

> eform@1.0.0 import:orders
> node scripts/runOrderImport.js

[2026-05-17T20:22:21.209Z] OrderImport: found 0 file(s)
OrderImport: nothing to do.

> eform@1.0.0 import:orders
> node scripts/runOrderImport.js

[2026-05-17T20:22:51.848Z] OrderImport: found 0 file(s)
OrderImport: nothing to do.

> eform@1.0.0 import:orders
> node scripts/runOrderImport.js

[2026-05-17T20:23:22.499Z] OrderImport: found 0 file(s)
OrderImport: nothing to do.

> eform@1.0.0 import:orders
> node scripts/runOrderImport.js

[2026-05-17T20:23:53.184Z] OrderImport: found 0 file(s)
OrderImport: nothing to do.

> eform@1.0.0 import:orders
> node scripts/runOrderImport.js

[2026-05-17T20:24:23.860Z] OrderImport: found 0 file(s)
OrderImport: nothing to do.

> eform@1.0.0 import:orders
> node scripts/runOrderImport.js

[2026-05-17T20:24:54.500Z] OrderImport: found 0 file(s)
OrderImport: nothing to do.

> eform@1.0.0 import:orders
> node scripts/runOrderImport.js

[2026-05-17T20:25:25.187Z] OrderImport: found 0 file(s)
OrderImport: nothing to do.

> eform@1.0.0 import:orders
> node scripts/runOrderImport.js

[2026-05-17T20:25:55.833Z] OrderImport: found 0 file(s)
OrderImport: nothing to do.

> eform@1.0.0 import:orders
> node scripts/runOrderImport.js

[2026-05-17T20:26:26.455Z] OrderImport: found 0 file(s)
OrderImport: nothing to do.

> eform@1.0.0 import:orders
> node scripts/runOrderImport.js

[2026-05-17T20:26:57.090Z] OrderImport: found 0 file(s)
OrderImport: nothing to do.

> eform@1.0.0 import:orders
> node scripts/runOrderImport.js

[2026-05-17T20:27:27.756Z] OrderImport: found 0 file(s)
OrderImport: nothing to do.

> eform@1.0.0 import:orders
> node scripts/runOrderImport.js

[2026-05-17T20:27:58.393Z] OrderImport: found 0 file(s)
OrderImport: nothing to do.

> eform@1.0.0 import:orders
> node scripts/runOrderImport.js

[2026-05-17T20:28:29.040Z] OrderImport: found 0 file(s)
OrderImport: nothing to do.

> eform@1.0.0 import:orders
> node scripts/runOrderImport.js

[2026-05-17T20:28:59.676Z] OrderImport: found 0 file(s)
OrderImport: nothing to do.

> eform@1.0.0 import:orders
> node scripts/runOrderImport.js

[2026-05-17T20:29:30.398Z] OrderImport: found 0 file(s)
OrderImport: nothing to do.

> eform@1.0.0 import:orders
> node scripts/runOrderImport.js

[2026-05-17T20:30:01.135Z] OrderImport: found 0 file(s)
OrderImport: nothing to do.

> eform@1.0.0 import:orders
> node scripts/runOrderImport.js

[2026-05-17T20:30:31.800Z] OrderImport: found 0 file(s)
OrderImport: nothing to do.

> eform@1.0.0 import:orders
> node scripts/runOrderImport.js

[2026-05-17T20:31:02.446Z] OrderImport: found 0 file(s)
OrderImport: nothing to do.

> eform@1.0.0 import:orders
> node scripts/runOrderImport.js

[2026-05-17T20:31:33.111Z] OrderImport: found 0 file(s)
OrderImport: nothing to do.

> eform@1.0.0 import:orders
> node scripts/runOrderImport.js

[2026-05-17T20:32:03.857Z] OrderImport: found 0 file(s)
OrderImport: nothing to do.

> eform@1.0.0 import:orders
> node scripts/runOrderImport.js

[2026-05-17T20:32:34.519Z] OrderImport: found 0 file(s)
OrderImport: nothing to do.

> eform@1.0.0 import:orders
> node scripts/runOrderImport.js

[2026-05-17T20:33:05.196Z] OrderImport: found 0 file(s)
OrderImport: nothing to do.

> eform@1.0.0 import:orders
> node scripts/runOrderImport.js

[2026-05-17T20:33:35.833Z] OrderImport: found 0 file(s)
OrderImport: nothing to do.

> eform@1.0.0 import:orders
> node scripts/runOrderImport.js

[2026-05-17T20:34:06.513Z] OrderImport: found 0 file(s)
OrderImport: nothing to do.

> eform@1.0.0 import:orders
> node scripts/runOrderImport.js

[2026-05-17T20:34:37.183Z] OrderImport: found 0 file(s)
OrderImport: nothing to do.

> eform@1.0.0 import:orders
> node scripts/runOrderImport.js

[2026-05-17T20:35:07.867Z] OrderImport: found 0 file(s)
OrderImport: nothing to do.

> eform@1.0.0 import:orders
> node scripts/runOrderImport.js

[2026-05-17T20:35:38.529Z] OrderImport: found 0 file(s)
OrderImport: nothing to do.

> eform@1.0.0 import:orders
> node scripts/runOrderImport.js

[2026-05-17T20:36:09.176Z] OrderImport: found 0 file(s)
OrderImport: nothing to do.

> eform@1.0.0 import:orders
> node scripts/runOrderImport.js

[2026-05-17T20:36:39.842Z] OrderImport: found 0 file(s)
OrderImport: nothing to do.

> eform@1.0.0 import:orders
> node scripts/runOrderImport.js

[2026-05-17T20:37:10.501Z] OrderImport: found 0 file(s)
OrderImport: nothing to do.

> eform@1.0.0 import:orders
> node scripts/runOrderImport.js

[2026-05-17T20:37:41.139Z] OrderImport: found 0 file(s)
OrderImport: nothing to do.

> eform@1.0.0 import:orders
> node scripts/runOrderImport.js

[2026-05-17T20:38:11.784Z] OrderImport: found 0 file(s)
OrderImport: nothing to do.

> eform@1.0.0 import:orders
> node scripts/runOrderImport.js

[2026-05-17T20:38:42.465Z] OrderImport: found 0 file(s)
OrderImport: nothing to do.

> eform@1.0.0 import:orders
> node scripts/runOrderImport.js

[2026-05-17T20:39:13.109Z] OrderImport: found 0 file(s)
OrderImport: nothing to do.

> eform@1.0.0 import:orders
> node scripts/runOrderImport.js

[2026-05-17T20:39:43.780Z] OrderImport: found 0 file(s)
OrderImport: nothing to do.

> eform@1.0.0 import:orders
> node scripts/runOrderImport.js

[2026-05-17T20:40:14.453Z] OrderImport: found 0 file(s)
OrderImport: nothing to do.

> eform@1.0.0 import:orders
> node scripts/runOrderImport.js

[2026-05-17T20:40:45.122Z] OrderImport: found 0 file(s)
OrderImport: nothing to do.

> eform@1.0.0 import:orders
> node scripts/runOrderImport.js

[2026-05-17T20:41:15.781Z] OrderImport: found 0 file(s)
OrderImport: nothing to do.

> eform@1.0.0 import:orders
> node scripts/runOrderImport.js

[2026-05-17T20:41:46.434Z] OrderImport: found 0 file(s)
OrderImport: nothing to do.

> eform@1.0.0 import:orders
> node scripts/runOrderImport.js

[2026-05-17T20:42:17.185Z] OrderImport: found 0 file(s)
OrderImport: nothing to do.

> eform@1.0.0 import:orders
> node scripts/runOrderImport.js

[2026-05-17T20:42:47.824Z] OrderImport: found 0 file(s)
OrderImport: nothing to do.

> eform@1.0.0 import:orders
> node scripts/runOrderImport.js

[2026-05-17T20:43:18.498Z] OrderImport: found 0 file(s)
OrderImport: nothing to do.

> eform@1.0.0 import:orders
> node scripts/runOrderImport.js

[2026-05-17T20:43:49.156Z] OrderImport: found 0 file(s)
OrderImport: nothing to do.

> eform@1.0.0 import:orders
> node scripts/runOrderImport.js

[2026-05-17T20:44:19.836Z] OrderImport: found 0 file(s)
OrderImport: nothing to do.

> eform@1.0.0 import:orders
> node scripts/runOrderImport.js

[2026-05-17T20:44:50.501Z] OrderImport: found 0 file(s)
OrderImport: nothing to do.

> eform@1.0.0 import:orders
> node scripts/runOrderImport.js

[2026-05-17T20:45:21.162Z] OrderImport: found 0 file(s)
OrderImport: nothing to do.

> eform@1.0.0 import:orders
> node scripts/runOrderImport.js

[2026-05-17T20:45:51.819Z] OrderImport: found 0 file(s)
OrderImport: nothing to do.

> eform@1.0.0 import:orders
> node scripts/runOrderImport.js

[2026-05-17T20:46:22.481Z] OrderImport: found 0 file(s)
OrderImport: nothing to do.

> eform@1.0.0 import:orders
> node scripts/runOrderImport.js

[2026-05-17T20:46:53.166Z] OrderImport: found 0 file(s)
OrderImport: nothing to do.

> eform@1.0.0 import:orders
> node scripts/runOrderImport.js

[2026-05-17T20:47:23.823Z] OrderImport: found 0 file(s)
OrderImport: nothing to do.

> eform@1.0.0 import:orders
> node scripts/runOrderImport.js

[2026-05-17T20:47:54.482Z] OrderImport: found 0 file(s)
OrderImport: nothing to do.

> eform@1.0.0 import:orders
> node scripts/runOrderImport.js

[2026-05-17T20:48:25.162Z] OrderImport: found 0 file(s)
OrderImport: nothing to do.

> eform@1.0.0 import:orders
> node scripts/runOrderImport.js

[2026-05-17T20:48:55.820Z] OrderImport: found 0 file(s)
OrderImport: nothing to do.

> eform@1.0.0 import:orders
> node scripts/runOrderImport.js

[2026-05-17T20:49:26.479Z] OrderImport: found 0 file(s)
OrderImport: nothing to do.

> eform@1.0.0 import:orders
> node scripts/runOrderImport.js

[2026-05-17T20:49:57.149Z] OrderImport: found 0 file(s)
OrderImport: nothing to do.

> eform@1.0.0 import:orders
> node scripts/runOrderImport.js

[2026-05-17T20:50:27.826Z] OrderImport: found 0 file(s)
OrderImport: nothing to do.

> eform@1.0.0 import:orders
> node scripts/runOrderImport.js

[2026-05-17T20:50:58.480Z] OrderImport: found 0 file(s)
OrderImport: nothing to do.

> eform@1.0.0 import:orders
> node scripts/runOrderImport.js

[2026-05-17T20:51:29.135Z] OrderImport: found 0 file(s)
OrderImport: nothing to do.

> eform@1.0.0 import:orders
> node scripts/runOrderImport.js

[2026-05-17T20:51:59.797Z] OrderImport: found 0 file(s)
OrderImport: nothing to do.

> eform@1.0.0 import:orders
> node scripts/runOrderImport.js

[2026-05-17T20:52:30.481Z] OrderImport: found 0 file(s)
OrderImport: nothing to do.

> eform@1.0.0 import:orders
> node scripts/runOrderImport.js

[2026-05-17T20:53:01.119Z] OrderImport: found 0 file(s)
OrderImport: nothing to do.

> eform@1.0.0 import:orders
> node scripts/runOrderImport.js

[2026-05-17T20:53:31.770Z] OrderImport: found 0 file(s)
OrderImport: nothing to do.

> eform@1.0.0 import:orders
> node scripts/runOrderImport.js

[2026-05-17T20:54:02.441Z] OrderImport: found 0 file(s)
OrderImport: nothing to do.

> eform@1.0.0 import:orders
> node scripts/runOrderImport.js

[2026-05-17T20:54:33.086Z] OrderImport: found 0 file(s)
OrderImport: nothing to do.

> eform@1.0.0 import:orders
> node scripts/runOrderImport.js

[2026-05-17T20:55:03.860Z] OrderImport: found 0 file(s)
OrderImport: nothing to do.

> eform@1.0.0 import:orders
> node scripts/runOrderImport.js

[2026-05-17T20:55:34.523Z] OrderImport: found 0 file(s)
OrderImport: nothing to do.

> eform@1.0.0 import:orders
> node scripts/runOrderImport.js

[2026-05-17T20:56:05.167Z] OrderImport: found 0 file(s)
OrderImport: nothing to do.

> eform@1.0.0 import:orders
> node scripts/runOrderImport.js

[2026-05-17T20:56:35.845Z] OrderImport: found 0 file(s)
OrderImport: nothing to do.

> eform@1.0.0 import:orders
> node scripts/runOrderImport.js

[2026-05-17T20:57:06.485Z] OrderImport: found 0 file(s)
OrderImport: nothing to do.

> eform@1.0.0 import:orders
> node scripts/runOrderImport.js

[2026-05-17T20:57:37.117Z] OrderImport: found 0 file(s)
OrderImport: nothing to do.

> eform@1.0.0 import:orders
> node scripts/runOrderImport.js

[2026-05-17T20:58:07.762Z] OrderImport: found 0 file(s)
OrderImport: nothing to do.

> eform@1.0.0 import:orders
> node scripts/runOrderImport.js

[2026-05-17T20:58:38.457Z] OrderImport: found 0 file(s)
OrderImport: nothing to do.

> eform@1.0.0 import:orders
> node scripts/runOrderImport.js

[2026-05-17T20:59:09.081Z] OrderImport: found 0 file(s)
OrderImport: nothing to do.

> eform@1.0.0 import:orders
> node scripts/runOrderImport.js

[2026-05-17T20:59:39.769Z] OrderImport: found 0 file(s)
OrderImport: nothing to do.

> eform@1.0.0 import:orders
> node scripts/runOrderImport.js

[2026-05-17T21:00:10.470Z] OrderImport: found 0 file(s)
OrderImport: nothing to do.

> eform@1.0.0 import:orders
> node scripts/runOrderImport.js

[2026-05-17T21:00:41.116Z] OrderImport: found 0 file(s)
OrderImport: nothing to do.

> eform@1.0.0 import:orders
> node scripts/runOrderImport.js

[2026-05-17T21:01:11.751Z] OrderImport: found 0 file(s)
OrderImport: nothing to do.

> eform@1.0.0 import:orders
> node scripts/runOrderImport.js

[2026-05-17T21:01:42.402Z] OrderImport: found 0 file(s)
OrderImport: nothing to do.

> eform@1.0.0 import:orders
> node scripts/runOrderImport.js

[2026-05-17T21:02:13.098Z] OrderImport: found 0 file(s)
OrderImport: nothing to do.

> eform@1.0.0 import:orders
> node scripts/runOrderImport.js

[2026-05-17T21:02:43.746Z] OrderImport: found 0 file(s)
OrderImport: nothing to do.

> eform@1.0.0 import:orders
> node scripts/runOrderImport.js

[2026-05-17T21:03:14.438Z] OrderImport: found 0 file(s)
OrderImport: nothing to do.

> eform@1.0.0 import:orders
> node scripts/runOrderImport.js

[2026-05-17T21:03:45.116Z] OrderImport: found 0 file(s)
OrderImport: nothing to do.

> eform@1.0.0 import:orders
> node scripts/runOrderImport.js

[2026-05-17T21:04:15.731Z] OrderImport: found 0 file(s)
OrderImport: nothing to do.

> eform@1.0.0 import:orders
> node scripts/runOrderImport.js

[2026-05-17T21:04:46.356Z] OrderImport: found 0 file(s)
OrderImport: nothing to do.

> eform@1.0.0 import:orders
> node scripts/runOrderImport.js

[2026-05-17T21:05:17.005Z] OrderImport: found 0 file(s)
OrderImport: nothing to do.

> eform@1.0.0 import:orders
> node scripts/runOrderImport.js

[2026-05-17T21:05:47.658Z] OrderImport: found 0 file(s)
OrderImport: nothing to do.

> eform@1.0.0 import:orders
> node scripts/runOrderImport.js

[2026-05-17T21:06:18.316Z] OrderImport: found 0 file(s)
OrderImport: nothing to do.

> eform@1.0.0 import:orders
> node scripts/runOrderImport.js

[2026-05-17T21:06:48.963Z] OrderImport: found 0 file(s)
OrderImport: nothing to do.

> eform@1.0.0 import:orders
> node scripts/runOrderImport.js

[2026-05-17T21:07:19.638Z] OrderImport: found 0 file(s)
OrderImport: nothing to do.

> eform@1.0.0 import:orders
> node scripts/runOrderImport.js

[2026-05-17T21:07:50.275Z] OrderImport: found 0 file(s)
OrderImport: nothing to do.

> eform@1.0.0 import:orders
> node scripts/runOrderImport.js

[2026-05-17T21:08:20.912Z] OrderImport: found 0 file(s)
OrderImport: nothing to do.

> eform@1.0.0 import:orders
> node scripts/runOrderImport.js

[2026-05-17T21:08:51.579Z] OrderImport: found 0 file(s)
OrderImport: nothing to do.

> eform@1.0.0 import:orders
> node scripts/runOrderImport.js

[2026-05-17T21:09:22.252Z] OrderImport: found 0 file(s)
OrderImport: nothing to do.

> eform@1.0.0 import:orders
> node scripts/runOrderImport.js

[2026-05-17T21:09:52.926Z] OrderImport: found 0 file(s)
OrderImport: nothing to do.

> eform@1.0.0 import:orders
> node scripts/runOrderImport.js

[2026-05-17T21:10:23.554Z] OrderImport: found 0 file(s)
OrderImport: nothing to do.

> eform@1.0.0 import:orders
> node scripts/runOrderImport.js

[2026-05-17T21:10:54.223Z] OrderImport: found 0 file(s)
OrderImport: nothing to do.

> eform@1.0.0 import:orders
> node scripts/runOrderImport.js

[2026-05-17T21:11:24.850Z] OrderImport: found 0 file(s)
OrderImport: nothing to do.

> eform@1.0.0 import:orders
> node scripts/runOrderImport.js

[2026-05-17T21:11:55.496Z] OrderImport: found 0 file(s)
OrderImport: nothing to do.

> eform@1.0.0 import:orders
> node scripts/runOrderImport.js

[2026-05-17T21:12:26.138Z] OrderImport: found 0 file(s)
OrderImport: nothing to do.

> eform@1.0.0 import:orders
> node scripts/runOrderImport.js

[2026-05-17T21:12:56.816Z] OrderImport: found 0 file(s)
OrderImport: nothing to do.

> eform@1.0.0 import:orders
> node scripts/runOrderImport.js

[2026-05-17T21:13:27.443Z] OrderImport: found 0 file(s)
OrderImport: nothing to do.

> eform@1.0.0 import:orders
> node scripts/runOrderImport.js

[2026-05-17T21:13:58.118Z] OrderImport: found 0 file(s)
OrderImport: nothing to do.

> eform@1.0.0 import:orders
> node scripts/runOrderImport.js

[2026-05-17T21:14:28.754Z] OrderImport: found 0 file(s)
OrderImport: nothing to do.

> eform@1.0.0 import:orders
> node scripts/runOrderImport.js

[2026-05-17T21:14:59.420Z] OrderImport: found 0 file(s)
OrderImport: nothing to do.

> eform@1.0.0 import:orders
> node scripts/runOrderImport.js

[2026-05-17T21:15:30.061Z] OrderImport: found 0 file(s)
OrderImport: nothing to do.

> eform@1.0.0 import:orders
> node scripts/runOrderImport.js

[2026-05-17T21:16:00.694Z] OrderImport: found 0 file(s)
OrderImport: nothing to do.

> eform@1.0.0 import:orders
> node scripts/runOrderImport.js

[2026-05-17T21:16:31.354Z] OrderImport: found 0 file(s)
OrderImport: nothing to do.

> eform@1.0.0 import:orders
> node scripts/runOrderImport.js

[2026-05-17T21:17:02.034Z] OrderImport: found 0 file(s)
OrderImport: nothing to do.

> eform@1.0.0 import:orders
> node scripts/runOrderImport.js

[2026-05-17T21:17:32.726Z] OrderImport: found 0 file(s)
OrderImport: nothing to do.

> eform@1.0.0 import:orders
> node scripts/runOrderImport.js

[2026-05-17T21:18:03.369Z] OrderImport: found 0 file(s)
OrderImport: nothing to do.

> eform@1.0.0 import:orders
> node scripts/runOrderImport.js

[2026-05-17T21:18:34.018Z] OrderImport: found 0 file(s)
OrderImport: nothing to do.

> eform@1.0.0 import:orders
> node scripts/runOrderImport.js

[2026-05-17T21:19:04.685Z] OrderImport: found 0 file(s)
OrderImport: nothing to do.

> eform@1.0.0 import:orders
> node scripts/runOrderImport.js

[2026-05-17T21:19:35.386Z] OrderImport: found 0 file(s)
OrderImport: nothing to do.

> eform@1.0.0 import:orders
> node scripts/runOrderImport.js

[2026-05-17T21:20:06.065Z] OrderImport: found 0 file(s)
OrderImport: nothing to do.

> eform@1.0.0 import:orders
> node scripts/runOrderImport.js

[2026-05-17T21:20:36.718Z] OrderImport: found 0 file(s)
OrderImport: nothing to do.

> eform@1.0.0 import:orders
> node scripts/runOrderImport.js

[2026-05-17T21:21:07.373Z] OrderImport: found 0 file(s)
OrderImport: nothing to do.

> eform@1.0.0 import:orders
> node scripts/runOrderImport.js

[2026-05-17T21:21:38.060Z] OrderImport: found 0 file(s)
OrderImport: nothing to do.

> eform@1.0.0 import:orders
> node scripts/runOrderImport.js

[2026-05-17T21:22:08.705Z] OrderImport: found 0 file(s)
OrderImport: nothing to do.

> eform@1.0.0 import:orders
> node scripts/runOrderImport.js

[2026-05-17T21:22:39.401Z] OrderImport: found 0 file(s)
OrderImport: nothing to do.

> eform@1.0.0 import:orders
> node scripts/runOrderImport.js

[2026-05-17T21:23:10.066Z] OrderImport: found 0 file(s)
OrderImport: nothing to do.

> eform@1.0.0 import:orders
> node scripts/runOrderImport.js

[2026-05-17T21:23:40.732Z] OrderImport: found 0 file(s)
OrderImport: nothing to do.

> eform@1.0.0 import:orders
> node scripts/runOrderImport.js

[2026-05-17T21:24:11.380Z] OrderImport: found 0 file(s)
OrderImport: nothing to do.

> eform@1.0.0 import:orders
> node scripts/runOrderImport.js

[2026-05-17T21:24:42.043Z] OrderImport: found 0 file(s)
OrderImport: nothing to do.

> eform@1.0.0 import:orders
> node scripts/runOrderImport.js

[2026-05-17T21:25:12.720Z] OrderImport: found 0 file(s)
OrderImport: nothing to do.

> eform@1.0.0 import:orders
> node scripts/runOrderImport.js

[2026-05-17T21:25:43.382Z] OrderImport: found 0 file(s)
OrderImport: nothing to do.

> eform@1.0.0 import:orders
> node scripts/runOrderImport.js

[2026-05-17T21:26:14.051Z] OrderImport: found 0 file(s)
OrderImport: nothing to do.

> eform@1.0.0 import:orders
> node scripts/runOrderImport.js

[2026-05-17T21:26:44.703Z] OrderImport: found 0 file(s)
OrderImport: nothing to do.

> eform@1.0.0 import:orders
> node scripts/runOrderImport.js

[2026-05-17T21:27:15.374Z] OrderImport: found 0 file(s)
OrderImport: nothing to do.

> eform@1.0.0 import:orders
> node scripts/runOrderImport.js

[2026-05-17T21:27:46.007Z] OrderImport: found 0 file(s)
OrderImport: nothing to do.

> eform@1.0.0 import:orders
> node scripts/runOrderImport.js

[2026-05-17T21:28:16.670Z] OrderImport: found 0 file(s)
OrderImport: nothing to do.

> eform@1.0.0 import:orders
> node scripts/runOrderImport.js

[2026-05-17T21:28:47.331Z] OrderImport: found 0 file(s)
OrderImport: nothing to do.

> eform@1.0.0 import:orders
> node scripts/runOrderImport.js

[2026-05-17T21:29:17.976Z] OrderImport: found 0 file(s)
OrderImport: nothing to do.

> eform@1.0.0 import:orders
> node scripts/runOrderImport.js

[2026-05-17T21:29:48.624Z] OrderImport: found 0 file(s)
OrderImport: nothing to do.

> eform@1.0.0 import:orders
> node scripts/runOrderImport.js

[2026-05-17T21:30:19.284Z] OrderImport: found 0 file(s)
OrderImport: nothing to do.

> eform@1.0.0 import:orders
> node scripts/runOrderImport.js

[2026-05-17T21:30:49.957Z] OrderImport: found 0 file(s)
OrderImport: nothing to do.

> eform@1.0.0 import:orders
> node scripts/runOrderImport.js

[2026-05-17T21:31:20.613Z] OrderImport: found 0 file(s)
OrderImport: nothing to do.

> eform@1.0.0 import:orders
> node scripts/runOrderImport.js

[2026-05-17T21:31:51.258Z] OrderImport: found 0 file(s)
OrderImport: nothing to do.

> eform@1.0.0 import:orders
> node scripts/runOrderImport.js

[2026-05-17T21:32:21.928Z] OrderImport: found 0 file(s)
OrderImport: nothing to do.

> eform@1.0.0 import:orders
> node scripts/runOrderImport.js

[2026-05-17T21:32:52.583Z] OrderImport: found 0 file(s)
OrderImport: nothing to do.

> eform@1.0.0 import:orders
> node scripts/runOrderImport.js

[2026-05-17T21:33:23.257Z] OrderImport: found 0 file(s)
OrderImport: nothing to do.

> eform@1.0.0 import:orders
> node scripts/runOrderImport.js

[2026-05-17T21:33:53.902Z] OrderImport: found 0 file(s)
OrderImport: nothing to do.

> eform@1.0.0 import:orders
> node scripts/runOrderImport.js

[2026-05-17T21:34:24.619Z] OrderImport: found 0 file(s)
OrderImport: nothing to do.

> eform@1.0.0 import:orders
> node scripts/runOrderImport.js

[2026-05-17T21:34:55.286Z] OrderImport: found 0 file(s)
OrderImport: nothing to do.

> eform@1.0.0 import:orders
> node scripts/runOrderImport.js

[2026-05-17T21:35:25.931Z] OrderImport: found 0 file(s)
OrderImport: nothing to do.

> eform@1.0.0 import:orders
> node scripts/runOrderImport.js

[2026-05-17T21:35:56.590Z] OrderImport: found 0 file(s)
OrderImport: nothing to do.

> eform@1.0.0 import:orders
> node scripts/runOrderImport.js

[2026-05-17T21:36:27.239Z] OrderImport: found 0 file(s)
OrderImport: nothing to do.

> eform@1.0.0 import:orders
> node scripts/runOrderImport.js

[2026-05-17T21:36:57.896Z] OrderImport: found 0 file(s)
OrderImport: nothing to do.

> eform@1.0.0 import:orders
> node scripts/runOrderImport.js

[2026-05-17T21:37:28.564Z] OrderImport: found 0 file(s)
OrderImport: nothing to do.

> eform@1.0.0 import:orders
> node scripts/runOrderImport.js

[2026-05-17T21:37:59.239Z] OrderImport: found 0 file(s)
OrderImport: nothing to do.

> eform@1.0.0 import:orders
> node scripts/runOrderImport.js

[2026-05-17T21:38:29.876Z] OrderImport: found 0 file(s)
OrderImport: nothing to do.

> eform@1.0.0 import:orders
> node scripts/runOrderImport.js

[2026-05-17T21:39:00.589Z] OrderImport: found 0 file(s)
OrderImport: nothing to do.

> eform@1.0.0 import:orders
> node scripts/runOrderImport.js

[2026-05-17T21:39:31.231Z] OrderImport: found 0 file(s)
OrderImport: nothing to do.

> eform@1.0.0 import:orders
> node scripts/runOrderImport.js

[2026-05-17T21:40:01.907Z] OrderImport: found 0 file(s)
OrderImport: nothing to do.

> eform@1.0.0 import:orders
> node scripts/runOrderImport.js

[2026-05-17T21:40:32.568Z] OrderImport: found 0 file(s)
OrderImport: nothing to do.

> eform@1.0.0 import:orders
> node scripts/runOrderImport.js

[2026-05-17T21:41:03.242Z] OrderImport: found 0 file(s)
OrderImport: nothing to do.

> eform@1.0.0 import:orders
> node scripts/runOrderImport.js

[2026-05-17T21:41:33.891Z] OrderImport: found 0 file(s)
OrderImport: nothing to do.

> eform@1.0.0 import:orders
> node scripts/runOrderImport.js

[2026-05-17T21:42:04.557Z] OrderImport: found 0 file(s)
OrderImport: nothing to do.

> eform@1.0.0 import:orders
> node scripts/runOrderImport.js

[2026-05-17T21:42:35.231Z] OrderImport: found 0 file(s)
OrderImport: nothing to do.

> eform@1.0.0 import:orders
> node scripts/runOrderImport.js

[2026-05-17T21:43:05.913Z] OrderImport: found 0 file(s)
OrderImport: nothing to do.

> eform@1.0.0 import:orders
> node scripts/runOrderImport.js

[2026-05-17T21:43:36.559Z] OrderImport: found 0 file(s)
OrderImport: nothing to do.

> eform@1.0.0 import:orders
> node scripts/runOrderImport.js

[2026-05-17T21:44:07.203Z] OrderImport: found 0 file(s)
OrderImport: nothing to do.

> eform@1.0.0 import:orders
> node scripts/runOrderImport.js

[2026-05-17T21:44:37.837Z] OrderImport: found 0 file(s)
OrderImport: nothing to do.

> eform@1.0.0 import:orders
> node scripts/runOrderImport.js

[2026-05-17T21:45:08.555Z] OrderImport: found 0 file(s)
OrderImport: nothing to do.

> eform@1.0.0 import:orders
> node scripts/runOrderImport.js

[2026-05-17T21:45:39.225Z] OrderImport: found 0 file(s)
OrderImport: nothing to do.

> eform@1.0.0 import:orders
> node scripts/runOrderImport.js

[2026-05-17T21:46:09.897Z] OrderImport: found 0 file(s)
OrderImport: nothing to do.

> eform@1.0.0 import:orders
> node scripts/runOrderImport.js

[2026-05-17T21:46:40.565Z] OrderImport: found 0 file(s)
OrderImport: nothing to do.

> eform@1.0.0 import:orders
> node scripts/runOrderImport.js

[2026-05-17T21:47:11.230Z] OrderImport: found 0 file(s)
OrderImport: nothing to do.

> eform@1.0.0 import:orders
> node scripts/runOrderImport.js

[2026-05-17T21:47:41.903Z] OrderImport: found 0 file(s)
OrderImport: nothing to do.

> eform@1.0.0 import:orders
> node scripts/runOrderImport.js

[2026-05-17T21:48:12.553Z] OrderImport: found 0 file(s)
OrderImport: nothing to do.

> eform@1.0.0 import:orders
> node scripts/runOrderImport.js

[2026-05-17T21:48:43.192Z] OrderImport: found 0 file(s)
OrderImport: nothing to do.

> eform@1.0.0 import:orders
> node scripts/runOrderImport.js

[2026-05-17T21:49:13.849Z] OrderImport: found 0 file(s)
OrderImport: nothing to do.

> eform@1.0.0 import:orders
> node scripts/runOrderImport.js

[2026-05-17T21:49:44.494Z] OrderImport: found 0 file(s)
OrderImport: nothing to do.

> eform@1.0.0 import:orders
> node scripts/runOrderImport.js

[2026-05-17T21:50:15.131Z] OrderImport: found 0 file(s)
OrderImport: nothing to do.

> eform@1.0.0 import:orders
> node scripts/runOrderImport.js

[2026-05-17T21:50:45.770Z] OrderImport: found 0 file(s)
OrderImport: nothing to do.

> eform@1.0.0 import:orders
> node scripts/runOrderImport.js

[2026-05-17T21:51:16.411Z] OrderImport: found 0 file(s)
OrderImport: nothing to do.

> eform@1.0.0 import:orders
> node scripts/runOrderImport.js

[2026-05-17T21:51:47.050Z] OrderImport: found 0 file(s)
OrderImport: nothing to do.

> eform@1.0.0 import:orders
> node scripts/runOrderImport.js

[2026-05-17T21:52:17.710Z] OrderImport: found 0 file(s)
OrderImport: nothing to do.

> eform@1.0.0 import:orders
> node scripts/runOrderImport.js

[2026-05-17T21:52:48.370Z] OrderImport: found 0 file(s)
OrderImport: nothing to do.

> eform@1.0.0 import:orders
> node scripts/runOrderImport.js

[2026-05-17T21:53:19.011Z] OrderImport: found 0 file(s)
OrderImport: nothing to do.

> eform@1.0.0 import:orders
> node scripts/runOrderImport.js

[2026-05-17T21:53:49.634Z] OrderImport: found 0 file(s)
OrderImport: nothing to do.

> eform@1.0.0 import:orders
> node scripts/runOrderImport.js

[2026-05-17T21:54:20.312Z] OrderImport: found 0 file(s)
OrderImport: nothing to do.

> eform@1.0.0 import:orders
> node scripts/runOrderImport.js

[2026-05-17T21:54:50.957Z] OrderImport: found 0 file(s)
OrderImport: nothing to do.

> eform@1.0.0 import:orders
> node scripts/runOrderImport.js

[2026-05-17T21:55:21.663Z] OrderImport: found 0 file(s)
OrderImport: nothing to do.

> eform@1.0.0 import:orders
> node scripts/runOrderImport.js

[2026-05-17T21:55:52.307Z] OrderImport: found 0 file(s)
OrderImport: nothing to do.

> eform@1.0.0 import:orders
> node scripts/runOrderImport.js

[2026-05-17T21:56:22.945Z] OrderImport: found 0 file(s)
OrderImport: nothing to do.

> eform@1.0.0 import:orders
> node scripts/runOrderImport.js

[2026-05-17T21:56:53.593Z] OrderImport: found 0 file(s)
OrderImport: nothing to do.

> eform@1.0.0 import:orders
> node scripts/runOrderImport.js

[2026-05-17T21:57:24.243Z] OrderImport: found 0 file(s)
OrderImport: nothing to do.

> eform@1.0.0 import:orders
> node scripts/runOrderImport.js

[2026-05-17T21:57:54.906Z] OrderImport: found 0 file(s)
OrderImport: nothing to do.

> eform@1.0.0 import:orders
> node scripts/runOrderImport.js

[2026-05-17T21:58:25.555Z] OrderImport: found 0 file(s)
OrderImport: nothing to do.

> eform@1.0.0 import:orders
> node scripts/runOrderImport.js

[2026-05-17T21:58:56.239Z] OrderImport: found 0 file(s)
OrderImport: nothing to do.

> eform@1.0.0 import:orders
> node scripts/runOrderImport.js

[2026-05-17T21:59:26.861Z] OrderImport: found 0 file(s)
OrderImport: nothing to do.

> eform@1.0.0 import:orders
> node scripts/runOrderImport.js

[2026-05-17T21:59:57.528Z] OrderImport: found 0 file(s)
OrderImport: nothing to do.

> eform@1.0.0 import:orders
> node scripts/runOrderImport.js

[2026-05-17T22:00:28.186Z] OrderImport: found 0 file(s)
OrderImport: nothing to do.

> eform@1.0.0 import:orders
> node scripts/runOrderImport.js

[2026-05-17T22:00:58.846Z] OrderImport: found 0 file(s)
OrderImport: nothing to do.

> eform@1.0.0 import:orders
> node scripts/runOrderImport.js

[2026-05-17T22:01:29.517Z] OrderImport: found 0 file(s)
OrderImport: nothing to do.

> eform@1.0.0 import:orders
> node scripts/runOrderImport.js

[2026-05-17T22:02:00.222Z] OrderImport: found 0 file(s)
OrderImport: nothing to do.

> eform@1.0.0 import:orders
> node scripts/runOrderImport.js

[2026-05-17T22:02:30.890Z] OrderImport: found 0 file(s)
OrderImport: nothing to do.

> eform@1.0.0 import:orders
> node scripts/runOrderImport.js

[2026-05-17T22:03:01.537Z] OrderImport: found 0 file(s)
OrderImport: nothing to do.

> eform@1.0.0 import:orders
> node scripts/runOrderImport.js

[2026-05-17T22:03:32.171Z] OrderImport: found 0 file(s)
OrderImport: nothing to do.

> eform@1.0.0 import:orders
> node scripts/runOrderImport.js

[2026-05-17T22:04:02.824Z] OrderImport: found 0 file(s)
OrderImport: nothing to do.

> eform@1.0.0 import:orders
> node scripts/runOrderImport.js

[2026-05-17T22:04:33.462Z] OrderImport: found 0 file(s)
OrderImport: nothing to do.

> eform@1.0.0 import:orders
> node scripts/runOrderImport.js

[2026-05-17T22:05:04.218Z] OrderImport: found 0 file(s)
OrderImport: nothing to do.

> eform@1.0.0 import:orders
> node scripts/runOrderImport.js

[2026-05-17T22:05:34.869Z] OrderImport: found 0 file(s)
OrderImport: nothing to do.

> eform@1.0.0 import:orders
> node scripts/runOrderImport.js

[2026-05-17T22:06:05.542Z] OrderImport: found 0 file(s)
OrderImport: nothing to do.

> eform@1.0.0 import:orders
> node scripts/runOrderImport.js

[2026-05-17T22:06:36.176Z] OrderImport: found 0 file(s)
OrderImport: nothing to do.

> eform@1.0.0 import:orders
> node scripts/runOrderImport.js

[2026-05-17T22:07:06.832Z] OrderImport: found 0 file(s)
OrderImport: nothing to do.

> eform@1.0.0 import:orders
> node scripts/runOrderImport.js

[2026-05-17T22:07:37.492Z] OrderImport: found 0 file(s)
OrderImport: nothing to do.

> eform@1.0.0 import:orders
> node scripts/runOrderImport.js

[2026-05-17T22:08:08.126Z] OrderImport: found 0 file(s)
OrderImport: nothing to do.

> eform@1.0.0 import:orders
> node scripts/runOrderImport.js

[2026-05-17T22:08:38.783Z] OrderImport: found 0 file(s)
OrderImport: nothing to do.

> eform@1.0.0 import:orders
> node scripts/runOrderImport.js

[2026-05-17T22:09:09.461Z] OrderImport: found 0 file(s)
OrderImport: nothing to do.

> eform@1.0.0 import:orders
> node scripts/runOrderImport.js

[2026-05-17T22:09:40.108Z] OrderImport: found 0 file(s)
OrderImport: nothing to do.

> eform@1.0.0 import:orders
> node scripts/runOrderImport.js

[2026-05-17T22:10:10.763Z] OrderImport: found 0 file(s)
OrderImport: nothing to do.

> eform@1.0.0 import:orders
> node scripts/runOrderImport.js

[2026-05-17T22:10:41.424Z] OrderImport: found 0 file(s)
OrderImport: nothing to do.

> eform@1.0.0 import:orders
> node scripts/runOrderImport.js

[2026-05-17T22:11:12.081Z] OrderImport: found 0 file(s)
OrderImport: nothing to do.

> eform@1.0.0 import:orders
> node scripts/runOrderImport.js

[2026-05-17T22:11:42.734Z] OrderImport: found 0 file(s)
OrderImport: nothing to do.

> eform@1.0.0 import:orders
> node scripts/runOrderImport.js

[2026-05-17T22:12:13.352Z] OrderImport: found 0 file(s)
OrderImport: nothing to do.

> eform@1.0.0 import:orders
> node scripts/runOrderImport.js

[2026-05-17T22:12:44.007Z] OrderImport: found 0 file(s)
OrderImport: nothing to do.

> eform@1.0.0 import:orders
> node scripts/runOrderImport.js

[2026-05-17T22:13:14.657Z] OrderImport: found 0 file(s)
OrderImport: nothing to do.

> eform@1.0.0 import:orders
> node scripts/runOrderImport.js

[2026-05-17T22:13:45.276Z] OrderImport: found 0 file(s)
OrderImport: nothing to do.

> eform@1.0.0 import:orders
> node scripts/runOrderImport.js

[2026-05-17T22:14:15.911Z] OrderImport: found 0 file(s)
OrderImport: nothing to do.

> eform@1.0.0 import:orders
> node scripts/runOrderImport.js

[2026-05-17T22:14:46.555Z] OrderImport: found 0 file(s)
OrderImport: nothing to do.

> eform@1.0.0 import:orders
> node scripts/runOrderImport.js

[2026-05-17T22:15:17.220Z] OrderImport: found 0 file(s)
OrderImport: nothing to do.

> eform@1.0.0 import:orders
> node scripts/runOrderImport.js

[2026-05-17T22:15:47.872Z] OrderImport: found 0 file(s)
OrderImport: nothing to do.

> eform@1.0.0 import:orders
> node scripts/runOrderImport.js

[2026-05-17T22:16:18.542Z] OrderImport: found 0 file(s)
OrderImport: nothing to do.

> eform@1.0.0 import:orders
> node scripts/runOrderImport.js

[2026-05-17T22:16:49.175Z] OrderImport: found 0 file(s)
OrderImport: nothing to do.

> eform@1.0.0 import:orders
> node scripts/runOrderImport.js

[2026-05-17T22:17:19.843Z] OrderImport: found 0 file(s)
OrderImport: nothing to do.

> eform@1.0.0 import:orders
> node scripts/runOrderImport.js

[2026-05-17T22:17:50.483Z] OrderImport: found 0 file(s)
OrderImport: nothing to do.

> eform@1.0.0 import:orders
> node scripts/runOrderImport.js

[2026-05-17T22:18:21.152Z] OrderImport: found 0 file(s)
OrderImport: nothing to do.

> eform@1.0.0 import:orders
> node scripts/runOrderImport.js

[2026-05-17T22:18:51.793Z] OrderImport: found 0 file(s)
OrderImport: nothing to do.

> eform@1.0.0 import:orders
> node scripts/runOrderImport.js

[2026-05-17T22:19:22.434Z] OrderImport: found 0 file(s)
OrderImport: nothing to do.

> eform@1.0.0 import:orders
> node scripts/runOrderImport.js

[2026-05-17T22:19:53.103Z] OrderImport: found 0 file(s)
OrderImport: nothing to do.

> eform@1.0.0 import:orders
> node scripts/runOrderImport.js

[2026-05-17T22:20:23.773Z] OrderImport: found 0 file(s)
OrderImport: nothing to do.

> eform@1.0.0 import:orders
> node scripts/runOrderImport.js

[2026-05-17T22:20:54.417Z] OrderImport: found 0 file(s)
OrderImport: nothing to do.

> eform@1.0.0 import:orders
> node scripts/runOrderImport.js

[2026-05-17T22:21:25.075Z] OrderImport: found 0 file(s)
OrderImport: nothing to do.

> eform@1.0.0 import:orders
> node scripts/runOrderImport.js

[2026-05-17T22:21:55.721Z] OrderImport: found 0 file(s)
OrderImport: nothing to do.

> eform@1.0.0 import:orders
> node scripts/runOrderImport.js

[2026-05-17T22:22:26.376Z] OrderImport: found 0 file(s)
OrderImport: nothing to do.

> eform@1.0.0 import:orders
> node scripts/runOrderImport.js

[2026-05-17T22:22:57.016Z] OrderImport: found 0 file(s)
OrderImport: nothing to do.

> eform@1.0.0 import:orders
> node scripts/runOrderImport.js

[2026-05-17T22:23:27.655Z] OrderImport: found 0 file(s)
OrderImport: nothing to do.

> eform@1.0.0 import:orders
> node scripts/runOrderImport.js

[2026-05-17T22:23:58.310Z] OrderImport: found 0 file(s)
OrderImport: nothing to do.

> eform@1.0.0 import:orders
> node scripts/runOrderImport.js

[2026-05-17T22:24:28.951Z] OrderImport: found 0 file(s)
OrderImport: nothing to do.

> eform@1.0.0 import:orders
> node scripts/runOrderImport.js

[2026-05-17T22:24:59.615Z] OrderImport: found 0 file(s)
OrderImport: nothing to do.

> eform@1.0.0 import:orders
> node scripts/runOrderImport.js

[2026-05-17T22:25:30.268Z] OrderImport: found 0 file(s)
OrderImport: nothing to do.

> eform@1.0.0 import:orders
> node scripts/runOrderImport.js

[2026-05-17T22:26:00.909Z] OrderImport: found 0 file(s)
OrderImport: nothing to do.

> eform@1.0.0 import:orders
> node scripts/runOrderImport.js

[2026-05-17T22:26:31.533Z] OrderImport: found 0 file(s)
OrderImport: nothing to do.

> eform@1.0.0 import:orders
> node scripts/runOrderImport.js

[2026-05-17T22:27:02.202Z] OrderImport: found 0 file(s)
OrderImport: nothing to do.

> eform@1.0.0 import:orders
> node scripts/runOrderImport.js

[2026-05-17T22:27:32.850Z] OrderImport: found 0 file(s)
OrderImport: nothing to do.

> eform@1.0.0 import:orders
> node scripts/runOrderImport.js

[2026-05-17T22:28:03.555Z] OrderImport: found 0 file(s)
OrderImport: nothing to do.

> eform@1.0.0 import:orders
> node scripts/runOrderImport.js

[2026-05-17T22:28:34.207Z] OrderImport: found 0 file(s)
OrderImport: nothing to do.

> eform@1.0.0 import:orders
> node scripts/runOrderImport.js

[2026-05-17T22:29:04.857Z] OrderImport: found 0 file(s)
OrderImport: nothing to do.

> eform@1.0.0 import:orders
> node scripts/runOrderImport.js

[2026-05-17T22:29:35.501Z] OrderImport: found 0 file(s)
OrderImport: nothing to do.

> eform@1.0.0 import:orders
> node scripts/runOrderImport.js

[2026-05-17T22:30:06.166Z] OrderImport: found 0 file(s)
OrderImport: nothing to do.

> eform@1.0.0 import:orders
> node scripts/runOrderImport.js

[2026-05-17T22:30:36.836Z] OrderImport: found 0 file(s)
OrderImport: nothing to do.

> eform@1.0.0 import:orders
> node scripts/runOrderImport.js

[2026-05-17T22:31:07.491Z] OrderImport: found 0 file(s)
OrderImport: nothing to do.

> eform@1.0.0 import:orders
> node scripts/runOrderImport.js

[2026-05-17T22:31:38.168Z] OrderImport: found 0 file(s)
OrderImport: nothing to do.

> eform@1.0.0 import:orders
> node scripts/runOrderImport.js

[2026-05-17T22:32:08.837Z] OrderImport: found 0 file(s)
OrderImport: nothing to do.

> eform@1.0.0 import:orders
> node scripts/runOrderImport.js

[2026-05-17T22:32:39.499Z] OrderImport: found 0 file(s)
OrderImport: nothing to do.

> eform@1.0.0 import:orders
> node scripts/runOrderImport.js

[2026-05-17T22:33:10.172Z] OrderImport: found 0 file(s)
OrderImport: nothing to do.

> eform@1.0.0 import:orders
> node scripts/runOrderImport.js

[2026-05-17T22:33:40.815Z] OrderImport: found 0 file(s)
OrderImport: nothing to do.

> eform@1.0.0 import:orders
> node scripts/runOrderImport.js

[2026-05-17T22:34:11.475Z] OrderImport: found 0 file(s)
OrderImport: nothing to do.

> eform@1.0.0 import:orders
> node scripts/runOrderImport.js

[2026-05-17T22:34:42.117Z] OrderImport: found 0 file(s)
OrderImport: nothing to do.

> eform@1.0.0 import:orders
> node scripts/runOrderImport.js

[2026-05-17T22:35:12.747Z] OrderImport: found 0 file(s)
OrderImport: nothing to do.

> eform@1.0.0 import:orders
> node scripts/runOrderImport.js

[2026-05-17T22:35:43.380Z] OrderImport: found 0 file(s)
OrderImport: nothing to do.

> eform@1.0.0 import:orders
> node scripts/runOrderImport.js

[2026-05-17T22:36:14.087Z] OrderImport: found 0 file(s)
OrderImport: nothing to do.

> eform@1.0.0 import:orders
> node scripts/runOrderImport.js

[2026-05-17T22:36:44.743Z] OrderImport: found 0 file(s)
OrderImport: nothing to do.

> eform@1.0.0 import:orders
> node scripts/runOrderImport.js

[2026-05-17T22:37:15.408Z] OrderImport: found 0 file(s)
OrderImport: nothing to do.

> eform@1.0.0 import:orders
> node scripts/runOrderImport.js

[2026-05-17T22:37:46.063Z] OrderImport: found 0 file(s)
OrderImport: nothing to do.

> eform@1.0.0 import:orders
> node scripts/runOrderImport.js

[2026-05-17T22:38:16.729Z] OrderImport: found 0 file(s)
OrderImport: nothing to do.

> eform@1.0.0 import:orders
> node scripts/runOrderImport.js

[2026-05-17T22:38:47.401Z] OrderImport: found 0 file(s)
OrderImport: nothing to do.

> eform@1.0.0 import:orders
> node scripts/runOrderImport.js

[2026-05-17T22:39:18.073Z] OrderImport: found 0 file(s)
OrderImport: nothing to do.

> eform@1.0.0 import:orders
> node scripts/runOrderImport.js

[2026-05-17T22:39:48.739Z] OrderImport: found 0 file(s)
OrderImport: nothing to do.

> eform@1.0.0 import:orders
> node scripts/runOrderImport.js

[2026-05-17T22:40:19.398Z] OrderImport: found 0 file(s)
OrderImport: nothing to do.

> eform@1.0.0 import:orders
> node scripts/runOrderImport.js

[2026-05-17T22:40:50.067Z] OrderImport: found 0 file(s)
OrderImport: nothing to do.

> eform@1.0.0 import:orders
> node scripts/runOrderImport.js

[2026-05-17T22:41:20.734Z] OrderImport: found 0 file(s)
OrderImport: nothing to do.

> eform@1.0.0 import:orders
> node scripts/runOrderImport.js

[2026-05-17T22:41:51.387Z] OrderImport: found 0 file(s)
OrderImport: nothing to do.

> eform@1.0.0 import:orders
> node scripts/runOrderImport.js

[2026-05-17T22:42:22.020Z] OrderImport: found 0 file(s)
OrderImport: nothing to do.

> eform@1.0.0 import:orders
> node scripts/runOrderImport.js

[2026-05-17T22:42:52.684Z] OrderImport: found 0 file(s)
OrderImport: nothing to do.

> eform@1.0.0 import:orders
> node scripts/runOrderImport.js

[2026-05-17T22:43:23.353Z] OrderImport: found 0 file(s)
OrderImport: nothing to do.

> eform@1.0.0 import:orders
> node scripts/runOrderImport.js

[2026-05-17T22:43:54.008Z] OrderImport: found 0 file(s)
OrderImport: nothing to do.

> eform@1.0.0 import:orders
> node scripts/runOrderImport.js

[2026-05-17T22:44:24.689Z] OrderImport: found 0 file(s)
OrderImport: nothing to do.

> eform@1.0.0 import:orders
> node scripts/runOrderImport.js

[2026-05-17T22:44:55.324Z] OrderImport: found 0 file(s)
OrderImport: nothing to do.

> eform@1.0.0 import:orders
> node scripts/runOrderImport.js

[2026-05-17T22:45:25.990Z] OrderImport: found 0 file(s)
OrderImport: nothing to do.

> eform@1.0.0 import:orders
> node scripts/runOrderImport.js

[2026-05-17T22:45:56.653Z] OrderImport: found 0 file(s)
OrderImport: nothing to do.

> eform@1.0.0 import:orders
> node scripts/runOrderImport.js

[2026-05-17T22:46:27.309Z] OrderImport: found 0 file(s)
OrderImport: nothing to do.

> eform@1.0.0 import:orders
> node scripts/runOrderImport.js

[2026-05-17T22:46:57.964Z] OrderImport: found 0 file(s)
OrderImport: nothing to do.

> eform@1.0.0 import:orders
> node scripts/runOrderImport.js

[2026-05-17T22:47:28.612Z] OrderImport: found 0 file(s)
OrderImport: nothing to do.

> eform@1.0.0 import:orders
> node scripts/runOrderImport.js

[2026-05-17T22:47:59.265Z] OrderImport: found 0 file(s)
OrderImport: nothing to do.

> eform@1.0.0 import:orders
> node scripts/runOrderImport.js

[2026-05-17T22:48:29.935Z] OrderImport: found 0 file(s)
OrderImport: nothing to do.

> eform@1.0.0 import:orders
> node scripts/runOrderImport.js

[2026-05-17T22:49:00.599Z] OrderImport: found 0 file(s)
OrderImport: nothing to do.

> eform@1.0.0 import:orders
> node scripts/runOrderImport.js

[2026-05-17T22:49:31.235Z] OrderImport: found 0 file(s)
OrderImport: nothing to do.

> eform@1.0.0 import:orders
> node scripts/runOrderImport.js

[2026-05-17T22:50:01.937Z] OrderImport: found 0 file(s)
OrderImport: nothing to do.

> eform@1.0.0 import:orders
> node scripts/runOrderImport.js

[2026-05-17T22:50:32.596Z] OrderImport: found 0 file(s)
OrderImport: nothing to do.

> eform@1.0.0 import:orders
> node scripts/runOrderImport.js

[2026-05-17T22:51:03.266Z] OrderImport: found 0 file(s)
OrderImport: nothing to do.

> eform@1.0.0 import:orders
> node scripts/runOrderImport.js

[2026-05-17T22:51:33.896Z] OrderImport: found 0 file(s)
OrderImport: nothing to do.

> eform@1.0.0 import:orders
> node scripts/runOrderImport.js

[2026-05-17T22:52:04.556Z] OrderImport: found 0 file(s)
OrderImport: nothing to do.

> eform@1.0.0 import:orders
> node scripts/runOrderImport.js

[2026-05-17T22:52:35.220Z] OrderImport: found 0 file(s)
OrderImport: nothing to do.

> eform@1.0.0 import:orders
> node scripts/runOrderImport.js

[2026-05-17T22:53:05.869Z] OrderImport: found 0 file(s)
OrderImport: nothing to do.

> eform@1.0.0 import:orders
> node scripts/runOrderImport.js

[2026-05-17T22:53:36.539Z] OrderImport: found 0 file(s)
OrderImport: nothing to do.

> eform@1.0.0 import:orders
> node scripts/runOrderImport.js

[2026-05-17T22:54:07.182Z] OrderImport: found 0 file(s)
OrderImport: nothing to do.

> eform@1.0.0 import:orders
> node scripts/runOrderImport.js

[2026-05-17T22:54:37.826Z] OrderImport: found 0 file(s)
OrderImport: nothing to do.

> eform@1.0.0 import:orders
> node scripts/runOrderImport.js

[2026-05-17T22:55:08.488Z] OrderImport: found 0 file(s)
OrderImport: nothing to do.

> eform@1.0.0 import:orders
> node scripts/runOrderImport.js

[2026-05-17T22:55:39.229Z] OrderImport: found 0 file(s)
OrderImport: nothing to do.

> eform@1.0.0 import:orders
> node scripts/runOrderImport.js

[2026-05-17T22:56:09.878Z] OrderImport: found 0 file(s)
OrderImport: nothing to do.

> eform@1.0.0 import:orders
> node scripts/runOrderImport.js

[2026-05-17T22:56:40.554Z] OrderImport: found 0 file(s)
OrderImport: nothing to do.

> eform@1.0.0 import:orders
> node scripts/runOrderImport.js

[2026-05-17T22:57:11.200Z] OrderImport: found 0 file(s)
OrderImport: nothing to do.

> eform@1.0.0 import:orders
> node scripts/runOrderImport.js

[2026-05-17T22:57:41.838Z] OrderImport: found 0 file(s)
OrderImport: nothing to do.

> eform@1.0.0 import:orders
> node scripts/runOrderImport.js

[2026-05-17T22:58:12.495Z] OrderImport: found 0 file(s)
OrderImport: nothing to do.

> eform@1.0.0 import:orders
> node scripts/runOrderImport.js

[2026-05-17T22:58:43.150Z] OrderImport: found 0 file(s)
OrderImport: nothing to do.

> eform@1.0.0 import:orders
> node scripts/runOrderImport.js

[2026-05-17T22:59:13.797Z] OrderImport: found 0 file(s)
OrderImport: nothing to do.

> eform@1.0.0 import:orders
> node scripts/runOrderImport.js

[2026-05-17T22:59:44.485Z] OrderImport: found 0 file(s)
OrderImport: nothing to do.

> eform@1.0.0 import:orders
> node scripts/runOrderImport.js

[2026-05-17T23:00:15.151Z] OrderImport: found 0 file(s)
OrderImport: nothing to do.

> eform@1.0.0 import:orders
> node scripts/runOrderImport.js

[2026-05-17T23:00:45.787Z] OrderImport: found 0 file(s)
OrderImport: nothing to do.

> eform@1.0.0 import:orders
> node scripts/runOrderImport.js

[2026-05-17T23:01:16.492Z] OrderImport: found 0 file(s)
OrderImport: nothing to do.

> eform@1.0.0 import:orders
> node scripts/runOrderImport.js

[2026-05-17T23:01:47.141Z] OrderImport: found 0 file(s)
OrderImport: nothing to do.

> eform@1.0.0 import:orders
> node scripts/runOrderImport.js

[2026-05-17T23:02:17.810Z] OrderImport: found 0 file(s)
OrderImport: nothing to do.

> eform@1.0.0 import:orders
> node scripts/runOrderImport.js

[2026-05-17T23:02:48.459Z] OrderImport: found 0 file(s)
OrderImport: nothing to do.

> eform@1.0.0 import:orders
> node scripts/runOrderImport.js

[2026-05-17T23:03:19.115Z] OrderImport: found 0 file(s)
OrderImport: nothing to do.

> eform@1.0.0 import:orders
> node scripts/runOrderImport.js

[2026-05-17T23:03:49.805Z] OrderImport: found 0 file(s)
OrderImport: nothing to do.

> eform@1.0.0 import:orders
> node scripts/runOrderImport.js

[2026-05-17T23:04:20.457Z] OrderImport: found 0 file(s)
OrderImport: nothing to do.

> eform@1.0.0 import:orders
> node scripts/runOrderImport.js

[2026-05-17T23:04:51.158Z] OrderImport: found 0 file(s)
OrderImport: nothing to do.

> eform@1.0.0 import:orders
> node scripts/runOrderImport.js

[2026-05-17T23:05:21.819Z] OrderImport: found 0 file(s)
OrderImport: nothing to do.

> eform@1.0.0 import:orders
> node scripts/runOrderImport.js

[2026-05-17T23:05:52.478Z] OrderImport: found 0 file(s)
OrderImport: nothing to do.

> eform@1.0.0 import:orders
> node scripts/runOrderImport.js

[2026-05-17T23:06:23.136Z] OrderImport: found 0 file(s)
OrderImport: nothing to do.

> eform@1.0.0 import:orders
> node scripts/runOrderImport.js

[2026-05-17T23:06:54.212Z] OrderImport: found 0 file(s)
OrderImport: nothing to do.

> eform@1.0.0 import:orders
> node scripts/runOrderImport.js

[2026-05-17T23:07:24.852Z] OrderImport: found 0 file(s)
OrderImport: nothing to do.

> eform@1.0.0 import:orders
> node scripts/runOrderImport.js

[2026-05-17T23:07:55.510Z] OrderImport: found 0 file(s)
OrderImport: nothing to do.

> eform@1.0.0 import:orders
> node scripts/runOrderImport.js

[2026-05-17T23:08:26.178Z] OrderImport: found 0 file(s)
OrderImport: nothing to do.

> eform@1.0.0 import:orders
> node scripts/runOrderImport.js

[2026-05-17T23:08:56.866Z] OrderImport: found 0 file(s)
OrderImport: nothing to do.

> eform@1.0.0 import:orders
> node scripts/runOrderImport.js

[2026-05-17T23:09:27.575Z] OrderImport: found 0 file(s)
OrderImport: nothing to do.

> eform@1.0.0 import:orders
> node scripts/runOrderImport.js

[2026-05-17T23:09:58.254Z] OrderImport: found 0 file(s)
OrderImport: nothing to do.

> eform@1.0.0 import:orders
> node scripts/runOrderImport.js

[2026-05-17T23:10:28.934Z] OrderImport: found 0 file(s)
OrderImport: nothing to do.

> eform@1.0.0 import:orders
> node scripts/runOrderImport.js

[2026-05-17T23:10:59.607Z] OrderImport: found 0 file(s)
OrderImport: nothing to do.

> eform@1.0.0 import:orders
> node scripts/runOrderImport.js

[2026-05-17T23:11:30.301Z] OrderImport: found 0 file(s)
OrderImport: nothing to do.

> eform@1.0.0 import:orders
> node scripts/runOrderImport.js

[2026-05-17T23:12:00.986Z] OrderImport: found 0 file(s)
OrderImport: nothing to do.

> eform@1.0.0 import:orders
> node scripts/runOrderImport.js

[2026-05-17T23:12:31.677Z] OrderImport: found 0 file(s)
OrderImport: nothing to do.

> eform@1.0.0 import:orders
> node scripts/runOrderImport.js

[2026-05-17T23:13:02.383Z] OrderImport: found 0 file(s)
OrderImport: nothing to do.

> eform@1.0.0 import:orders
> node scripts/runOrderImport.js

[2026-05-17T23:13:33.062Z] OrderImport: found 0 file(s)
OrderImport: nothing to do.

> eform@1.0.0 import:orders
> node scripts/runOrderImport.js

[2026-05-17T23:14:03.745Z] OrderImport: found 0 file(s)
OrderImport: nothing to do.

> eform@1.0.0 import:orders
> node scripts/runOrderImport.js

[2026-05-17T23:14:34.429Z] OrderImport: found 0 file(s)
OrderImport: nothing to do.

> eform@1.0.0 import:orders
> node scripts/runOrderImport.js

[2026-05-17T23:15:05.132Z] OrderImport: found 0 file(s)
OrderImport: nothing to do.

> eform@1.0.0 import:orders
> node scripts/runOrderImport.js

[2026-05-17T23:15:35.805Z] OrderImport: found 0 file(s)
OrderImport: nothing to do.

> eform@1.0.0 import:orders
> node scripts/runOrderImport.js

[2026-05-17T23:16:06.462Z] OrderImport: found 0 file(s)
OrderImport: nothing to do.

> eform@1.0.0 import:orders
> node scripts/runOrderImport.js

[2026-05-17T23:16:37.123Z] OrderImport: found 0 file(s)
OrderImport: nothing to do.

> eform@1.0.0 import:orders
> node scripts/runOrderImport.js

[2026-05-17T23:17:07.769Z] OrderImport: found 0 file(s)
OrderImport: nothing to do.

> eform@1.0.0 import:orders
> node scripts/runOrderImport.js

[2026-05-17T23:17:38.428Z] OrderImport: found 0 file(s)
OrderImport: nothing to do.

> eform@1.0.0 import:orders
> node scripts/runOrderImport.js

[2026-05-17T23:18:09.092Z] OrderImport: found 0 file(s)
OrderImport: nothing to do.

> eform@1.0.0 import:orders
> node scripts/runOrderImport.js

[2026-05-17T23:18:39.750Z] OrderImport: found 0 file(s)
OrderImport: nothing to do.

> eform@1.0.0 import:orders
> node scripts/runOrderImport.js

[2026-05-17T23:19:10.426Z] OrderImport: found 0 file(s)
OrderImport: nothing to do.

> eform@1.0.0 import:orders
> node scripts/runOrderImport.js

[2026-05-17T23:19:41.098Z] OrderImport: found 0 file(s)
OrderImport: nothing to do.

> eform@1.0.0 import:orders
> node scripts/runOrderImport.js

[2026-05-17T23:20:11.783Z] OrderImport: found 0 file(s)
OrderImport: nothing to do.

> eform@1.0.0 import:orders
> node scripts/runOrderImport.js

[2026-05-17T23:20:42.455Z] OrderImport: found 0 file(s)
OrderImport: nothing to do.

> eform@1.0.0 import:orders
> node scripts/runOrderImport.js

[2026-05-17T23:21:13.127Z] OrderImport: found 0 file(s)
OrderImport: nothing to do.

> eform@1.0.0 import:orders
> node scripts/runOrderImport.js

[2026-05-17T23:21:43.807Z] OrderImport: found 0 file(s)
OrderImport: nothing to do.

> eform@1.0.0 import:orders
> node scripts/runOrderImport.js

[2026-05-17T23:22:14.472Z] OrderImport: found 0 file(s)
OrderImport: nothing to do.

> eform@1.0.0 import:orders
> node scripts/runOrderImport.js

[2026-05-17T23:22:45.185Z] OrderImport: found 0 file(s)
OrderImport: nothing to do.

> eform@1.0.0 import:orders
> node scripts/runOrderImport.js

[2026-05-17T23:23:15.840Z] OrderImport: found 0 file(s)
OrderImport: nothing to do.

> eform@1.0.0 import:orders
> node scripts/runOrderImport.js

[2026-05-17T23:23:46.515Z] OrderImport: found 0 file(s)
OrderImport: nothing to do.

> eform@1.0.0 import:orders
> node scripts/runOrderImport.js

[2026-05-17T23:24:17.154Z] OrderImport: found 0 file(s)
OrderImport: nothing to do.

> eform@1.0.0 import:orders
> node scripts/runOrderImport.js

[2026-05-17T23:24:47.870Z] OrderImport: found 0 file(s)
OrderImport: nothing to do.

> eform@1.0.0 import:orders
> node scripts/runOrderImport.js

[2026-05-17T23:25:18.525Z] OrderImport: found 0 file(s)
OrderImport: nothing to do.

> eform@1.0.0 import:orders
> node scripts/runOrderImport.js

[2026-05-17T23:25:49.158Z] OrderImport: found 0 file(s)
OrderImport: nothing to do.

> eform@1.0.0 import:orders
> node scripts/runOrderImport.js

[2026-05-17T23:26:19.815Z] OrderImport: found 0 file(s)
OrderImport: nothing to do.

> eform@1.0.0 import:orders
> node scripts/runOrderImport.js

[2026-05-17T23:26:50.446Z] OrderImport: found 0 file(s)
OrderImport: nothing to do.

> eform@1.0.0 import:orders
> node scripts/runOrderImport.js

[2026-05-17T23:27:21.119Z] OrderImport: found 0 file(s)
OrderImport: nothing to do.

> eform@1.0.0 import:orders
> node scripts/runOrderImport.js

[2026-05-17T23:27:51.788Z] OrderImport: found 0 file(s)
OrderImport: nothing to do.

> eform@1.0.0 import:orders
> node scripts/runOrderImport.js

[2026-05-17T23:28:22.444Z] OrderImport: found 0 file(s)
OrderImport: nothing to do.

> eform@1.0.0 import:orders
> node scripts/runOrderImport.js

[2026-05-17T23:28:53.115Z] OrderImport: found 0 file(s)
OrderImport: nothing to do.

> eform@1.0.0 import:orders
> node scripts/runOrderImport.js

[2026-05-17T23:29:23.735Z] OrderImport: found 0 file(s)
OrderImport: nothing to do.

> eform@1.0.0 import:orders
> node scripts/runOrderImport.js

[2026-05-17T23:29:54.380Z] OrderImport: found 0 file(s)
OrderImport: nothing to do.

> eform@1.0.0 import:orders
> node scripts/runOrderImport.js

[2026-05-17T23:30:25.044Z] OrderImport: found 0 file(s)
OrderImport: nothing to do.

> eform@1.0.0 import:orders
> node scripts/runOrderImport.js

[2026-05-17T23:30:55.693Z] OrderImport: found 0 file(s)
OrderImport: nothing to do.

> eform@1.0.0 import:orders
> node scripts/runOrderImport.js

[2026-05-17T23:31:26.337Z] OrderImport: found 0 file(s)
OrderImport: nothing to do.

> eform@1.0.0 import:orders
> node scripts/runOrderImport.js

[2026-05-17T23:31:56.977Z] OrderImport: found 0 file(s)
OrderImport: nothing to do.

> eform@1.0.0 import:orders
> node scripts/runOrderImport.js

[2026-05-17T23:32:27.605Z] OrderImport: found 0 file(s)
OrderImport: nothing to do.

> eform@1.0.0 import:orders
> node scripts/runOrderImport.js

[2026-05-17T23:32:58.270Z] OrderImport: found 0 file(s)
OrderImport: nothing to do.

> eform@1.0.0 import:orders
> node scripts/runOrderImport.js

[2026-05-17T23:33:28.920Z] OrderImport: found 0 file(s)
OrderImport: nothing to do.

> eform@1.0.0 import:orders
> node scripts/runOrderImport.js

[2026-05-17T23:33:59.589Z] OrderImport: found 0 file(s)
OrderImport: nothing to do.

> eform@1.0.0 import:orders
> node scripts/runOrderImport.js

[2026-05-17T23:34:30.260Z] OrderImport: found 0 file(s)
OrderImport: nothing to do.

> eform@1.0.0 import:orders
> node scripts/runOrderImport.js

[2026-05-17T23:35:00.964Z] OrderImport: found 0 file(s)
OrderImport: nothing to do.

> eform@1.0.0 import:orders
> node scripts/runOrderImport.js

[2026-05-17T23:35:31.602Z] OrderImport: found 0 file(s)
OrderImport: nothing to do.

> eform@1.0.0 import:orders
> node scripts/runOrderImport.js

[2026-05-17T23:36:02.275Z] OrderImport: found 0 file(s)
OrderImport: nothing to do.

> eform@1.0.0 import:orders
> node scripts/runOrderImport.js

[2026-05-17T23:36:32.930Z] OrderImport: found 0 file(s)
OrderImport: nothing to do.

> eform@1.0.0 import:orders
> node scripts/runOrderImport.js

[2026-05-17T23:37:03.601Z] OrderImport: found 0 file(s)
OrderImport: nothing to do.

> eform@1.0.0 import:orders
> node scripts/runOrderImport.js

[2026-05-17T23:37:34.256Z] OrderImport: found 0 file(s)
OrderImport: nothing to do.

> eform@1.0.0 import:orders
> node scripts/runOrderImport.js

[2026-05-17T23:38:04.904Z] OrderImport: found 0 file(s)
OrderImport: nothing to do.

> eform@1.0.0 import:orders
> node scripts/runOrderImport.js

[2026-05-17T23:38:35.569Z] OrderImport: found 0 file(s)
OrderImport: nothing to do.

> eform@1.0.0 import:orders
> node scripts/runOrderImport.js

[2026-05-17T23:39:06.209Z] OrderImport: found 0 file(s)
OrderImport: nothing to do.

> eform@1.0.0 import:orders
> node scripts/runOrderImport.js

[2026-05-17T23:39:36.847Z] OrderImport: found 0 file(s)
OrderImport: nothing to do.

> eform@1.0.0 import:orders
> node scripts/runOrderImport.js

[2026-05-17T23:40:07.545Z] OrderImport: found 0 file(s)
OrderImport: nothing to do.

> eform@1.0.0 import:orders
> node scripts/runOrderImport.js

[2026-05-17T23:40:38.206Z] OrderImport: found 0 file(s)
OrderImport: nothing to do.

> eform@1.0.0 import:orders
> node scripts/runOrderImport.js

[2026-05-17T23:41:08.883Z] OrderImport: found 0 file(s)
OrderImport: nothing to do.

> eform@1.0.0 import:orders
> node scripts/runOrderImport.js

[2026-05-17T23:41:39.528Z] OrderImport: found 0 file(s)
OrderImport: nothing to do.

> eform@1.0.0 import:orders
> node scripts/runOrderImport.js

[2026-05-17T23:42:10.170Z] OrderImport: found 0 file(s)
OrderImport: nothing to do.

> eform@1.0.0 import:orders
> node scripts/runOrderImport.js

[2026-05-17T23:42:40.876Z] OrderImport: found 0 file(s)
OrderImport: nothing to do.

> eform@1.0.0 import:orders
> node scripts/runOrderImport.js

[2026-05-17T23:43:11.552Z] OrderImport: found 0 file(s)
OrderImport: nothing to do.

> eform@1.0.0 import:orders
> node scripts/runOrderImport.js

[2026-05-17T23:43:42.207Z] OrderImport: found 0 file(s)
OrderImport: nothing to do.

> eform@1.0.0 import:orders
> node scripts/runOrderImport.js

[2026-05-17T23:44:12.852Z] OrderImport: found 0 file(s)
OrderImport: nothing to do.

> eform@1.0.0 import:orders
> node scripts/runOrderImport.js

[2026-05-17T23:44:43.491Z] OrderImport: found 0 file(s)
OrderImport: nothing to do.

> eform@1.0.0 import:orders
> node scripts/runOrderImport.js

[2026-05-17T23:45:14.150Z] OrderImport: found 0 file(s)
OrderImport: nothing to do.

> eform@1.0.0 import:orders
> node scripts/runOrderImport.js

[2026-05-17T23:45:44.804Z] OrderImport: found 0 file(s)
OrderImport: nothing to do.

> eform@1.0.0 import:orders
> node scripts/runOrderImport.js

[2026-05-17T23:46:15.428Z] OrderImport: found 0 file(s)
OrderImport: nothing to do.

> eform@1.0.0 import:orders
> node scripts/runOrderImport.js

[2026-05-17T23:46:46.069Z] OrderImport: found 0 file(s)
OrderImport: nothing to do.

> eform@1.0.0 import:orders
> node scripts/runOrderImport.js

[2026-05-17T23:47:16.706Z] OrderImport: found 0 file(s)
OrderImport: nothing to do.

> eform@1.0.0 import:orders
> node scripts/runOrderImport.js

[2026-05-17T23:47:47.352Z] OrderImport: found 0 file(s)
OrderImport: nothing to do.

> eform@1.0.0 import:orders
> node scripts/runOrderImport.js

[2026-05-17T23:48:18.002Z] OrderImport: found 0 file(s)
OrderImport: nothing to do.

> eform@1.0.0 import:orders
> node scripts/runOrderImport.js

[2026-05-17T23:48:48.653Z] OrderImport: found 0 file(s)
OrderImport: nothing to do.

> eform@1.0.0 import:orders
> node scripts/runOrderImport.js

[2026-05-17T23:49:19.273Z] OrderImport: found 0 file(s)
OrderImport: nothing to do.

> eform@1.0.0 import:orders
> node scripts/runOrderImport.js

[2026-05-17T23:49:49.938Z] OrderImport: found 0 file(s)
OrderImport: nothing to do.

> eform@1.0.0 import:orders
> node scripts/runOrderImport.js

[2026-05-17T23:50:20.621Z] OrderImport: found 0 file(s)
OrderImport: nothing to do.

> eform@1.0.0 import:orders
> node scripts/runOrderImport.js

[2026-05-17T23:50:51.276Z] OrderImport: found 0 file(s)
OrderImport: nothing to do.

> eform@1.0.0 import:orders
> node scripts/runOrderImport.js

[2026-05-17T23:51:21.947Z] OrderImport: found 0 file(s)
OrderImport: nothing to do.

> eform@1.0.0 import:orders
> node scripts/runOrderImport.js

[2026-05-17T23:51:52.623Z] OrderImport: found 0 file(s)
OrderImport: nothing to do.

> eform@1.0.0 import:orders
> node scripts/runOrderImport.js

[2026-05-17T23:52:23.284Z] OrderImport: found 0 file(s)
OrderImport: nothing to do.

> eform@1.0.0 import:orders
> node scripts/runOrderImport.js

[2026-05-17T23:52:53.990Z] OrderImport: found 0 file(s)
OrderImport: nothing to do.

> eform@1.0.0 import:orders
> node scripts/runOrderImport.js

[2026-05-17T23:53:24.638Z] OrderImport: found 0 file(s)
OrderImport: nothing to do.

> eform@1.0.0 import:orders
> node scripts/runOrderImport.js

[2026-05-17T23:53:55.341Z] OrderImport: found 0 file(s)
OrderImport: nothing to do.

> eform@1.0.0 import:orders
> node scripts/runOrderImport.js

[2026-05-17T23:54:25.982Z] OrderImport: found 0 file(s)
OrderImport: nothing to do.

> eform@1.0.0 import:orders
> node scripts/runOrderImport.js

[2026-05-17T23:54:56.623Z] OrderImport: found 0 file(s)
OrderImport: nothing to do.

> eform@1.0.0 import:orders
> node scripts/runOrderImport.js

[2026-05-17T23:55:27.271Z] OrderImport: found 0 file(s)
OrderImport: nothing to do.

> eform@1.0.0 import:orders
> node scripts/runOrderImport.js

[2026-05-17T23:55:57.890Z] OrderImport: found 0 file(s)
OrderImport: nothing to do.

> eform@1.0.0 import:orders
> node scripts/runOrderImport.js

[2026-05-17T23:56:28.551Z] OrderImport: found 0 file(s)
OrderImport: nothing to do.

> eform@1.0.0 import:orders
> node scripts/runOrderImport.js

[2026-05-17T23:56:59.217Z] OrderImport: found 0 file(s)
OrderImport: nothing to do.

> eform@1.0.0 import:orders
> node scripts/runOrderImport.js

[2026-05-17T23:57:29.889Z] OrderImport: found 0 file(s)
OrderImport: nothing to do.

> eform@1.0.0 import:orders
> node scripts/runOrderImport.js

[2026-05-17T23:58:00.562Z] OrderImport: found 0 file(s)
OrderImport: nothing to do.

> eform@1.0.0 import:orders
> node scripts/runOrderImport.js

[2026-05-17T23:58:31.208Z] OrderImport: found 0 file(s)
OrderImport: nothing to do.

> eform@1.0.0 import:orders
> node scripts/runOrderImport.js

[2026-05-17T23:59:01.878Z] OrderImport: found 0 file(s)
OrderImport: nothing to do.

> eform@1.0.0 import:orders
> node scripts/runOrderImport.js

[2026-05-17T23:59:32.524Z] OrderImport: found 0 file(s)
OrderImport: nothing to do.

> eform@1.0.0 import:orders
> node scripts/runOrderImport.js

[2026-05-18T00:00:03.321Z] OrderImport: found 0 file(s)
OrderImport: nothing to do.

> eform@1.0.0 import:orders
> node scripts/runOrderImport.js

[2026-05-18T00:00:33.962Z] OrderImport: found 0 file(s)
OrderImport: nothing to do.

> eform@1.0.0 import:orders
> node scripts/runOrderImport.js

[2026-05-18T00:01:04.653Z] OrderImport: found 0 file(s)
OrderImport: nothing to do.

> eform@1.0.0 import:orders
> node scripts/runOrderImport.js

[2026-05-18T00:01:35.285Z] OrderImport: found 0 file(s)
OrderImport: nothing to do.

> eform@1.0.0 import:orders
> node scripts/runOrderImport.js

[2026-05-18T00:02:05.946Z] OrderImport: found 0 file(s)
OrderImport: nothing to do.

> eform@1.0.0 import:orders
> node scripts/runOrderImport.js

[2026-05-18T00:02:36.586Z] OrderImport: found 0 file(s)
OrderImport: nothing to do.

> eform@1.0.0 import:orders
> node scripts/runOrderImport.js

[2026-05-18T00:03:07.290Z] OrderImport: found 0 file(s)
OrderImport: nothing to do.

> eform@1.0.0 import:orders
> node scripts/runOrderImport.js

[2026-05-18T00:03:37.954Z] OrderImport: found 0 file(s)
OrderImport: nothing to do.

> eform@1.0.0 import:orders
> node scripts/runOrderImport.js

[2026-05-18T00:04:08.610Z] OrderImport: found 0 file(s)
OrderImport: nothing to do.

> eform@1.0.0 import:orders
> node scripts/runOrderImport.js

[2026-05-18T00:04:39.283Z] OrderImport: found 0 file(s)
OrderImport: nothing to do.

> eform@1.0.0 import:orders
> node scripts/runOrderImport.js

[2026-05-18T00:05:09.951Z] OrderImport: found 0 file(s)
OrderImport: nothing to do.

> eform@1.0.0 import:orders
> node scripts/runOrderImport.js

[2026-05-18T00:05:40.605Z] OrderImport: found 0 file(s)
OrderImport: nothing to do.

> eform@1.0.0 import:orders
> node scripts/runOrderImport.js

[2026-05-18T00:06:11.264Z] OrderImport: found 0 file(s)
OrderImport: nothing to do.

> eform@1.0.0 import:orders
> node scripts/runOrderImport.js

[2026-05-18T00:06:41.914Z] OrderImport: found 0 file(s)
OrderImport: nothing to do.

> eform@1.0.0 import:orders
> node scripts/runOrderImport.js

[2026-05-18T00:07:12.558Z] OrderImport: found 0 file(s)
OrderImport: nothing to do.

> eform@1.0.0 import:orders
> node scripts/runOrderImport.js

[2026-05-18T00:07:43.212Z] OrderImport: found 0 file(s)
OrderImport: nothing to do.

> eform@1.0.0 import:orders
> node scripts/runOrderImport.js

[2026-05-18T00:08:13.850Z] OrderImport: found 0 file(s)
OrderImport: nothing to do.

> eform@1.0.0 import:orders
> node scripts/runOrderImport.js

[2026-05-18T00:08:44.501Z] OrderImport: found 0 file(s)
OrderImport: nothing to do.

> eform@1.0.0 import:orders
> node scripts/runOrderImport.js

[2026-05-18T00:09:15.145Z] OrderImport: found 0 file(s)
OrderImport: nothing to do.

> eform@1.0.0 import:orders
> node scripts/runOrderImport.js

[2026-05-18T00:09:45.814Z] OrderImport: found 0 file(s)
OrderImport: nothing to do.

> eform@1.0.0 import:orders
> node scripts/runOrderImport.js

[2026-05-18T00:10:16.464Z] OrderImport: found 0 file(s)
OrderImport: nothing to do.

> eform@1.0.0 import:orders
> node scripts/runOrderImport.js

[2026-05-18T00:10:47.101Z] OrderImport: found 0 file(s)
OrderImport: nothing to do.

> eform@1.0.0 import:orders
> node scripts/runOrderImport.js

[2026-05-18T00:11:17.773Z] OrderImport: found 0 file(s)
OrderImport: nothing to do.

> eform@1.0.0 import:orders
> node scripts/runOrderImport.js

[2026-05-18T00:11:48.466Z] OrderImport: found 0 file(s)
OrderImport: nothing to do.

> eform@1.0.0 import:orders
> node scripts/runOrderImport.js

[2026-05-18T00:12:19.109Z] OrderImport: found 0 file(s)
OrderImport: nothing to do.

> eform@1.0.0 import:orders
> node scripts/runOrderImport.js

[2026-05-18T00:12:49.788Z] OrderImport: found 0 file(s)
OrderImport: nothing to do.

> eform@1.0.0 import:orders
> node scripts/runOrderImport.js

[2026-05-18T00:13:20.410Z] OrderImport: found 0 file(s)
OrderImport: nothing to do.

> eform@1.0.0 import:orders
> node scripts/runOrderImport.js

[2026-05-18T00:13:51.062Z] OrderImport: found 0 file(s)
OrderImport: nothing to do.

> eform@1.0.0 import:orders
> node scripts/runOrderImport.js

[2026-05-18T00:14:21.717Z] OrderImport: found 0 file(s)
OrderImport: nothing to do.

> eform@1.0.0 import:orders
> node scripts/runOrderImport.js

[2026-05-18T00:14:52.391Z] OrderImport: found 0 file(s)
OrderImport: nothing to do.

> eform@1.0.0 import:orders
> node scripts/runOrderImport.js

[2026-05-18T00:15:23.041Z] OrderImport: found 0 file(s)
OrderImport: nothing to do.

> eform@1.0.0 import:orders
> node scripts/runOrderImport.js

[2026-05-18T00:15:53.706Z] OrderImport: found 0 file(s)
OrderImport: nothing to do.

> eform@1.0.0 import:orders
> node scripts/runOrderImport.js

[2026-05-18T00:16:24.330Z] OrderImport: found 0 file(s)
OrderImport: nothing to do.

> eform@1.0.0 import:orders
> node scripts/runOrderImport.js

[2026-05-18T00:16:55.004Z] OrderImport: found 0 file(s)
OrderImport: nothing to do.

> eform@1.0.0 import:orders
> node scripts/runOrderImport.js

[2026-05-18T00:17:25.659Z] OrderImport: found 0 file(s)
OrderImport: nothing to do.

> eform@1.0.0 import:orders
> node scripts/runOrderImport.js

[2026-05-18T00:17:56.283Z] OrderImport: found 0 file(s)
OrderImport: nothing to do.

> eform@1.0.0 import:orders
> node scripts/runOrderImport.js

[2026-05-18T00:18:26.970Z] OrderImport: found 0 file(s)
OrderImport: nothing to do.

> eform@1.0.0 import:orders
> node scripts/runOrderImport.js

[2026-05-18T00:18:57.601Z] OrderImport: found 0 file(s)
OrderImport: nothing to do.

> eform@1.0.0 import:orders
> node scripts/runOrderImport.js

[2026-05-18T00:19:28.256Z] OrderImport: found 0 file(s)
OrderImport: nothing to do.

> eform@1.0.0 import:orders
> node scripts/runOrderImport.js

[2026-05-18T00:19:58.931Z] OrderImport: found 0 file(s)
OrderImport: nothing to do.

> eform@1.0.0 import:orders
> node scripts/runOrderImport.js

[2026-05-18T00:20:29.610Z] OrderImport: found 0 file(s)
OrderImport: nothing to do.

> eform@1.0.0 import:orders
> node scripts/runOrderImport.js

[2026-05-18T00:21:00.283Z] OrderImport: found 0 file(s)
OrderImport: nothing to do.

> eform@1.0.0 import:orders
> node scripts/runOrderImport.js

[2026-05-18T00:21:30.929Z] OrderImport: found 0 file(s)
OrderImport: nothing to do.

> eform@1.0.0 import:orders
> node scripts/runOrderImport.js

[2026-05-18T00:22:01.596Z] OrderImport: found 0 file(s)
OrderImport: nothing to do.

> eform@1.0.0 import:orders
> node scripts/runOrderImport.js

[2026-05-18T00:22:32.265Z] OrderImport: found 0 file(s)
OrderImport: nothing to do.

> eform@1.0.0 import:orders
> node scripts/runOrderImport.js

[2026-05-18T00:23:02.920Z] OrderImport: found 0 file(s)
OrderImport: nothing to do.

> eform@1.0.0 import:orders
> node scripts/runOrderImport.js

[2026-05-18T00:23:33.569Z] OrderImport: found 0 file(s)
OrderImport: nothing to do.

> eform@1.0.0 import:orders
> node scripts/runOrderImport.js

[2026-05-18T00:24:04.225Z] OrderImport: found 0 file(s)
OrderImport: nothing to do.

> eform@1.0.0 import:orders
> node scripts/runOrderImport.js

[2026-05-18T00:24:34.888Z] OrderImport: found 0 file(s)
OrderImport: nothing to do.

> eform@1.0.0 import:orders
> node scripts/runOrderImport.js

[2026-05-18T00:25:05.528Z] OrderImport: found 0 file(s)
OrderImport: nothing to do.

> eform@1.0.0 import:orders
> node scripts/runOrderImport.js

[2026-05-18T00:25:36.161Z] OrderImport: found 0 file(s)
OrderImport: nothing to do.

> eform@1.0.0 import:orders
> node scripts/runOrderImport.js

[2026-05-18T00:26:06.854Z] OrderImport: found 0 file(s)
OrderImport: nothing to do.

> eform@1.0.0 import:orders
> node scripts/runOrderImport.js

[2026-05-18T00:26:37.499Z] OrderImport: found 0 file(s)
OrderImport: nothing to do.

> eform@1.0.0 import:orders
> node scripts/runOrderImport.js

[2026-05-18T00:27:08.142Z] OrderImport: found 0 file(s)
OrderImport: nothing to do.

> eform@1.0.0 import:orders
> node scripts/runOrderImport.js

[2026-05-18T00:27:38.819Z] OrderImport: found 0 file(s)
OrderImport: nothing to do.

> eform@1.0.0 import:orders
> node scripts/runOrderImport.js

[2026-05-18T00:28:09.485Z] OrderImport: found 0 file(s)
OrderImport: nothing to do.

> eform@1.0.0 import:orders
> node scripts/runOrderImport.js

[2026-05-18T00:28:40.137Z] OrderImport: found 0 file(s)
OrderImport: nothing to do.

> eform@1.0.0 import:orders
> node scripts/runOrderImport.js

[2026-05-18T00:29:10.802Z] OrderImport: found 0 file(s)
OrderImport: nothing to do.

> eform@1.0.0 import:orders
> node scripts/runOrderImport.js

[2026-05-18T00:29:41.469Z] OrderImport: found 0 file(s)
OrderImport: nothing to do.

> eform@1.0.0 import:orders
> node scripts/runOrderImport.js

[2026-05-18T00:30:12.118Z] OrderImport: found 0 file(s)
OrderImport: nothing to do.

> eform@1.0.0 import:orders
> node scripts/runOrderImport.js

[2026-05-18T00:30:42.777Z] OrderImport: found 0 file(s)
OrderImport: nothing to do.

> eform@1.0.0 import:orders
> node scripts/runOrderImport.js

[2026-05-18T00:31:13.452Z] OrderImport: found 0 file(s)
OrderImport: nothing to do.

> eform@1.0.0 import:orders
> node scripts/runOrderImport.js

[2026-05-18T00:31:44.112Z] OrderImport: found 0 file(s)
OrderImport: nothing to do.

> eform@1.0.0 import:orders
> node scripts/runOrderImport.js

[2026-05-18T00:32:14.791Z] OrderImport: found 0 file(s)
OrderImport: nothing to do.

> eform@1.0.0 import:orders
> node scripts/runOrderImport.js

[2026-05-18T00:32:45.448Z] OrderImport: found 0 file(s)
OrderImport: nothing to do.

> eform@1.0.0 import:orders
> node scripts/runOrderImport.js

[2026-05-18T00:33:16.124Z] OrderImport: found 0 file(s)
OrderImport: nothing to do.

> eform@1.0.0 import:orders
> node scripts/runOrderImport.js

[2026-05-18T00:33:46.810Z] OrderImport: found 0 file(s)
OrderImport: nothing to do.

> eform@1.0.0 import:orders
> node scripts/runOrderImport.js

[2026-05-18T00:34:17.459Z] OrderImport: found 0 file(s)
OrderImport: nothing to do.

> eform@1.0.0 import:orders
> node scripts/runOrderImport.js

[2026-05-18T00:34:48.119Z] OrderImport: found 0 file(s)
OrderImport: nothing to do.

> eform@1.0.0 import:orders
> node scripts/runOrderImport.js

[2026-05-18T00:35:18.779Z] OrderImport: found 0 file(s)
OrderImport: nothing to do.

> eform@1.0.0 import:orders
> node scripts/runOrderImport.js

[2026-05-18T00:35:49.451Z] OrderImport: found 0 file(s)
OrderImport: nothing to do.

> eform@1.0.0 import:orders
> node scripts/runOrderImport.js

[2026-05-18T00:36:20.118Z] OrderImport: found 0 file(s)
OrderImport: nothing to do.

> eform@1.0.0 import:orders
> node scripts/runOrderImport.js

[2026-05-18T00:36:50.780Z] OrderImport: found 0 file(s)
OrderImport: nothing to do.

> eform@1.0.0 import:orders
> node scripts/runOrderImport.js

[2026-05-18T00:37:21.440Z] OrderImport: found 0 file(s)
OrderImport: nothing to do.

> eform@1.0.0 import:orders
> node scripts/runOrderImport.js

[2026-05-18T00:37:52.088Z] OrderImport: found 0 file(s)
OrderImport: nothing to do.

> eform@1.0.0 import:orders
> node scripts/runOrderImport.js

[2026-05-18T00:38:22.744Z] OrderImport: found 0 file(s)
OrderImport: nothing to do.

> eform@1.0.0 import:orders
> node scripts/runOrderImport.js

[2026-05-18T00:38:53.404Z] OrderImport: found 0 file(s)
OrderImport: nothing to do.

> eform@1.0.0 import:orders
> node scripts/runOrderImport.js

[2026-05-18T00:39:24.072Z] OrderImport: found 0 file(s)
OrderImport: nothing to do.

> eform@1.0.0 import:orders
> node scripts/runOrderImport.js

[2026-05-18T00:39:54.720Z] OrderImport: found 0 file(s)
OrderImport: nothing to do.

> eform@1.0.0 import:orders
> node scripts/runOrderImport.js

[2026-05-18T00:40:25.381Z] OrderImport: found 0 file(s)
OrderImport: nothing to do.

> eform@1.0.0 import:orders
> node scripts/runOrderImport.js

[2026-05-18T00:40:56.037Z] OrderImport: found 0 file(s)
OrderImport: nothing to do.

> eform@1.0.0 import:orders
> node scripts/runOrderImport.js

[2026-05-18T00:41:26.706Z] OrderImport: found 0 file(s)
OrderImport: nothing to do.

> eform@1.0.0 import:orders
> node scripts/runOrderImport.js

[2026-05-18T00:41:57.350Z] OrderImport: found 0 file(s)
OrderImport: nothing to do.

> eform@1.0.0 import:orders
> node scripts/runOrderImport.js

[2026-05-18T00:42:28.030Z] OrderImport: found 0 file(s)
OrderImport: nothing to do.

> eform@1.0.0 import:orders
> node scripts/runOrderImport.js

[2026-05-18T00:42:58.705Z] OrderImport: found 0 file(s)
OrderImport: nothing to do.

> eform@1.0.0 import:orders
> node scripts/runOrderImport.js

[2026-05-18T00:43:29.353Z] OrderImport: found 0 file(s)
OrderImport: nothing to do.

> eform@1.0.0 import:orders
> node scripts/runOrderImport.js

[2026-05-18T00:43:59.979Z] OrderImport: found 0 file(s)
OrderImport: nothing to do.

> eform@1.0.0 import:orders
> node scripts/runOrderImport.js

[2026-05-18T00:44:30.643Z] OrderImport: found 0 file(s)
OrderImport: nothing to do.

> eform@1.0.0 import:orders
> node scripts/runOrderImport.js

[2026-05-18T00:45:01.309Z] OrderImport: found 0 file(s)
OrderImport: nothing to do.

> eform@1.0.0 import:orders
> node scripts/runOrderImport.js

[2026-05-18T00:45:31.951Z] OrderImport: found 0 file(s)
OrderImport: nothing to do.

> eform@1.0.0 import:orders
> node scripts/runOrderImport.js

[2026-05-18T00:46:02.606Z] OrderImport: found 0 file(s)
OrderImport: nothing to do.

> eform@1.0.0 import:orders
> node scripts/runOrderImport.js

[2026-05-18T00:46:33.243Z] OrderImport: found 0 file(s)
OrderImport: nothing to do.

> eform@1.0.0 import:orders
> node scripts/runOrderImport.js

[2026-05-18T00:47:03.884Z] OrderImport: found 0 file(s)
OrderImport: nothing to do.

> eform@1.0.0 import:orders
> node scripts/runOrderImport.js

[2026-05-18T00:47:34.536Z] OrderImport: found 0 file(s)
OrderImport: nothing to do.

> eform@1.0.0 import:orders
> node scripts/runOrderImport.js

[2026-05-18T00:48:05.192Z] OrderImport: found 0 file(s)
OrderImport: nothing to do.

> eform@1.0.0 import:orders
> node scripts/runOrderImport.js

[2026-05-18T00:48:35.850Z] OrderImport: found 0 file(s)
OrderImport: nothing to do.

> eform@1.0.0 import:orders
> node scripts/runOrderImport.js

[2026-05-18T00:49:06.511Z] OrderImport: found 0 file(s)
OrderImport: nothing to do.

> eform@1.0.0 import:orders
> node scripts/runOrderImport.js

[2026-05-18T00:49:37.182Z] OrderImport: found 0 file(s)
OrderImport: nothing to do.

> eform@1.0.0 import:orders
> node scripts/runOrderImport.js

[2026-05-18T00:50:07.825Z] OrderImport: found 0 file(s)
OrderImport: nothing to do.

> eform@1.0.0 import:orders
> node scripts/runOrderImport.js

[2026-05-18T00:50:38.496Z] OrderImport: found 0 file(s)
OrderImport: nothing to do.

> eform@1.0.0 import:orders
> node scripts/runOrderImport.js

[2026-05-18T00:51:09.142Z] OrderImport: found 0 file(s)
OrderImport: nothing to do.

> eform@1.0.0 import:orders
> node scripts/runOrderImport.js

[2026-05-18T00:51:39.788Z] OrderImport: found 0 file(s)
OrderImport: nothing to do.

> eform@1.0.0 import:orders
> node scripts/runOrderImport.js

[2026-05-18T00:52:10.423Z] OrderImport: found 0 file(s)
OrderImport: nothing to do.

> eform@1.0.0 import:orders
> node scripts/runOrderImport.js

[2026-05-18T00:52:41.107Z] OrderImport: found 0 file(s)
OrderImport: nothing to do.

> eform@1.0.0 import:orders
> node scripts/runOrderImport.js

[2026-05-18T00:53:11.738Z] OrderImport: found 0 file(s)
OrderImport: nothing to do.

> eform@1.0.0 import:orders
> node scripts/runOrderImport.js

[2026-05-18T00:53:42.402Z] OrderImport: found 0 file(s)
OrderImport: nothing to do.

> eform@1.0.0 import:orders
> node scripts/runOrderImport.js

[2026-05-18T00:54:13.055Z] OrderImport: found 0 file(s)
OrderImport: nothing to do.

> eform@1.0.0 import:orders
> node scripts/runOrderImport.js

[2026-05-18T00:54:43.706Z] OrderImport: found 0 file(s)
OrderImport: nothing to do.

> eform@1.0.0 import:orders
> node scripts/runOrderImport.js

[2026-05-18T00:55:14.390Z] OrderImport: found 0 file(s)
OrderImport: nothing to do.

> eform@1.0.0 import:orders
> node scripts/runOrderImport.js

[2026-05-18T00:55:45.048Z] OrderImport: found 0 file(s)
OrderImport: nothing to do.

> eform@1.0.0 import:orders
> node scripts/runOrderImport.js

[2026-05-18T00:56:15.719Z] OrderImport: found 0 file(s)
OrderImport: nothing to do.

> eform@1.0.0 import:orders
> node scripts/runOrderImport.js

[2026-05-18T00:56:46.365Z] OrderImport: found 0 file(s)
OrderImport: nothing to do.

> eform@1.0.0 import:orders
> node scripts/runOrderImport.js

[2026-05-18T00:57:17.023Z] OrderImport: found 0 file(s)
OrderImport: nothing to do.

> eform@1.0.0 import:orders
> node scripts/runOrderImport.js

[2026-05-18T00:57:47.645Z] OrderImport: found 0 file(s)
OrderImport: nothing to do.

> eform@1.0.0 import:orders
> node scripts/runOrderImport.js

[2026-05-18T00:58:18.302Z] OrderImport: found 0 file(s)
OrderImport: nothing to do.

> eform@1.0.0 import:orders
> node scripts/runOrderImport.js

[2026-05-18T00:58:48.953Z] OrderImport: found 0 file(s)
OrderImport: nothing to do.

> eform@1.0.0 import:orders
> node scripts/runOrderImport.js

[2026-05-18T00:59:19.609Z] OrderImport: found 0 file(s)
OrderImport: nothing to do.

> eform@1.0.0 import:orders
> node scripts/runOrderImport.js

[2026-05-18T00:59:50.269Z] OrderImport: found 0 file(s)
OrderImport: nothing to do.

> eform@1.0.0 import:orders
> node scripts/runOrderImport.js

[2026-05-18T01:00:20.926Z] OrderImport: found 0 file(s)
OrderImport: nothing to do.

> eform@1.0.0 import:orders
> node scripts/runOrderImport.js

[2026-05-18T01:00:51.567Z] OrderImport: found 0 file(s)
OrderImport: nothing to do.

> eform@1.0.0 import:orders
> node scripts/runOrderImport.js

[2026-05-18T01:01:22.198Z] OrderImport: found 0 file(s)
OrderImport: nothing to do.

> eform@1.0.0 import:orders
> node scripts/runOrderImport.js

[2026-05-18T01:01:52.860Z] OrderImport: found 0 file(s)
OrderImport: nothing to do.

> eform@1.0.0 import:orders
> node scripts/runOrderImport.js

[2026-05-18T01:02:23.524Z] OrderImport: found 0 file(s)
OrderImport: nothing to do.

> eform@1.0.0 import:orders
> node scripts/runOrderImport.js

[2026-05-18T01:02:54.171Z] OrderImport: found 0 file(s)
OrderImport: nothing to do.

> eform@1.0.0 import:orders
> node scripts/runOrderImport.js

[2026-05-18T01:03:24.833Z] OrderImport: found 0 file(s)
OrderImport: nothing to do.

> eform@1.0.0 import:orders
> node scripts/runOrderImport.js

[2026-05-18T01:03:55.480Z] OrderImport: found 0 file(s)
OrderImport: nothing to do.

> eform@1.0.0 import:orders
> node scripts/runOrderImport.js

[2026-05-18T01:04:26.130Z] OrderImport: found 0 file(s)
OrderImport: nothing to do.

> eform@1.0.0 import:orders
> node scripts/runOrderImport.js

[2026-05-18T01:04:56.745Z] OrderImport: found 0 file(s)
OrderImport: nothing to do.

> eform@1.0.0 import:orders
> node scripts/runOrderImport.js

[2026-05-18T01:05:27.396Z] OrderImport: found 0 file(s)
OrderImport: nothing to do.

> eform@1.0.0 import:orders
> node scripts/runOrderImport.js

[2026-05-18T01:05:58.043Z] OrderImport: found 0 file(s)
OrderImport: nothing to do.

> eform@1.0.0 import:orders
> node scripts/runOrderImport.js

[2026-05-18T01:06:28.782Z] OrderImport: found 0 file(s)
OrderImport: nothing to do.

> eform@1.0.0 import:orders
> node scripts/runOrderImport.js

[2026-05-18T01:06:59.441Z] OrderImport: found 0 file(s)
OrderImport: nothing to do.

> eform@1.0.0 import:orders
> node scripts/runOrderImport.js

[2026-05-18T01:07:30.104Z] OrderImport: found 0 file(s)
OrderImport: nothing to do.

> eform@1.0.0 import:orders
> node scripts/runOrderImport.js

[2026-05-18T01:08:00.769Z] OrderImport: found 0 file(s)
OrderImport: nothing to do.

> eform@1.0.0 import:orders
> node scripts/runOrderImport.js

[2026-05-18T01:08:31.465Z] OrderImport: found 0 file(s)
OrderImport: nothing to do.

> eform@1.0.0 import:orders
> node scripts/runOrderImport.js

[2026-05-18T01:09:02.127Z] OrderImport: found 0 file(s)
OrderImport: nothing to do.

> eform@1.0.0 import:orders
> node scripts/runOrderImport.js

[2026-05-18T01:09:32.842Z] OrderImport: found 0 file(s)
OrderImport: nothing to do.

> eform@1.0.0 import:orders
> node scripts/runOrderImport.js

[2026-05-18T01:10:03.566Z] OrderImport: found 0 file(s)
OrderImport: nothing to do.

> eform@1.0.0 import:orders
> node scripts/runOrderImport.js

[2026-05-18T01:10:34.271Z] OrderImport: found 0 file(s)
OrderImport: nothing to do.

> eform@1.0.0 import:orders
> node scripts/runOrderImport.js

[2026-05-18T01:11:04.925Z] OrderImport: found 0 file(s)
OrderImport: nothing to do.

> eform@1.0.0 import:orders
> node scripts/runOrderImport.js

[2026-05-18T01:11:35.572Z] OrderImport: found 0 file(s)
OrderImport: nothing to do.

> eform@1.0.0 import:orders
> node scripts/runOrderImport.js

[2026-05-18T01:12:06.251Z] OrderImport: found 0 file(s)
OrderImport: nothing to do.

> eform@1.0.0 import:orders
> node scripts/runOrderImport.js

[2026-05-18T01:12:36.890Z] OrderImport: found 0 file(s)
OrderImport: nothing to do.

> eform@1.0.0 import:orders
> node scripts/runOrderImport.js

[2026-05-18T01:13:07.556Z] OrderImport: found 0 file(s)
OrderImport: nothing to do.

> eform@1.0.0 import:orders
> node scripts/runOrderImport.js

[2026-05-18T01:13:38.231Z] OrderImport: found 0 file(s)
OrderImport: nothing to do.

> eform@1.0.0 import:orders
> node scripts/runOrderImport.js

[2026-05-18T01:14:08.866Z] OrderImport: found 0 file(s)
OrderImport: nothing to do.

> eform@1.0.0 import:orders
> node scripts/runOrderImport.js

[2026-05-18T01:14:39.512Z] OrderImport: found 0 file(s)
OrderImport: nothing to do.

> eform@1.0.0 import:orders
> node scripts/runOrderImport.js

[2026-05-18T01:15:10.183Z] OrderImport: found 0 file(s)
OrderImport: nothing to do.

> eform@1.0.0 import:orders
> node scripts/runOrderImport.js

[2026-05-18T01:15:40.855Z] OrderImport: found 0 file(s)
OrderImport: nothing to do.

> eform@1.0.0 import:orders
> node scripts/runOrderImport.js

[2026-05-18T01:16:11.514Z] OrderImport: found 0 file(s)
OrderImport: nothing to do.

> eform@1.0.0 import:orders
> node scripts/runOrderImport.js

[2026-05-18T01:16:42.211Z] OrderImport: found 0 file(s)
OrderImport: nothing to do.

> eform@1.0.0 import:orders
> node scripts/runOrderImport.js

[2026-05-18T01:17:12.866Z] OrderImport: found 0 file(s)
OrderImport: nothing to do.

> eform@1.0.0 import:orders
> node scripts/runOrderImport.js

[2026-05-18T01:17:43.539Z] OrderImport: found 0 file(s)
OrderImport: nothing to do.

> eform@1.0.0 import:orders
> node scripts/runOrderImport.js

[2026-05-18T01:18:14.184Z] OrderImport: found 0 file(s)
OrderImport: nothing to do.

> eform@1.0.0 import:orders
> node scripts/runOrderImport.js

[2026-05-18T01:18:44.823Z] OrderImport: found 0 file(s)
OrderImport: nothing to do.

> eform@1.0.0 import:orders
> node scripts/runOrderImport.js

[2026-05-18T01:19:15.476Z] OrderImport: found 0 file(s)
OrderImport: nothing to do.

> eform@1.0.0 import:orders
> node scripts/runOrderImport.js

[2026-05-18T01:19:46.205Z] OrderImport: found 0 file(s)
OrderImport: nothing to do.

> eform@1.0.0 import:orders
> node scripts/runOrderImport.js

[2026-05-18T01:20:16.893Z] OrderImport: found 0 file(s)
OrderImport: nothing to do.

> eform@1.0.0 import:orders
> node scripts/runOrderImport.js

[2026-05-18T01:20:47.521Z] OrderImport: found 0 file(s)
OrderImport: nothing to do.

> eform@1.0.0 import:orders
> node scripts/runOrderImport.js

[2026-05-18T01:21:18.181Z] OrderImport: found 0 file(s)
OrderImport: nothing to do.

> eform@1.0.0 import:orders
> node scripts/runOrderImport.js

[2026-05-18T01:21:48.831Z] OrderImport: found 0 file(s)
OrderImport: nothing to do.

> eform@1.0.0 import:orders
> node scripts/runOrderImport.js

[2026-05-18T01:22:19.510Z] OrderImport: found 0 file(s)
OrderImport: nothing to do.

> eform@1.0.0 import:orders
> node scripts/runOrderImport.js

[2026-05-18T01:22:50.183Z] OrderImport: found 0 file(s)
OrderImport: nothing to do.

> eform@1.0.0 import:orders
> node scripts/runOrderImport.js

[2026-05-18T01:23:20.826Z] OrderImport: found 0 file(s)
OrderImport: nothing to do.

> eform@1.0.0 import:orders
> node scripts/runOrderImport.js

[2026-05-18T01:23:51.467Z] OrderImport: found 0 file(s)
OrderImport: nothing to do.

> eform@1.0.0 import:orders
> node scripts/runOrderImport.js

[2026-05-18T01:24:22.121Z] OrderImport: found 0 file(s)
OrderImport: nothing to do.

> eform@1.0.0 import:orders
> node scripts/runOrderImport.js

[2026-05-18T01:24:52.846Z] OrderImport: found 0 file(s)
OrderImport: nothing to do.

> eform@1.0.0 import:orders
> node scripts/runOrderImport.js

[2026-05-18T01:25:23.503Z] OrderImport: found 0 file(s)
OrderImport: nothing to do.

> eform@1.0.0 import:orders
> node scripts/runOrderImport.js

[2026-05-18T01:25:54.139Z] OrderImport: found 0 file(s)
OrderImport: nothing to do.

> eform@1.0.0 import:orders
> node scripts/runOrderImport.js

[2026-05-18T01:26:24.809Z] OrderImport: found 0 file(s)
OrderImport: nothing to do.

> eform@1.0.0 import:orders
> node scripts/runOrderImport.js

[2026-05-18T01:26:55.489Z] OrderImport: found 0 file(s)
OrderImport: nothing to do.

> eform@1.0.0 import:orders
> node scripts/runOrderImport.js

[2026-05-18T01:27:26.257Z] OrderImport: found 0 file(s)
OrderImport: nothing to do.

> eform@1.0.0 import:orders
> node scripts/runOrderImport.js

[2026-05-18T01:27:57.032Z] OrderImport: found 0 file(s)
OrderImport: nothing to do.

> eform@1.0.0 import:orders
> node scripts/runOrderImport.js

[2026-05-18T01:28:27.809Z] OrderImport: found 0 file(s)
OrderImport: nothing to do.

> eform@1.0.0 import:orders
> node scripts/runOrderImport.js

[2026-05-18T01:28:58.548Z] OrderImport: found 0 file(s)
OrderImport: nothing to do.

> eform@1.0.0 import:orders
> node scripts/runOrderImport.js

[2026-05-18T01:29:29.225Z] OrderImport: found 0 file(s)
OrderImport: nothing to do.

> eform@1.0.0 import:orders
> node scripts/runOrderImport.js

[2026-05-18T01:30:00.012Z] OrderImport: found 0 file(s)
OrderImport: nothing to do.

> eform@1.0.0 import:orders
> node scripts/runOrderImport.js

[2026-05-18T01:30:30.651Z] OrderImport: found 0 file(s)
OrderImport: nothing to do.

> eform@1.0.0 import:orders
> node scripts/runOrderImport.js

[2026-05-18T01:31:01.299Z] OrderImport: found 0 file(s)
OrderImport: nothing to do.

> eform@1.0.0 import:orders
> node scripts/runOrderImport.js

[2026-05-18T01:31:31.962Z] OrderImport: found 0 file(s)
OrderImport: nothing to do.

> eform@1.0.0 import:orders
> node scripts/runOrderImport.js

[2026-05-18T01:32:02.595Z] OrderImport: found 0 file(s)
OrderImport: nothing to do.

> eform@1.0.0 import:orders
> node scripts/runOrderImport.js

[2026-05-18T01:32:33.238Z] OrderImport: found 0 file(s)
OrderImport: nothing to do.

> eform@1.0.0 import:orders
> node scripts/runOrderImport.js

[2026-05-18T01:33:03.882Z] OrderImport: found 0 file(s)
OrderImport: nothing to do.

> eform@1.0.0 import:orders
> node scripts/runOrderImport.js

[2026-05-18T01:33:34.533Z] OrderImport: found 0 file(s)
OrderImport: nothing to do.

> eform@1.0.0 import:orders
> node scripts/runOrderImport.js

[2026-05-18T01:34:05.207Z] OrderImport: found 0 file(s)
OrderImport: nothing to do.

> eform@1.0.0 import:orders
> node scripts/runOrderImport.js

[2026-05-18T01:34:35.912Z] OrderImport: found 0 file(s)
OrderImport: nothing to do.

> eform@1.0.0 import:orders
> node scripts/runOrderImport.js

[2026-05-18T01:35:06.571Z] OrderImport: found 0 file(s)
OrderImport: nothing to do.

> eform@1.0.0 import:orders
> node scripts/runOrderImport.js

[2026-05-18T01:35:37.243Z] OrderImport: found 0 file(s)
OrderImport: nothing to do.

> eform@1.0.0 import:orders
> node scripts/runOrderImport.js

[2026-05-18T01:36:07.888Z] OrderImport: found 0 file(s)
OrderImport: nothing to do.

> eform@1.0.0 import:orders
> node scripts/runOrderImport.js

[2026-05-18T01:36:38.516Z] OrderImport: found 0 file(s)
OrderImport: nothing to do.

> eform@1.0.0 import:orders
> node scripts/runOrderImport.js

[2026-05-18T01:37:09.168Z] OrderImport: found 0 file(s)
OrderImport: nothing to do.

> eform@1.0.0 import:orders
> node scripts/runOrderImport.js

[2026-05-18T01:37:39.872Z] OrderImport: found 0 file(s)
OrderImport: nothing to do.

> eform@1.0.0 import:orders
> node scripts/runOrderImport.js

[2026-05-18T01:38:10.551Z] OrderImport: found 0 file(s)
OrderImport: nothing to do.

> eform@1.0.0 import:orders
> node scripts/runOrderImport.js

[2026-05-18T01:38:41.212Z] OrderImport: found 0 file(s)
OrderImport: nothing to do.

> eform@1.0.0 import:orders
> node scripts/runOrderImport.js

[2026-05-18T01:39:11.863Z] OrderImport: found 0 file(s)
OrderImport: nothing to do.

> eform@1.0.0 import:orders
> node scripts/runOrderImport.js

[2026-05-18T01:39:42.553Z] OrderImport: found 0 file(s)
OrderImport: nothing to do.

> eform@1.0.0 import:orders
> node scripts/runOrderImport.js

[2026-05-18T01:40:13.231Z] OrderImport: found 0 file(s)
OrderImport: nothing to do.

> eform@1.0.0 import:orders
> node scripts/runOrderImport.js

[2026-05-18T01:40:43.876Z] OrderImport: found 0 file(s)
OrderImport: nothing to do.

> eform@1.0.0 import:orders
> node scripts/runOrderImport.js

[2026-05-18T01:41:14.529Z] OrderImport: found 0 file(s)
OrderImport: nothing to do.

> eform@1.0.0 import:orders
> node scripts/runOrderImport.js

[2026-05-18T01:41:45.163Z] OrderImport: found 0 file(s)
OrderImport: nothing to do.

> eform@1.0.0 import:orders
> node scripts/runOrderImport.js

[2026-05-18T01:42:15.840Z] OrderImport: found 0 file(s)
OrderImport: nothing to do.

> eform@1.0.0 import:orders
> node scripts/runOrderImport.js

[2026-05-18T01:42:46.527Z] OrderImport: found 0 file(s)
OrderImport: nothing to do.

> eform@1.0.0 import:orders
> node scripts/runOrderImport.js

[2026-05-18T01:43:17.178Z] OrderImport: found 0 file(s)
OrderImport: nothing to do.

> eform@1.0.0 import:orders
> node scripts/runOrderImport.js

[2026-05-18T01:43:47.846Z] OrderImport: found 0 file(s)
OrderImport: nothing to do.

> eform@1.0.0 import:orders
> node scripts/runOrderImport.js

[2026-05-18T01:44:18.535Z] OrderImport: found 0 file(s)
OrderImport: nothing to do.

> eform@1.0.0 import:orders
> node scripts/runOrderImport.js

[2026-05-18T01:44:49.200Z] OrderImport: found 0 file(s)
OrderImport: nothing to do.

> eform@1.0.0 import:orders
> node scripts/runOrderImport.js

[2026-05-18T01:45:19.831Z] OrderImport: found 0 file(s)
OrderImport: nothing to do.

> eform@1.0.0 import:orders
> node scripts/runOrderImport.js

[2026-05-18T01:45:50.574Z] OrderImport: found 0 file(s)
OrderImport: nothing to do.

> eform@1.0.0 import:orders
> node scripts/runOrderImport.js

[2026-05-18T01:46:21.238Z] OrderImport: found 0 file(s)
OrderImport: nothing to do.

> eform@1.0.0 import:orders
> node scripts/runOrderImport.js

[2026-05-18T01:46:51.901Z] OrderImport: found 0 file(s)
OrderImport: nothing to do.

> eform@1.0.0 import:orders
> node scripts/runOrderImport.js

[2026-05-18T01:47:22.542Z] OrderImport: found 0 file(s)
OrderImport: nothing to do.

> eform@1.0.0 import:orders
> node scripts/runOrderImport.js

[2026-05-18T01:47:53.209Z] OrderImport: found 0 file(s)
OrderImport: nothing to do.

> eform@1.0.0 import:orders
> node scripts/runOrderImport.js

[2026-05-18T01:48:23.872Z] OrderImport: found 0 file(s)
OrderImport: nothing to do.

> eform@1.0.0 import:orders
> node scripts/runOrderImport.js

[2026-05-18T01:48:54.506Z] OrderImport: found 0 file(s)
OrderImport: nothing to do.

> eform@1.0.0 import:orders
> node scripts/runOrderImport.js

[2026-05-18T01:49:25.188Z] OrderImport: found 0 file(s)
OrderImport: nothing to do.

> eform@1.0.0 import:orders
> node scripts/runOrderImport.js

[2026-05-18T01:49:55.811Z] OrderImport: found 0 file(s)
OrderImport: nothing to do.

> eform@1.0.0 import:orders
> node scripts/runOrderImport.js

[2026-05-18T01:50:26.490Z] OrderImport: found 0 file(s)
OrderImport: nothing to do.

> eform@1.0.0 import:orders
> node scripts/runOrderImport.js

[2026-05-18T01:50:57.125Z] OrderImport: found 0 file(s)
OrderImport: nothing to do.

> eform@1.0.0 import:orders
> node scripts/runOrderImport.js

[2026-05-18T01:51:27.793Z] OrderImport: found 0 file(s)
OrderImport: nothing to do.

> eform@1.0.0 import:orders
> node scripts/runOrderImport.js

[2026-05-18T01:51:58.449Z] OrderImport: found 0 file(s)
OrderImport: nothing to do.

> eform@1.0.0 import:orders
> node scripts/runOrderImport.js

[2026-05-18T01:52:29.077Z] OrderImport: found 0 file(s)
OrderImport: nothing to do.

> eform@1.0.0 import:orders
> node scripts/runOrderImport.js

[2026-05-18T01:52:59.715Z] OrderImport: found 0 file(s)
OrderImport: nothing to do.

> eform@1.0.0 import:orders
> node scripts/runOrderImport.js

[2026-05-18T01:53:30.410Z] OrderImport: found 0 file(s)
OrderImport: nothing to do.

> eform@1.0.0 import:orders
> node scripts/runOrderImport.js

[2026-05-18T01:54:01.093Z] OrderImport: found 0 file(s)
OrderImport: nothing to do.

> eform@1.0.0 import:orders
> node scripts/runOrderImport.js

[2026-05-18T01:54:31.747Z] OrderImport: found 0 file(s)
OrderImport: nothing to do.

> eform@1.0.0 import:orders
> node scripts/runOrderImport.js

[2026-05-18T01:55:02.414Z] OrderImport: found 0 file(s)
OrderImport: nothing to do.

> eform@1.0.0 import:orders
> node scripts/runOrderImport.js

[2026-05-18T01:55:33.085Z] OrderImport: found 0 file(s)
OrderImport: nothing to do.

> eform@1.0.0 import:orders
> node scripts/runOrderImport.js

[2026-05-18T01:56:03.756Z] OrderImport: found 0 file(s)
OrderImport: nothing to do.

> eform@1.0.0 import:orders
> node scripts/runOrderImport.js

[2026-05-18T01:56:34.403Z] OrderImport: found 0 file(s)
OrderImport: nothing to do.

> eform@1.0.0 import:orders
> node scripts/runOrderImport.js

[2026-05-18T01:57:05.050Z] OrderImport: found 0 file(s)
OrderImport: nothing to do.

> eform@1.0.0 import:orders
> node scripts/runOrderImport.js

[2026-05-18T01:57:35.729Z] OrderImport: found 0 file(s)
OrderImport: nothing to do.

> eform@1.0.0 import:orders
> node scripts/runOrderImport.js

[2026-05-18T01:58:06.389Z] OrderImport: found 0 file(s)
OrderImport: nothing to do.

> eform@1.0.0 import:orders
> node scripts/runOrderImport.js

[2026-05-18T01:58:37.078Z] OrderImport: found 0 file(s)
OrderImport: nothing to do.

> eform@1.0.0 import:orders
> node scripts/runOrderImport.js

[2026-05-18T01:59:07.737Z] OrderImport: found 0 file(s)
OrderImport: nothing to do.

> eform@1.0.0 import:orders
> node scripts/runOrderImport.js

[2026-05-18T01:59:38.387Z] OrderImport: found 0 file(s)
OrderImport: nothing to do.

> eform@1.0.0 import:orders
> node scripts/runOrderImport.js

[2026-05-18T02:00:09.067Z] OrderImport: found 0 file(s)
OrderImport: nothing to do.

> eform@1.0.0 import:orders
> node scripts/runOrderImport.js

[2026-05-18T02:00:39.771Z] OrderImport: found 0 file(s)
OrderImport: nothing to do.

> eform@1.0.0 import:orders
> node scripts/runOrderImport.js

[2026-05-18T02:01:10.412Z] OrderImport: found 0 file(s)
OrderImport: nothing to do.

> eform@1.0.0 import:orders
> node scripts/runOrderImport.js

[2026-05-18T02:01:41.052Z] OrderImport: found 0 file(s)
OrderImport: nothing to do.

> eform@1.0.0 import:orders
> node scripts/runOrderImport.js

[2026-05-18T02:02:11.706Z] OrderImport: found 0 file(s)
OrderImport: nothing to do.

> eform@1.0.0 import:orders
> node scripts/runOrderImport.js

[2026-05-18T02:02:42.371Z] OrderImport: found 0 file(s)
OrderImport: nothing to do.

> eform@1.0.0 import:orders
> node scripts/runOrderImport.js

[2026-05-18T02:03:13.015Z] OrderImport: found 0 file(s)
OrderImport: nothing to do.

> eform@1.0.0 import:orders
> node scripts/runOrderImport.js

[2026-05-18T02:03:43.684Z] OrderImport: found 0 file(s)
OrderImport: nothing to do.

> eform@1.0.0 import:orders
> node scripts/runOrderImport.js

[2026-05-18T02:04:14.328Z] OrderImport: found 0 file(s)
OrderImport: nothing to do.

> eform@1.0.0 import:orders
> node scripts/runOrderImport.js

[2026-05-18T02:04:44.992Z] OrderImport: found 0 file(s)
OrderImport: nothing to do.

> eform@1.0.0 import:orders
> node scripts/runOrderImport.js

[2026-05-18T02:05:15.635Z] OrderImport: found 0 file(s)
OrderImport: nothing to do.

> eform@1.0.0 import:orders
> node scripts/runOrderImport.js

[2026-05-18T02:05:46.385Z] OrderImport: found 0 file(s)
OrderImport: nothing to do.

> eform@1.0.0 import:orders
> node scripts/runOrderImport.js

[2026-05-18T02:06:17.064Z] OrderImport: found 0 file(s)
OrderImport: nothing to do.

> eform@1.0.0 import:orders
> node scripts/runOrderImport.js

[2026-05-18T02:06:47.696Z] OrderImport: found 0 file(s)
OrderImport: nothing to do.

> eform@1.0.0 import:orders
> node scripts/runOrderImport.js

[2026-05-18T02:07:18.343Z] OrderImport: found 0 file(s)
OrderImport: nothing to do.

> eform@1.0.0 import:orders
> node scripts/runOrderImport.js

[2026-05-18T02:07:48.991Z] OrderImport: found 0 file(s)
OrderImport: nothing to do.

> eform@1.0.0 import:orders
> node scripts/runOrderImport.js

[2026-05-18T02:08:19.633Z] OrderImport: found 0 file(s)
OrderImport: nothing to do.

> eform@1.0.0 import:orders
> node scripts/runOrderImport.js

[2026-05-18T02:08:50.260Z] OrderImport: found 0 file(s)
OrderImport: nothing to do.

> eform@1.0.0 import:orders
> node scripts/runOrderImport.js

[2026-05-18T02:09:20.919Z] OrderImport: found 0 file(s)
OrderImport: nothing to do.

> eform@1.0.0 import:orders
> node scripts/runOrderImport.js

[2026-05-18T02:09:51.574Z] OrderImport: found 0 file(s)
OrderImport: nothing to do.

> eform@1.0.0 import:orders
> node scripts/runOrderImport.js

[2026-05-18T02:10:22.239Z] OrderImport: found 0 file(s)
OrderImport: nothing to do.

> eform@1.0.0 import:orders
> node scripts/runOrderImport.js

[2026-05-18T02:10:52.892Z] OrderImport: found 0 file(s)
OrderImport: nothing to do.

> eform@1.0.0 import:orders
> node scripts/runOrderImport.js

[2026-05-18T02:11:23.529Z] OrderImport: found 0 file(s)
OrderImport: nothing to do.

> eform@1.0.0 import:orders
> node scripts/runOrderImport.js

[2026-05-18T02:11:54.177Z] OrderImport: found 0 file(s)
OrderImport: nothing to do.

> eform@1.0.0 import:orders
> node scripts/runOrderImport.js

[2026-05-18T02:12:24.848Z] OrderImport: found 0 file(s)
OrderImport: nothing to do.

> eform@1.0.0 import:orders
> node scripts/runOrderImport.js

[2026-05-18T02:12:55.486Z] OrderImport: found 0 file(s)
OrderImport: nothing to do.

> eform@1.0.0 import:orders
> node scripts/runOrderImport.js

[2026-05-18T02:13:26.161Z] OrderImport: found 0 file(s)
OrderImport: nothing to do.

> eform@1.0.0 import:orders
> node scripts/runOrderImport.js

[2026-05-18T02:13:56.816Z] OrderImport: found 0 file(s)
OrderImport: nothing to do.

> eform@1.0.0 import:orders
> node scripts/runOrderImport.js

[2026-05-18T02:14:27.458Z] OrderImport: found 0 file(s)
OrderImport: nothing to do.

> eform@1.0.0 import:orders
> node scripts/runOrderImport.js

[2026-05-18T02:14:58.099Z] OrderImport: found 0 file(s)
OrderImport: nothing to do.

> eform@1.0.0 import:orders
> node scripts/runOrderImport.js

[2026-05-18T02:15:28.751Z] OrderImport: found 0 file(s)
OrderImport: nothing to do.

> eform@1.0.0 import:orders
> node scripts/runOrderImport.js

[2026-05-18T02:15:59.434Z] OrderImport: found 0 file(s)
OrderImport: nothing to do.

> eform@1.0.0 import:orders
> node scripts/runOrderImport.js

[2026-05-18T02:16:30.136Z] OrderImport: found 0 file(s)
OrderImport: nothing to do.

> eform@1.0.0 import:orders
> node scripts/runOrderImport.js

[2026-05-18T02:17:00.800Z] OrderImport: found 0 file(s)
OrderImport: nothing to do.

> eform@1.0.0 import:orders
> node scripts/runOrderImport.js

[2026-05-18T02:17:31.436Z] OrderImport: found 0 file(s)
OrderImport: nothing to do.

> eform@1.0.0 import:orders
> node scripts/runOrderImport.js

[2026-05-18T02:18:02.118Z] OrderImport: found 0 file(s)
OrderImport: nothing to do.

> eform@1.0.0 import:orders
> node scripts/runOrderImport.js

[2026-05-18T02:18:32.799Z] OrderImport: found 0 file(s)
OrderImport: nothing to do.

> eform@1.0.0 import:orders
> node scripts/runOrderImport.js

[2026-05-18T02:19:03.455Z] OrderImport: found 0 file(s)
OrderImport: nothing to do.

> eform@1.0.0 import:orders
> node scripts/runOrderImport.js

[2026-05-18T02:19:34.128Z] OrderImport: found 0 file(s)
OrderImport: nothing to do.

> eform@1.0.0 import:orders
> node scripts/runOrderImport.js

[2026-05-18T02:20:04.801Z] OrderImport: found 0 file(s)
OrderImport: nothing to do.

> eform@1.0.0 import:orders
> node scripts/runOrderImport.js

[2026-05-18T02:20:35.438Z] OrderImport: found 0 file(s)
OrderImport: nothing to do.

> eform@1.0.0 import:orders
> node scripts/runOrderImport.js

[2026-05-18T02:21:06.096Z] OrderImport: found 0 file(s)
OrderImport: nothing to do.

> eform@1.0.0 import:orders
> node scripts/runOrderImport.js

[2026-05-18T02:21:36.740Z] OrderImport: found 0 file(s)
OrderImport: nothing to do.

> eform@1.0.0 import:orders
> node scripts/runOrderImport.js

[2026-05-18T02:22:07.419Z] OrderImport: found 0 file(s)
OrderImport: nothing to do.

> eform@1.0.0 import:orders
> node scripts/runOrderImport.js

[2026-05-18T02:22:38.071Z] OrderImport: found 0 file(s)
OrderImport: nothing to do.

> eform@1.0.0 import:orders
> node scripts/runOrderImport.js

[2026-05-18T02:23:08.701Z] OrderImport: found 0 file(s)
OrderImport: nothing to do.

> eform@1.0.0 import:orders
> node scripts/runOrderImport.js

[2026-05-18T02:23:39.372Z] OrderImport: found 0 file(s)
OrderImport: nothing to do.

> eform@1.0.0 import:orders
> node scripts/runOrderImport.js

[2026-05-18T02:24:10.047Z] OrderImport: found 0 file(s)
OrderImport: nothing to do.

> eform@1.0.0 import:orders
> node scripts/runOrderImport.js

[2026-05-18T02:24:40.731Z] OrderImport: found 0 file(s)
OrderImport: nothing to do.

> eform@1.0.0 import:orders
> node scripts/runOrderImport.js

[2026-05-18T02:25:11.397Z] OrderImport: found 0 file(s)
OrderImport: nothing to do.

> eform@1.0.0 import:orders
> node scripts/runOrderImport.js

[2026-05-18T02:25:42.052Z] OrderImport: found 0 file(s)
OrderImport: nothing to do.

> eform@1.0.0 import:orders
> node scripts/runOrderImport.js

[2026-05-18T02:26:12.706Z] OrderImport: found 0 file(s)
OrderImport: nothing to do.

> eform@1.0.0 import:orders
> node scripts/runOrderImport.js

[2026-05-18T02:26:43.395Z] OrderImport: found 0 file(s)
OrderImport: nothing to do.

> eform@1.0.0 import:orders
> node scripts/runOrderImport.js

[2026-05-18T02:27:14.025Z] OrderImport: found 0 file(s)
OrderImport: nothing to do.

> eform@1.0.0 import:orders
> node scripts/runOrderImport.js

[2026-05-18T02:27:44.673Z] OrderImport: found 0 file(s)
OrderImport: nothing to do.

> eform@1.0.0 import:orders
> node scripts/runOrderImport.js

[2026-05-18T02:28:15.337Z] OrderImport: found 0 file(s)
OrderImport: nothing to do.

> eform@1.0.0 import:orders
> node scripts/runOrderImport.js

[2026-05-18T02:28:46.040Z] OrderImport: found 0 file(s)
OrderImport: nothing to do.

> eform@1.0.0 import:orders
> node scripts/runOrderImport.js

[2026-05-18T02:29:16.653Z] OrderImport: found 0 file(s)
OrderImport: nothing to do.

> eform@1.0.0 import:orders
> node scripts/runOrderImport.js

[2026-05-18T02:29:47.326Z] OrderImport: found 0 file(s)
OrderImport: nothing to do.

> eform@1.0.0 import:orders
> node scripts/runOrderImport.js

OrderImport crashed: Error: Timeout (control socket)
    at Socket.<anonymous> (/home/pawel/projects/eform-project/eform/node_modules/basic-ftp/dist/FtpContext.js:319:33)
    at Object.onceWrapper (node:events:621:28)
    at Socket.emit (node:events:507:28)
    at Socket._onTimeout (node:net:609:8)
    at listOnTimeout (node:internal/timers:611:17)
    at process.processTimers (node:internal/timers:546:7)

> eform@1.0.0 import:orders
> node scripts/runOrderImport.js

[2026-05-18T02:31:24.897Z] OrderImport: found 0 file(s)
OrderImport: nothing to do.

> eform@1.0.0 import:orders
> node scripts/runOrderImport.js

[2026-05-18T02:31:55.543Z] OrderImport: found 0 file(s)
OrderImport: nothing to do.

> eform@1.0.0 import:orders
> node scripts/runOrderImport.js

[2026-05-18T02:32:26.208Z] OrderImport: found 0 file(s)
OrderImport: nothing to do.

> eform@1.0.0 import:orders
> node scripts/runOrderImport.js

[2026-05-18T02:32:56.861Z] OrderImport: found 0 file(s)
OrderImport: nothing to do.

> eform@1.0.0 import:orders
> node scripts/runOrderImport.js

[2026-05-18T02:33:27.509Z] OrderImport: found 0 file(s)
OrderImport: nothing to do.

> eform@1.0.0 import:orders
> node scripts/runOrderImport.js

[2026-05-18T02:33:58.170Z] OrderImport: found 0 file(s)
OrderImport: nothing to do.

> eform@1.0.0 import:orders
> node scripts/runOrderImport.js

[2026-05-18T02:34:28.822Z] OrderImport: found 0 file(s)
OrderImport: nothing to do.

> eform@1.0.0 import:orders
> node scripts/runOrderImport.js

[2026-05-18T02:34:59.476Z] OrderImport: found 0 file(s)
OrderImport: nothing to do.

> eform@1.0.0 import:orders
> node scripts/runOrderImport.js

[2026-05-18T02:35:30.182Z] OrderImport: found 0 file(s)
OrderImport: nothing to do.

> eform@1.0.0 import:orders
> node scripts/runOrderImport.js

[2026-05-18T02:36:00.825Z] OrderImport: found 0 file(s)
OrderImport: nothing to do.

> eform@1.0.0 import:orders
> node scripts/runOrderImport.js

[2026-05-18T02:36:31.475Z] OrderImport: found 0 file(s)
OrderImport: nothing to do.

> eform@1.0.0 import:orders
> node scripts/runOrderImport.js

[2026-05-18T02:37:02.115Z] OrderImport: found 0 file(s)
OrderImport: nothing to do.

> eform@1.0.0 import:orders
> node scripts/runOrderImport.js

[2026-05-18T02:37:32.763Z] OrderImport: found 0 file(s)
OrderImport: nothing to do.

> eform@1.0.0 import:orders
> node scripts/runOrderImport.js

[2026-05-18T02:38:03.418Z] OrderImport: found 0 file(s)
OrderImport: nothing to do.

> eform@1.0.0 import:orders
> node scripts/runOrderImport.js

[2026-05-18T02:38:34.081Z] OrderImport: found 0 file(s)
OrderImport: nothing to do.

> eform@1.0.0 import:orders
> node scripts/runOrderImport.js

[2026-05-18T02:39:04.730Z] OrderImport: found 0 file(s)
OrderImport: nothing to do.

> eform@1.0.0 import:orders
> node scripts/runOrderImport.js

[2026-05-18T02:39:35.385Z] OrderImport: found 0 file(s)
OrderImport: nothing to do.

> eform@1.0.0 import:orders
> node scripts/runOrderImport.js

[2026-05-18T02:40:06.055Z] OrderImport: found 0 file(s)
OrderImport: nothing to do.

> eform@1.0.0 import:orders
> node scripts/runOrderImport.js

[2026-05-18T02:40:36.698Z] OrderImport: found 0 file(s)
OrderImport: nothing to do.

> eform@1.0.0 import:orders
> node scripts/runOrderImport.js

[2026-05-18T02:41:07.373Z] OrderImport: found 0 file(s)
OrderImport: nothing to do.

> eform@1.0.0 import:orders
> node scripts/runOrderImport.js

[2026-05-18T02:41:38.011Z] OrderImport: found 0 file(s)
OrderImport: nothing to do.

> eform@1.0.0 import:orders
> node scripts/runOrderImport.js

[2026-05-18T02:42:08.663Z] OrderImport: found 0 file(s)
OrderImport: nothing to do.

> eform@1.0.0 import:orders
> node scripts/runOrderImport.js

[2026-05-18T02:42:39.323Z] OrderImport: found 0 file(s)
OrderImport: nothing to do.

> eform@1.0.0 import:orders
> node scripts/runOrderImport.js

[2026-05-18T02:43:09.963Z] OrderImport: found 0 file(s)
OrderImport: nothing to do.

> eform@1.0.0 import:orders
> node scripts/runOrderImport.js

[2026-05-18T02:43:40.616Z] OrderImport: found 0 file(s)
OrderImport: nothing to do.

> eform@1.0.0 import:orders
> node scripts/runOrderImport.js

[2026-05-18T02:44:11.276Z] OrderImport: found 0 file(s)
OrderImport: nothing to do.

> eform@1.0.0 import:orders
> node scripts/runOrderImport.js

[2026-05-18T02:44:41.933Z] OrderImport: found 0 file(s)
OrderImport: nothing to do.

> eform@1.0.0 import:orders
> node scripts/runOrderImport.js

[2026-05-18T02:45:12.582Z] OrderImport: found 0 file(s)
OrderImport: nothing to do.

> eform@1.0.0 import:orders
> node scripts/runOrderImport.js

[2026-05-18T02:45:43.257Z] OrderImport: found 0 file(s)
OrderImport: nothing to do.

> eform@1.0.0 import:orders
> node scripts/runOrderImport.js

[2026-05-18T02:46:13.964Z] OrderImport: found 0 file(s)
OrderImport: nothing to do.

> eform@1.0.0 import:orders
> node scripts/runOrderImport.js

[2026-05-18T02:46:44.691Z] OrderImport: found 0 file(s)
OrderImport: nothing to do.

> eform@1.0.0 import:orders
> node scripts/runOrderImport.js

[2026-05-18T02:47:15.408Z] OrderImport: found 0 file(s)
OrderImport: nothing to do.

> eform@1.0.0 import:orders
> node scripts/runOrderImport.js

[2026-05-18T02:47:46.082Z] OrderImport: found 0 file(s)
OrderImport: nothing to do.

> eform@1.0.0 import:orders
> node scripts/runOrderImport.js

[2026-05-18T02:48:16.714Z] OrderImport: found 0 file(s)
OrderImport: nothing to do.

> eform@1.0.0 import:orders
> node scripts/runOrderImport.js

[2026-05-18T02:48:47.372Z] OrderImport: found 0 file(s)
OrderImport: nothing to do.

> eform@1.0.0 import:orders
> node scripts/runOrderImport.js

[2026-05-18T02:49:18.014Z] OrderImport: found 0 file(s)
OrderImport: nothing to do.

> eform@1.0.0 import:orders
> node scripts/runOrderImport.js

[2026-05-18T02:49:48.688Z] OrderImport: found 0 file(s)
OrderImport: nothing to do.

> eform@1.0.0 import:orders
> node scripts/runOrderImport.js

[2026-05-18T02:50:19.349Z] OrderImport: found 0 file(s)
OrderImport: nothing to do.

> eform@1.0.0 import:orders
> node scripts/runOrderImport.js

[2026-05-18T02:50:49.988Z] OrderImport: found 0 file(s)
OrderImport: nothing to do.

> eform@1.0.0 import:orders
> node scripts/runOrderImport.js

[2026-05-18T02:51:20.614Z] OrderImport: found 0 file(s)
OrderImport: nothing to do.

> eform@1.0.0 import:orders
> node scripts/runOrderImport.js

[2026-05-18T02:51:51.278Z] OrderImport: found 0 file(s)
OrderImport: nothing to do.

> eform@1.0.0 import:orders
> node scripts/runOrderImport.js

[2026-05-18T02:52:21.914Z] OrderImport: found 0 file(s)
OrderImport: nothing to do.

> eform@1.0.0 import:orders
> node scripts/runOrderImport.js

[2026-05-18T02:52:52.584Z] OrderImport: found 0 file(s)
OrderImport: nothing to do.

> eform@1.0.0 import:orders
> node scripts/runOrderImport.js

[2026-05-18T02:53:23.248Z] OrderImport: found 0 file(s)
OrderImport: nothing to do.

> eform@1.0.0 import:orders
> node scripts/runOrderImport.js

[2026-05-18T02:53:53.895Z] OrderImport: found 0 file(s)
OrderImport: nothing to do.

> eform@1.0.0 import:orders
> node scripts/runOrderImport.js

[2026-05-18T02:54:24.550Z] OrderImport: found 0 file(s)
OrderImport: nothing to do.

> eform@1.0.0 import:orders
> node scripts/runOrderImport.js

[2026-05-18T02:54:55.184Z] OrderImport: found 0 file(s)
OrderImport: nothing to do.

> eform@1.0.0 import:orders
> node scripts/runOrderImport.js

[2026-05-18T02:55:25.804Z] OrderImport: found 0 file(s)
OrderImport: nothing to do.

> eform@1.0.0 import:orders
> node scripts/runOrderImport.js

[2026-05-18T02:55:56.460Z] OrderImport: found 0 file(s)
OrderImport: nothing to do.

> eform@1.0.0 import:orders
> node scripts/runOrderImport.js

[2026-05-18T02:56:27.107Z] OrderImport: found 0 file(s)
OrderImport: nothing to do.

> eform@1.0.0 import:orders
> node scripts/runOrderImport.js

[2026-05-18T02:56:57.800Z] OrderImport: found 0 file(s)
OrderImport: nothing to do.

> eform@1.0.0 import:orders
> node scripts/runOrderImport.js

[2026-05-18T02:57:28.469Z] OrderImport: found 0 file(s)
OrderImport: nothing to do.

> eform@1.0.0 import:orders
> node scripts/runOrderImport.js

[2026-05-18T02:57:59.113Z] OrderImport: found 0 file(s)
OrderImport: nothing to do.

> eform@1.0.0 import:orders
> node scripts/runOrderImport.js

[2026-05-18T02:58:29.752Z] OrderImport: found 0 file(s)
OrderImport: nothing to do.

> eform@1.0.0 import:orders
> node scripts/runOrderImport.js

[2026-05-18T02:59:00.401Z] OrderImport: found 0 file(s)
OrderImport: nothing to do.

> eform@1.0.0 import:orders
> node scripts/runOrderImport.js

[2026-05-18T02:59:31.042Z] OrderImport: found 0 file(s)
OrderImport: nothing to do.

> eform@1.0.0 import:orders
> node scripts/runOrderImport.js

[2026-05-18T03:00:01.823Z] OrderImport: found 0 file(s)
OrderImport: nothing to do.

> eform@1.0.0 import:orders
> node scripts/runOrderImport.js

[2026-05-18T03:00:32.505Z] OrderImport: found 0 file(s)
OrderImport: nothing to do.

> eform@1.0.0 import:orders
> node scripts/runOrderImport.js

[2026-05-18T03:01:03.155Z] OrderImport: found 0 file(s)
OrderImport: nothing to do.

> eform@1.0.0 import:orders
> node scripts/runOrderImport.js

[2026-05-18T03:01:33.823Z] OrderImport: found 0 file(s)
OrderImport: nothing to do.

> eform@1.0.0 import:orders
> node scripts/runOrderImport.js

[2026-05-18T03:02:04.475Z] OrderImport: found 0 file(s)
OrderImport: nothing to do.

> eform@1.0.0 import:orders
> node scripts/runOrderImport.js

[2026-05-18T03:02:35.143Z] OrderImport: found 0 file(s)
OrderImport: nothing to do.

> eform@1.0.0 import:orders
> node scripts/runOrderImport.js

[2026-05-18T03:03:05.806Z] OrderImport: found 0 file(s)
OrderImport: nothing to do.

> eform@1.0.0 import:orders
> node scripts/runOrderImport.js

[2026-05-18T03:03:36.438Z] OrderImport: found 0 file(s)
OrderImport: nothing to do.

> eform@1.0.0 import:orders
> node scripts/runOrderImport.js

[2026-05-18T03:04:07.087Z] OrderImport: found 0 file(s)
OrderImport: nothing to do.

> eform@1.0.0 import:orders
> node scripts/runOrderImport.js

[2026-05-18T03:04:37.860Z] OrderImport: found 0 file(s)
OrderImport: nothing to do.

> eform@1.0.0 import:orders
> node scripts/runOrderImport.js

[2026-05-18T03:05:08.522Z] OrderImport: found 0 file(s)
OrderImport: nothing to do.

> eform@1.0.0 import:orders
> node scripts/runOrderImport.js

[2026-05-18T03:05:39.170Z] OrderImport: found 0 file(s)
OrderImport: nothing to do.

> eform@1.0.0 import:orders
> node scripts/runOrderImport.js

[2026-05-18T03:06:09.822Z] OrderImport: found 0 file(s)
OrderImport: nothing to do.

> eform@1.0.0 import:orders
> node scripts/runOrderImport.js

[2026-05-18T03:06:40.457Z] OrderImport: found 0 file(s)
OrderImport: nothing to do.

> eform@1.0.0 import:orders
> node scripts/runOrderImport.js

[2026-05-18T03:07:11.109Z] OrderImport: found 0 file(s)
OrderImport: nothing to do.

> eform@1.0.0 import:orders
> node scripts/runOrderImport.js

[2026-05-18T03:07:41.761Z] OrderImport: found 0 file(s)
OrderImport: nothing to do.

> eform@1.0.0 import:orders
> node scripts/runOrderImport.js

[2026-05-18T03:08:12.423Z] OrderImport: found 0 file(s)
OrderImport: nothing to do.

> eform@1.0.0 import:orders
> node scripts/runOrderImport.js

[2026-05-18T03:08:43.072Z] OrderImport: found 0 file(s)
OrderImport: nothing to do.

> eform@1.0.0 import:orders
> node scripts/runOrderImport.js

[2026-05-18T03:09:13.732Z] OrderImport: found 0 file(s)
OrderImport: nothing to do.

> eform@1.0.0 import:orders
> node scripts/runOrderImport.js

[2026-05-18T03:09:44.402Z] OrderImport: found 0 file(s)
OrderImport: nothing to do.

> eform@1.0.0 import:orders
> node scripts/runOrderImport.js

[2026-05-18T03:10:15.058Z] OrderImport: found 0 file(s)
OrderImport: nothing to do.

> eform@1.0.0 import:orders
> node scripts/runOrderImport.js

[2026-05-18T03:10:45.745Z] OrderImport: found 0 file(s)
OrderImport: nothing to do.

> eform@1.0.0 import:orders
> node scripts/runOrderImport.js

[2026-05-18T03:11:16.426Z] OrderImport: found 0 file(s)
OrderImport: nothing to do.

> eform@1.0.0 import:orders
> node scripts/runOrderImport.js

[2026-05-18T03:11:47.081Z] OrderImport: found 0 file(s)
OrderImport: nothing to do.

> eform@1.0.0 import:orders
> node scripts/runOrderImport.js

[2026-05-18T03:12:17.744Z] OrderImport: found 0 file(s)
OrderImport: nothing to do.

> eform@1.0.0 import:orders
> node scripts/runOrderImport.js

[2026-05-18T03:12:48.401Z] OrderImport: found 0 file(s)
OrderImport: nothing to do.

> eform@1.0.0 import:orders
> node scripts/runOrderImport.js

[2026-05-18T03:13:19.077Z] OrderImport: found 0 file(s)
OrderImport: nothing to do.

> eform@1.0.0 import:orders
> node scripts/runOrderImport.js

[2026-05-18T03:13:49.731Z] OrderImport: found 0 file(s)
OrderImport: nothing to do.

> eform@1.0.0 import:orders
> node scripts/runOrderImport.js

[2026-05-18T03:14:20.367Z] OrderImport: found 0 file(s)
OrderImport: nothing to do.

> eform@1.0.0 import:orders
> node scripts/runOrderImport.js

[2026-05-18T03:14:51.059Z] OrderImport: found 0 file(s)
OrderImport: nothing to do.

> eform@1.0.0 import:orders
> node scripts/runOrderImport.js

[2026-05-18T03:15:21.717Z] OrderImport: found 0 file(s)
OrderImport: nothing to do.

> eform@1.0.0 import:orders
> node scripts/runOrderImport.js

[2026-05-18T03:15:52.372Z] OrderImport: found 0 file(s)
OrderImport: nothing to do.

> eform@1.0.0 import:orders
> node scripts/runOrderImport.js

[2026-05-18T03:16:23.043Z] OrderImport: found 0 file(s)
OrderImport: nothing to do.

> eform@1.0.0 import:orders
> node scripts/runOrderImport.js

[2026-05-18T03:16:53.692Z] OrderImport: found 0 file(s)
OrderImport: nothing to do.

> eform@1.0.0 import:orders
> node scripts/runOrderImport.js

[2026-05-18T03:17:24.375Z] OrderImport: found 0 file(s)
OrderImport: nothing to do.

> eform@1.0.0 import:orders
> node scripts/runOrderImport.js

[2026-05-18T03:17:55.023Z] OrderImport: found 0 file(s)
OrderImport: nothing to do.

> eform@1.0.0 import:orders
> node scripts/runOrderImport.js

[2026-05-18T03:18:25.676Z] OrderImport: found 0 file(s)
OrderImport: nothing to do.

> eform@1.0.0 import:orders
> node scripts/runOrderImport.js

[2026-05-18T03:18:56.330Z] OrderImport: found 0 file(s)
OrderImport: nothing to do.

> eform@1.0.0 import:orders
> node scripts/runOrderImport.js

[2026-05-18T03:19:27.015Z] OrderImport: found 0 file(s)
OrderImport: nothing to do.

> eform@1.0.0 import:orders
> node scripts/runOrderImport.js

[2026-05-18T03:19:57.707Z] OrderImport: found 0 file(s)
OrderImport: nothing to do.

> eform@1.0.0 import:orders
> node scripts/runOrderImport.js

[2026-05-18T03:20:28.384Z] OrderImport: found 0 file(s)
OrderImport: nothing to do.

> eform@1.0.0 import:orders
> node scripts/runOrderImport.js

[2026-05-18T03:20:59.046Z] OrderImport: found 0 file(s)
OrderImport: nothing to do.

> eform@1.0.0 import:orders
> node scripts/runOrderImport.js

[2026-05-18T03:21:29.700Z] OrderImport: found 0 file(s)
OrderImport: nothing to do.

> eform@1.0.0 import:orders
> node scripts/runOrderImport.js

[2026-05-18T03:22:00.346Z] OrderImport: found 0 file(s)
OrderImport: nothing to do.

> eform@1.0.0 import:orders
> node scripts/runOrderImport.js

[2026-05-18T03:22:31.023Z] OrderImport: found 0 file(s)
OrderImport: nothing to do.

> eform@1.0.0 import:orders
> node scripts/runOrderImport.js

[2026-05-18T03:23:01.672Z] OrderImport: found 0 file(s)
OrderImport: nothing to do.

> eform@1.0.0 import:orders
> node scripts/runOrderImport.js

[2026-05-18T03:23:32.331Z] OrderImport: found 0 file(s)
OrderImport: nothing to do.

> eform@1.0.0 import:orders
> node scripts/runOrderImport.js

[2026-05-18T03:24:03.014Z] OrderImport: found 0 file(s)
OrderImport: nothing to do.

> eform@1.0.0 import:orders
> node scripts/runOrderImport.js

[2026-05-18T03:24:33.659Z] OrderImport: found 0 file(s)
OrderImport: nothing to do.

> eform@1.0.0 import:orders
> node scripts/runOrderImport.js

[2026-05-18T03:25:04.341Z] OrderImport: found 0 file(s)
OrderImport: nothing to do.

> eform@1.0.0 import:orders
> node scripts/runOrderImport.js

[2026-05-18T03:25:35.001Z] OrderImport: found 0 file(s)
OrderImport: nothing to do.

> eform@1.0.0 import:orders
> node scripts/runOrderImport.js

[2026-05-18T03:26:05.694Z] OrderImport: found 0 file(s)
OrderImport: nothing to do.

> eform@1.0.0 import:orders
> node scripts/runOrderImport.js

[2026-05-18T03:26:36.352Z] OrderImport: found 0 file(s)
OrderImport: nothing to do.

> eform@1.0.0 import:orders
> node scripts/runOrderImport.js

[2026-05-18T03:27:07.017Z] OrderImport: found 0 file(s)
OrderImport: nothing to do.

> eform@1.0.0 import:orders
> node scripts/runOrderImport.js

[2026-05-18T03:27:37.661Z] OrderImport: found 0 file(s)
OrderImport: nothing to do.

> eform@1.0.0 import:orders
> node scripts/runOrderImport.js

[2026-05-18T03:28:08.348Z] OrderImport: found 0 file(s)
OrderImport: nothing to do.

> eform@1.0.0 import:orders
> node scripts/runOrderImport.js

[2026-05-18T03:28:38.993Z] OrderImport: found 0 file(s)
OrderImport: nothing to do.

> eform@1.0.0 import:orders
> node scripts/runOrderImport.js

[2026-05-18T03:29:09.655Z] OrderImport: found 0 file(s)
OrderImport: nothing to do.

> eform@1.0.0 import:orders
> node scripts/runOrderImport.js

[2026-05-18T03:29:40.298Z] OrderImport: found 0 file(s)
OrderImport: nothing to do.

> eform@1.0.0 import:orders
> node scripts/runOrderImport.js

[2026-05-18T03:30:10.947Z] OrderImport: found 0 file(s)
OrderImport: nothing to do.

> eform@1.0.0 import:orders
> node scripts/runOrderImport.js

[2026-05-18T03:30:41.648Z] OrderImport: found 0 file(s)
OrderImport: nothing to do.

> eform@1.0.0 import:orders
> node scripts/runOrderImport.js

[2026-05-18T03:31:12.297Z] OrderImport: found 0 file(s)
OrderImport: nothing to do.

> eform@1.0.0 import:orders
> node scripts/runOrderImport.js

[2026-05-18T03:31:42.948Z] OrderImport: found 0 file(s)
OrderImport: nothing to do.

> eform@1.0.0 import:orders
> node scripts/runOrderImport.js

[2026-05-18T03:32:13.629Z] OrderImport: found 0 file(s)
OrderImport: nothing to do.

> eform@1.0.0 import:orders
> node scripts/runOrderImport.js

[2026-05-18T03:32:44.286Z] OrderImport: found 0 file(s)
OrderImport: nothing to do.

> eform@1.0.0 import:orders
> node scripts/runOrderImport.js

[2026-05-18T03:33:14.969Z] OrderImport: found 0 file(s)
OrderImport: nothing to do.

> eform@1.0.0 import:orders
> node scripts/runOrderImport.js

[2026-05-18T03:33:45.621Z] OrderImport: found 0 file(s)
OrderImport: nothing to do.

> eform@1.0.0 import:orders
> node scripts/runOrderImport.js

[2026-05-18T03:34:16.236Z] OrderImport: found 0 file(s)
OrderImport: nothing to do.

> eform@1.0.0 import:orders
> node scripts/runOrderImport.js

[2026-05-18T03:34:46.886Z] OrderImport: found 0 file(s)
OrderImport: nothing to do.

> eform@1.0.0 import:orders
> node scripts/runOrderImport.js

[2026-05-18T03:35:17.531Z] OrderImport: found 0 file(s)
OrderImport: nothing to do.

> eform@1.0.0 import:orders
> node scripts/runOrderImport.js

[2026-05-18T03:35:48.186Z] OrderImport: found 0 file(s)
OrderImport: nothing to do.

> eform@1.0.0 import:orders
> node scripts/runOrderImport.js

[2026-05-18T03:36:18.843Z] OrderImport: found 0 file(s)
OrderImport: nothing to do.

> eform@1.0.0 import:orders
> node scripts/runOrderImport.js

[2026-05-18T03:36:49.521Z] OrderImport: found 0 file(s)
OrderImport: nothing to do.

> eform@1.0.0 import:orders
> node scripts/runOrderImport.js

[2026-05-18T03:37:20.166Z] OrderImport: found 0 file(s)
OrderImport: nothing to do.

> eform@1.0.0 import:orders
> node scripts/runOrderImport.js

[2026-05-18T03:37:50.811Z] OrderImport: found 0 file(s)
OrderImport: nothing to do.

> eform@1.0.0 import:orders
> node scripts/runOrderImport.js

[2026-05-18T03:38:21.457Z] OrderImport: found 0 file(s)
OrderImport: nothing to do.

> eform@1.0.0 import:orders
> node scripts/runOrderImport.js

[2026-05-18T03:38:52.113Z] OrderImport: found 0 file(s)
OrderImport: nothing to do.

> eform@1.0.0 import:orders
> node scripts/runOrderImport.js

[2026-05-18T03:39:22.764Z] OrderImport: found 0 file(s)
OrderImport: nothing to do.

> eform@1.0.0 import:orders
> node scripts/runOrderImport.js

[2026-05-18T03:39:53.393Z] OrderImport: found 0 file(s)
OrderImport: nothing to do.

> eform@1.0.0 import:orders
> node scripts/runOrderImport.js

[2026-05-18T03:40:24.056Z] OrderImport: found 0 file(s)
OrderImport: nothing to do.

> eform@1.0.0 import:orders
> node scripts/runOrderImport.js

[2026-05-18T03:40:54.724Z] OrderImport: found 0 file(s)
OrderImport: nothing to do.

> eform@1.0.0 import:orders
> node scripts/runOrderImport.js

[2026-05-18T03:41:25.374Z] OrderImport: found 0 file(s)
OrderImport: nothing to do.

> eform@1.0.0 import:orders
> node scripts/runOrderImport.js

[2026-05-18T03:41:56.021Z] OrderImport: found 0 file(s)
OrderImport: nothing to do.

> eform@1.0.0 import:orders
> node scripts/runOrderImport.js

[2026-05-18T03:42:26.676Z] OrderImport: found 0 file(s)
OrderImport: nothing to do.

> eform@1.0.0 import:orders
> node scripts/runOrderImport.js

[2026-05-18T03:42:57.329Z] OrderImport: found 0 file(s)
OrderImport: nothing to do.

> eform@1.0.0 import:orders
> node scripts/runOrderImport.js

[2026-05-18T03:43:27.988Z] OrderImport: found 0 file(s)
OrderImport: nothing to do.

> eform@1.0.0 import:orders
> node scripts/runOrderImport.js

[2026-05-18T03:43:58.635Z] OrderImport: found 0 file(s)
OrderImport: nothing to do.

> eform@1.0.0 import:orders
> node scripts/runOrderImport.js

[2026-05-18T03:44:29.314Z] OrderImport: found 0 file(s)
OrderImport: nothing to do.

> eform@1.0.0 import:orders
> node scripts/runOrderImport.js

[2026-05-18T03:44:59.976Z] OrderImport: found 0 file(s)
OrderImport: nothing to do.

> eform@1.0.0 import:orders
> node scripts/runOrderImport.js

[2026-05-18T03:45:30.633Z] OrderImport: found 0 file(s)
OrderImport: nothing to do.

> eform@1.0.0 import:orders
> node scripts/runOrderImport.js

[2026-05-18T03:46:01.284Z] OrderImport: found 0 file(s)
OrderImport: nothing to do.

> eform@1.0.0 import:orders
> node scripts/runOrderImport.js

[2026-05-18T03:46:31.958Z] OrderImport: found 0 file(s)
OrderImport: nothing to do.

> eform@1.0.0 import:orders
> node scripts/runOrderImport.js

[2026-05-18T03:47:02.628Z] OrderImport: found 0 file(s)
OrderImport: nothing to do.

> eform@1.0.0 import:orders
> node scripts/runOrderImport.js

[2026-05-18T03:47:33.266Z] OrderImport: found 0 file(s)
OrderImport: nothing to do.

> eform@1.0.0 import:orders
> node scripts/runOrderImport.js

[2026-05-18T03:48:03.920Z] OrderImport: found 0 file(s)
OrderImport: nothing to do.

> eform@1.0.0 import:orders
> node scripts/runOrderImport.js

[2026-05-18T03:48:34.612Z] OrderImport: found 0 file(s)
OrderImport: nothing to do.

> eform@1.0.0 import:orders
> node scripts/runOrderImport.js

[2026-05-18T03:49:05.266Z] OrderImport: found 0 file(s)
OrderImport: nothing to do.

> eform@1.0.0 import:orders
> node scripts/runOrderImport.js

[2026-05-18T03:49:35.959Z] OrderImport: found 0 file(s)
OrderImport: nothing to do.

> eform@1.0.0 import:orders
> node scripts/runOrderImport.js

[2026-05-18T03:50:06.610Z] OrderImport: found 0 file(s)
OrderImport: nothing to do.

> eform@1.0.0 import:orders
> node scripts/runOrderImport.js

[2026-05-18T03:50:37.279Z] OrderImport: found 0 file(s)
OrderImport: nothing to do.

> eform@1.0.0 import:orders
> node scripts/runOrderImport.js

[2026-05-18T03:51:07.933Z] OrderImport: found 0 file(s)
OrderImport: nothing to do.

> eform@1.0.0 import:orders
> node scripts/runOrderImport.js

[2026-05-18T03:51:38.606Z] OrderImport: found 0 file(s)
OrderImport: nothing to do.

> eform@1.0.0 import:orders
> node scripts/runOrderImport.js

[2026-05-18T03:52:09.259Z] OrderImport: found 0 file(s)
OrderImport: nothing to do.

> eform@1.0.0 import:orders
> node scripts/runOrderImport.js

[2026-05-18T03:52:39.947Z] OrderImport: found 0 file(s)
OrderImport: nothing to do.

> eform@1.0.0 import:orders
> node scripts/runOrderImport.js

[2026-05-18T03:53:10.605Z] OrderImport: found 0 file(s)
OrderImport: nothing to do.

> eform@1.0.0 import:orders
> node scripts/runOrderImport.js

[2026-05-18T03:53:41.275Z] OrderImport: found 0 file(s)
OrderImport: nothing to do.

> eform@1.0.0 import:orders
> node scripts/runOrderImport.js

[2026-05-18T03:54:11.970Z] OrderImport: found 0 file(s)
OrderImport: nothing to do.

> eform@1.0.0 import:orders
> node scripts/runOrderImport.js

[2026-05-18T03:54:42.615Z] OrderImport: found 0 file(s)
OrderImport: nothing to do.

> eform@1.0.0 import:orders
> node scripts/runOrderImport.js

[2026-05-18T03:55:13.269Z] OrderImport: found 0 file(s)
OrderImport: nothing to do.

> eform@1.0.0 import:orders
> node scripts/runOrderImport.js

[2026-05-18T03:55:43.936Z] OrderImport: found 0 file(s)
OrderImport: nothing to do.

> eform@1.0.0 import:orders
> node scripts/runOrderImport.js

[2026-05-18T03:56:14.631Z] OrderImport: found 0 file(s)
OrderImport: nothing to do.

> eform@1.0.0 import:orders
> node scripts/runOrderImport.js

[2026-05-18T03:56:45.292Z] OrderImport: found 0 file(s)
OrderImport: nothing to do.

> eform@1.0.0 import:orders
> node scripts/runOrderImport.js

[2026-05-18T03:57:15.958Z] OrderImport: found 0 file(s)
OrderImport: nothing to do.

> eform@1.0.0 import:orders
> node scripts/runOrderImport.js

[2026-05-18T03:57:46.601Z] OrderImport: found 0 file(s)
OrderImport: nothing to do.

> eform@1.0.0 import:orders
> node scripts/runOrderImport.js

[2026-05-18T03:58:17.250Z] OrderImport: found 0 file(s)
OrderImport: nothing to do.

> eform@1.0.0 import:orders
> node scripts/runOrderImport.js

[2026-05-18T03:58:47.941Z] OrderImport: found 0 file(s)
OrderImport: nothing to do.

> eform@1.0.0 import:orders
> node scripts/runOrderImport.js

[2026-05-18T03:59:18.610Z] OrderImport: found 0 file(s)
OrderImport: nothing to do.

> eform@1.0.0 import:orders
> node scripts/runOrderImport.js

[2026-05-18T03:59:49.306Z] OrderImport: found 0 file(s)
OrderImport: nothing to do.

> eform@1.0.0 import:orders
> node scripts/runOrderImport.js

[2026-05-18T04:00:19.975Z] OrderImport: found 0 file(s)
OrderImport: nothing to do.

> eform@1.0.0 import:orders
> node scripts/runOrderImport.js

[2026-05-18T04:00:50.644Z] OrderImport: found 0 file(s)
OrderImport: nothing to do.

> eform@1.0.0 import:orders
> node scripts/runOrderImport.js

[2026-05-18T04:01:21.322Z] OrderImport: found 0 file(s)
OrderImport: nothing to do.

> eform@1.0.0 import:orders
> node scripts/runOrderImport.js

[2026-05-18T04:01:52.044Z] OrderImport: found 0 file(s)
OrderImport: nothing to do.

> eform@1.0.0 import:orders
> node scripts/runOrderImport.js

[2026-05-18T04:02:22.696Z] OrderImport: found 0 file(s)
OrderImport: nothing to do.

> eform@1.0.0 import:orders
> node scripts/runOrderImport.js

[2026-05-18T04:02:53.321Z] OrderImport: found 0 file(s)
OrderImport: nothing to do.

> eform@1.0.0 import:orders
> node scripts/runOrderImport.js

[2026-05-18T04:03:23.968Z] OrderImport: found 0 file(s)
OrderImport: nothing to do.

> eform@1.0.0 import:orders
> node scripts/runOrderImport.js

[2026-05-18T04:03:54.621Z] OrderImport: found 0 file(s)
OrderImport: nothing to do.

> eform@1.0.0 import:orders
> node scripts/runOrderImport.js

[2026-05-18T04:04:25.253Z] OrderImport: found 0 file(s)
OrderImport: nothing to do.

> eform@1.0.0 import:orders
> node scripts/runOrderImport.js

[2026-05-18T04:04:55.908Z] OrderImport: found 0 file(s)
OrderImport: nothing to do.

> eform@1.0.0 import:orders
> node scripts/runOrderImport.js

[2026-05-18T04:05:26.531Z] OrderImport: found 0 file(s)
OrderImport: nothing to do.

> eform@1.0.0 import:orders
> node scripts/runOrderImport.js

[2026-05-18T04:05:57.180Z] OrderImport: found 0 file(s)
OrderImport: nothing to do.

> eform@1.0.0 import:orders
> node scripts/runOrderImport.js

[2026-05-18T04:06:27.811Z] OrderImport: found 0 file(s)
OrderImport: nothing to do.

> eform@1.0.0 import:orders
> node scripts/runOrderImport.js

[2026-05-18T04:06:58.499Z] OrderImport: found 0 file(s)
OrderImport: nothing to do.

> eform@1.0.0 import:orders
> node scripts/runOrderImport.js

[2026-05-18T04:07:29.139Z] OrderImport: found 0 file(s)
OrderImport: nothing to do.

> eform@1.0.0 import:orders
> node scripts/runOrderImport.js

[2026-05-18T04:07:59.790Z] OrderImport: found 0 file(s)
OrderImport: nothing to do.

> eform@1.0.0 import:orders
> node scripts/runOrderImport.js

[2026-05-18T04:08:30.457Z] OrderImport: found 0 file(s)
OrderImport: nothing to do.

> eform@1.0.0 import:orders
> node scripts/runOrderImport.js

[2026-05-18T04:09:01.116Z] OrderImport: found 0 file(s)
OrderImport: nothing to do.

> eform@1.0.0 import:orders
> node scripts/runOrderImport.js

[2026-05-18T04:09:31.767Z] OrderImport: found 0 file(s)
OrderImport: nothing to do.

> eform@1.0.0 import:orders
> node scripts/runOrderImport.js

[2026-05-18T04:10:02.450Z] OrderImport: found 0 file(s)
OrderImport: nothing to do.

> eform@1.0.0 import:orders
> node scripts/runOrderImport.js

[2026-05-18T04:10:33.152Z] OrderImport: found 0 file(s)
OrderImport: nothing to do.

> eform@1.0.0 import:orders
> node scripts/runOrderImport.js

[2026-05-18T04:11:03.843Z] OrderImport: found 0 file(s)
OrderImport: nothing to do.

> eform@1.0.0 import:orders
> node scripts/runOrderImport.js

[2026-05-18T04:11:34.489Z] OrderImport: found 0 file(s)
OrderImport: nothing to do.

> eform@1.0.0 import:orders
> node scripts/runOrderImport.js

[2026-05-18T04:12:05.138Z] OrderImport: found 0 file(s)
OrderImport: nothing to do.

> eform@1.0.0 import:orders
> node scripts/runOrderImport.js

[2026-05-18T04:12:35.791Z] OrderImport: found 0 file(s)
OrderImport: nothing to do.

> eform@1.0.0 import:orders
> node scripts/runOrderImport.js

[2026-05-18T04:13:06.413Z] OrderImport: found 0 file(s)
OrderImport: nothing to do.

> eform@1.0.0 import:orders
> node scripts/runOrderImport.js

[2026-05-18T04:13:37.078Z] OrderImport: found 0 file(s)
OrderImport: nothing to do.

> eform@1.0.0 import:orders
> node scripts/runOrderImport.js

[2026-05-18T04:14:07.733Z] OrderImport: found 0 file(s)
OrderImport: nothing to do.

> eform@1.0.0 import:orders
> node scripts/runOrderImport.js

[2026-05-18T04:14:38.373Z] OrderImport: found 0 file(s)
OrderImport: nothing to do.

> eform@1.0.0 import:orders
> node scripts/runOrderImport.js

[2026-05-18T04:15:09.024Z] OrderImport: found 0 file(s)
OrderImport: nothing to do.

> eform@1.0.0 import:orders
> node scripts/runOrderImport.js

[2026-05-18T04:15:39.664Z] OrderImport: found 0 file(s)
OrderImport: nothing to do.

> eform@1.0.0 import:orders
> node scripts/runOrderImport.js

[2026-05-18T04:16:10.298Z] OrderImport: found 0 file(s)
OrderImport: nothing to do.

> eform@1.0.0 import:orders
> node scripts/runOrderImport.js

[2026-05-18T04:16:40.962Z] OrderImport: found 0 file(s)
OrderImport: nothing to do.

> eform@1.0.0 import:orders
> node scripts/runOrderImport.js

[2026-05-18T04:17:11.616Z] OrderImport: found 0 file(s)
OrderImport: nothing to do.

> eform@1.0.0 import:orders
> node scripts/runOrderImport.js

[2026-05-18T04:17:42.377Z] OrderImport: found 0 file(s)
OrderImport: nothing to do.

> eform@1.0.0 import:orders
> node scripts/runOrderImport.js

[2026-05-18T04:18:13.035Z] OrderImport: found 0 file(s)
OrderImport: nothing to do.

> eform@1.0.0 import:orders
> node scripts/runOrderImport.js

[2026-05-18T04:18:43.726Z] OrderImport: found 0 file(s)
OrderImport: nothing to do.

> eform@1.0.0 import:orders
> node scripts/runOrderImport.js

[2026-05-18T04:19:14.337Z] OrderImport: found 0 file(s)
OrderImport: nothing to do.

> eform@1.0.0 import:orders
> node scripts/runOrderImport.js

[2026-05-18T04:19:44.988Z] OrderImport: found 0 file(s)
OrderImport: nothing to do.

> eform@1.0.0 import:orders
> node scripts/runOrderImport.js

[2026-05-18T04:20:15.635Z] OrderImport: found 0 file(s)
OrderImport: nothing to do.

> eform@1.0.0 import:orders
> node scripts/runOrderImport.js

[2026-05-18T04:20:46.294Z] OrderImport: found 0 file(s)
OrderImport: nothing to do.

> eform@1.0.0 import:orders
> node scripts/runOrderImport.js

[2026-05-18T04:21:16.956Z] OrderImport: found 0 file(s)
OrderImport: nothing to do.

> eform@1.0.0 import:orders
> node scripts/runOrderImport.js

[2026-05-18T04:21:47.609Z] OrderImport: found 0 file(s)
OrderImport: nothing to do.

> eform@1.0.0 import:orders
> node scripts/runOrderImport.js

[2026-05-18T04:22:18.258Z] OrderImport: found 0 file(s)
OrderImport: nothing to do.

> eform@1.0.0 import:orders
> node scripts/runOrderImport.js

[2026-05-18T04:22:48.911Z] OrderImport: found 0 file(s)
OrderImport: nothing to do.

> eform@1.0.0 import:orders
> node scripts/runOrderImport.js

[2026-05-18T04:23:19.545Z] OrderImport: found 0 file(s)
OrderImport: nothing to do.

> eform@1.0.0 import:orders
> node scripts/runOrderImport.js

[2026-05-18T04:23:50.227Z] OrderImport: found 0 file(s)
OrderImport: nothing to do.

> eform@1.0.0 import:orders
> node scripts/runOrderImport.js

[2026-05-18T04:24:20.890Z] OrderImport: found 0 file(s)
OrderImport: nothing to do.

> eform@1.0.0 import:orders
> node scripts/runOrderImport.js

[2026-05-18T04:24:51.570Z] OrderImport: found 0 file(s)
OrderImport: nothing to do.

> eform@1.0.0 import:orders
> node scripts/runOrderImport.js

[2026-05-18T04:25:22.236Z] OrderImport: found 0 file(s)
OrderImport: nothing to do.

> eform@1.0.0 import:orders
> node scripts/runOrderImport.js

[2026-05-18T04:25:52.865Z] OrderImport: found 0 file(s)
OrderImport: nothing to do.

> eform@1.0.0 import:orders
> node scripts/runOrderImport.js

[2026-05-18T04:26:23.543Z] OrderImport: found 0 file(s)
OrderImport: nothing to do.

> eform@1.0.0 import:orders
> node scripts/runOrderImport.js

[2026-05-18T04:26:54.200Z] OrderImport: found 0 file(s)
OrderImport: nothing to do.

> eform@1.0.0 import:orders
> node scripts/runOrderImport.js

[2026-05-18T04:27:24.848Z] OrderImport: found 0 file(s)
OrderImport: nothing to do.

> eform@1.0.0 import:orders
> node scripts/runOrderImport.js

[2026-05-18T04:27:55.494Z] OrderImport: found 0 file(s)
OrderImport: nothing to do.

> eform@1.0.0 import:orders
> node scripts/runOrderImport.js

[2026-05-18T04:28:26.133Z] OrderImport: found 0 file(s)
OrderImport: nothing to do.

> eform@1.0.0 import:orders
> node scripts/runOrderImport.js

[2026-05-18T04:28:56.800Z] OrderImport: found 0 file(s)
OrderImport: nothing to do.

> eform@1.0.0 import:orders
> node scripts/runOrderImport.js

[2026-05-18T04:29:27.447Z] OrderImport: found 0 file(s)
OrderImport: nothing to do.

> eform@1.0.0 import:orders
> node scripts/runOrderImport.js

[2026-05-18T04:29:58.091Z] OrderImport: found 0 file(s)
OrderImport: nothing to do.

> eform@1.0.0 import:orders
> node scripts/runOrderImport.js

[2026-05-18T04:30:28.762Z] OrderImport: found 0 file(s)
OrderImport: nothing to do.

> eform@1.0.0 import:orders
> node scripts/runOrderImport.js

[2026-05-18T04:30:59.390Z] OrderImport: found 0 file(s)
OrderImport: nothing to do.

> eform@1.0.0 import:orders
> node scripts/runOrderImport.js

[2026-05-18T04:31:30.087Z] OrderImport: found 0 file(s)
OrderImport: nothing to do.

> eform@1.0.0 import:orders
> node scripts/runOrderImport.js

[2026-05-18T04:32:00.734Z] OrderImport: found 0 file(s)
OrderImport: nothing to do.

> eform@1.0.0 import:orders
> node scripts/runOrderImport.js

[2026-05-18T04:32:31.448Z] OrderImport: found 0 file(s)
OrderImport: nothing to do.

> eform@1.0.0 import:orders
> node scripts/runOrderImport.js

[2026-05-18T04:33:02.100Z] OrderImport: found 0 file(s)
OrderImport: nothing to do.

> eform@1.0.0 import:orders
> node scripts/runOrderImport.js

[2026-05-18T04:33:32.745Z] OrderImport: found 0 file(s)
OrderImport: nothing to do.

> eform@1.0.0 import:orders
> node scripts/runOrderImport.js

[2026-05-18T04:34:03.374Z] OrderImport: found 0 file(s)
OrderImport: nothing to do.

> eform@1.0.0 import:orders
> node scripts/runOrderImport.js

[2026-05-18T04:34:34.031Z] OrderImport: found 0 file(s)
OrderImport: nothing to do.

> eform@1.0.0 import:orders
> node scripts/runOrderImport.js

[2026-05-18T04:35:04.699Z] OrderImport: found 0 file(s)
OrderImport: nothing to do.

> eform@1.0.0 import:orders
> node scripts/runOrderImport.js

[2026-05-18T04:35:35.346Z] OrderImport: found 0 file(s)
OrderImport: nothing to do.

> eform@1.0.0 import:orders
> node scripts/runOrderImport.js

[2026-05-18T04:36:06.014Z] OrderImport: found 0 file(s)
OrderImport: nothing to do.

> eform@1.0.0 import:orders
> node scripts/runOrderImport.js

[2026-05-18T04:36:36.663Z] OrderImport: found 0 file(s)
OrderImport: nothing to do.

> eform@1.0.0 import:orders
> node scripts/runOrderImport.js

[2026-05-18T04:37:07.335Z] OrderImport: found 0 file(s)
OrderImport: nothing to do.

> eform@1.0.0 import:orders
> node scripts/runOrderImport.js

[2026-05-18T04:37:38.003Z] OrderImport: found 0 file(s)
OrderImport: nothing to do.

> eform@1.0.0 import:orders
> node scripts/runOrderImport.js

[2026-05-18T04:38:08.644Z] OrderImport: found 0 file(s)
OrderImport: nothing to do.

> eform@1.0.0 import:orders
> node scripts/runOrderImport.js

[2026-05-18T04:38:39.333Z] OrderImport: found 0 file(s)
OrderImport: nothing to do.

> eform@1.0.0 import:orders
> node scripts/runOrderImport.js

[2026-05-18T04:39:09.994Z] OrderImport: found 0 file(s)
OrderImport: nothing to do.

> eform@1.0.0 import:orders
> node scripts/runOrderImport.js

[2026-05-18T04:39:40.713Z] OrderImport: found 0 file(s)
OrderImport: nothing to do.

> eform@1.0.0 import:orders
> node scripts/runOrderImport.js

[2026-05-18T04:40:11.361Z] OrderImport: found 0 file(s)
OrderImport: nothing to do.

> eform@1.0.0 import:orders
> node scripts/runOrderImport.js

[2026-05-18T04:40:42.038Z] OrderImport: found 0 file(s)
OrderImport: nothing to do.

> eform@1.0.0 import:orders
> node scripts/runOrderImport.js

[2026-05-18T04:41:12.677Z] OrderImport: found 0 file(s)
OrderImport: nothing to do.

> eform@1.0.0 import:orders
> node scripts/runOrderImport.js

[2026-05-18T04:41:43.401Z] OrderImport: found 0 file(s)
OrderImport: nothing to do.

> eform@1.0.0 import:orders
> node scripts/runOrderImport.js

[2026-05-18T04:42:14.081Z] OrderImport: found 0 file(s)
OrderImport: nothing to do.

> eform@1.0.0 import:orders
> node scripts/runOrderImport.js

[2026-05-18T04:42:44.745Z] OrderImport: found 0 file(s)
OrderImport: nothing to do.

> eform@1.0.0 import:orders
> node scripts/runOrderImport.js

[2026-05-18T04:43:15.394Z] OrderImport: found 0 file(s)
OrderImport: nothing to do.

> eform@1.0.0 import:orders
> node scripts/runOrderImport.js

[2026-05-18T04:43:46.128Z] OrderImport: found 0 file(s)
OrderImport: nothing to do.

> eform@1.0.0 import:orders
> node scripts/runOrderImport.js

[2026-05-18T04:44:16.780Z] OrderImport: found 0 file(s)
OrderImport: nothing to do.

> eform@1.0.0 import:orders
> node scripts/runOrderImport.js

[2026-05-18T04:44:47.431Z] OrderImport: found 0 file(s)
OrderImport: nothing to do.

> eform@1.0.0 import:orders
> node scripts/runOrderImport.js

[2026-05-18T04:45:18.096Z] OrderImport: found 0 file(s)
OrderImport: nothing to do.

> eform@1.0.0 import:orders
> node scripts/runOrderImport.js

[2026-05-18T04:45:48.786Z] OrderImport: found 0 file(s)
OrderImport: nothing to do.

> eform@1.0.0 import:orders
> node scripts/runOrderImport.js

[2026-05-18T04:46:19.426Z] OrderImport: found 0 file(s)
OrderImport: nothing to do.

> eform@1.0.0 import:orders
> node scripts/runOrderImport.js

[2026-05-18T04:46:50.101Z] OrderImport: found 0 file(s)
OrderImport: nothing to do.

> eform@1.0.0 import:orders
> node scripts/runOrderImport.js

[2026-05-18T04:47:20.773Z] OrderImport: found 0 file(s)
OrderImport: nothing to do.

> eform@1.0.0 import:orders
> node scripts/runOrderImport.js

[2026-05-18T04:47:51.463Z] OrderImport: found 0 file(s)
OrderImport: nothing to do.

> eform@1.0.0 import:orders
> node scripts/runOrderImport.js

[2026-05-18T04:48:22.113Z] OrderImport: found 0 file(s)
OrderImport: nothing to do.

> eform@1.0.0 import:orders
> node scripts/runOrderImport.js

[2026-05-18T04:48:52.812Z] OrderImport: found 0 file(s)
OrderImport: nothing to do.

> eform@1.0.0 import:orders
> node scripts/runOrderImport.js

[2026-05-18T04:49:23.478Z] OrderImport: found 0 file(s)
OrderImport: nothing to do.

> eform@1.0.0 import:orders
> node scripts/runOrderImport.js

[2026-05-18T04:49:54.128Z] OrderImport: found 0 file(s)
OrderImport: nothing to do.

> eform@1.0.0 import:orders
> node scripts/runOrderImport.js

[2026-05-18T04:50:24.843Z] OrderImport: found 0 file(s)
OrderImport: nothing to do.

> eform@1.0.0 import:orders
> node scripts/runOrderImport.js

[2026-05-18T04:50:55.514Z] OrderImport: found 0 file(s)
OrderImport: nothing to do.

> eform@1.0.0 import:orders
> node scripts/runOrderImport.js

[2026-05-18T04:51:26.196Z] OrderImport: found 0 file(s)
OrderImport: nothing to do.

> eform@1.0.0 import:orders
> node scripts/runOrderImport.js

[2026-05-18T04:51:56.918Z] OrderImport: found 0 file(s)
OrderImport: nothing to do.

> eform@1.0.0 import:orders
> node scripts/runOrderImport.js

[2026-05-18T04:52:27.586Z] OrderImport: found 0 file(s)
OrderImport: nothing to do.

> eform@1.0.0 import:orders
> node scripts/runOrderImport.js

[2026-05-18T04:52:58.240Z] OrderImport: found 0 file(s)
OrderImport: nothing to do.

> eform@1.0.0 import:orders
> node scripts/runOrderImport.js

[2026-05-18T04:53:28.914Z] OrderImport: found 0 file(s)
OrderImport: nothing to do.

> eform@1.0.0 import:orders
> node scripts/runOrderImport.js

[2026-05-18T04:53:59.614Z] OrderImport: found 0 file(s)
OrderImport: nothing to do.

> eform@1.0.0 import:orders
> node scripts/runOrderImport.js

[2026-05-18T04:54:30.268Z] OrderImport: found 0 file(s)
OrderImport: nothing to do.

> eform@1.0.0 import:orders
> node scripts/runOrderImport.js

[2026-05-18T04:55:00.986Z] OrderImport: found 0 file(s)
OrderImport: nothing to do.

> eform@1.0.0 import:orders
> node scripts/runOrderImport.js

[2026-05-18T04:55:31.635Z] OrderImport: found 0 file(s)
OrderImport: nothing to do.

> eform@1.0.0 import:orders
> node scripts/runOrderImport.js

[2026-05-18T04:56:02.374Z] OrderImport: found 0 file(s)
OrderImport: nothing to do.

> eform@1.0.0 import:orders
> node scripts/runOrderImport.js

[2026-05-18T04:56:33.028Z] OrderImport: found 0 file(s)
OrderImport: nothing to do.

> eform@1.0.0 import:orders
> node scripts/runOrderImport.js

[2026-05-18T04:57:03.742Z] OrderImport: found 0 file(s)
OrderImport: nothing to do.

> eform@1.0.0 import:orders
> node scripts/runOrderImport.js

[2026-05-18T04:57:34.473Z] OrderImport: found 0 file(s)
OrderImport: nothing to do.

> eform@1.0.0 import:orders
> node scripts/runOrderImport.js

[2026-05-18T04:58:05.159Z] OrderImport: found 0 file(s)
OrderImport: nothing to do.

> eform@1.0.0 import:orders
> node scripts/runOrderImport.js

[2026-05-18T04:58:35.821Z] OrderImport: found 0 file(s)
OrderImport: nothing to do.

> eform@1.0.0 import:orders
> node scripts/runOrderImport.js

[2026-05-18T04:59:06.497Z] OrderImport: found 0 file(s)
OrderImport: nothing to do.

> eform@1.0.0 import:orders
> node scripts/runOrderImport.js

[2026-05-18T04:59:37.244Z] OrderImport: found 0 file(s)
OrderImport: nothing to do.

> eform@1.0.0 import:orders
> node scripts/runOrderImport.js

[2026-05-18T05:00:08.028Z] OrderImport: found 0 file(s)
OrderImport: nothing to do.

> eform@1.0.0 import:orders
> node scripts/runOrderImport.js

[2026-05-18T05:00:38.857Z] OrderImport: found 0 file(s)
OrderImport: nothing to do.

> eform@1.0.0 import:orders
> node scripts/runOrderImport.js

[2026-05-18T05:01:09.652Z] OrderImport: found 0 file(s)
OrderImport: nothing to do.

> eform@1.0.0 import:orders
> node scripts/runOrderImport.js

[2026-05-18T05:01:40.359Z] OrderImport: found 0 file(s)
OrderImport: nothing to do.

> eform@1.0.0 import:orders
> node scripts/runOrderImport.js

[2026-05-18T05:02:11.095Z] OrderImport: found 0 file(s)
OrderImport: nothing to do.

> eform@1.0.0 import:orders
> node scripts/runOrderImport.js

[2026-05-18T05:02:41.849Z] OrderImport: found 0 file(s)
OrderImport: nothing to do.

> eform@1.0.0 import:orders
> node scripts/runOrderImport.js

[2026-05-18T05:03:12.676Z] OrderImport: found 0 file(s)
OrderImport: nothing to do.

> eform@1.0.0 import:orders
> node scripts/runOrderImport.js

[2026-05-18T05:03:43.410Z] OrderImport: found 0 file(s)
OrderImport: nothing to do.

> eform@1.0.0 import:orders
> node scripts/runOrderImport.js

[2026-05-18T05:04:14.152Z] OrderImport: found 0 file(s)
OrderImport: nothing to do.

> eform@1.0.0 import:orders
> node scripts/runOrderImport.js

[2026-05-18T05:04:44.884Z] OrderImport: found 0 file(s)
OrderImport: nothing to do.

> eform@1.0.0 import:orders
> node scripts/runOrderImport.js

[2026-05-18T05:05:15.629Z] OrderImport: found 0 file(s)
OrderImport: nothing to do.

> eform@1.0.0 import:orders
> node scripts/runOrderImport.js

[2026-05-18T05:05:46.344Z] OrderImport: found 0 file(s)
OrderImport: nothing to do.

> eform@1.0.0 import:orders
> node scripts/runOrderImport.js

[2026-05-18T05:06:17.025Z] OrderImport: found 0 file(s)
OrderImport: nothing to do.

> eform@1.0.0 import:orders
> node scripts/runOrderImport.js

[2026-05-18T05:06:47.733Z] OrderImport: found 0 file(s)
OrderImport: nothing to do.

> eform@1.0.0 import:orders
> node scripts/runOrderImport.js

[2026-05-18T05:07:18.445Z] OrderImport: found 0 file(s)
OrderImport: nothing to do.

> eform@1.0.0 import:orders
> node scripts/runOrderImport.js

[2026-05-18T05:07:49.173Z] OrderImport: found 0 file(s)
OrderImport: nothing to do.

> eform@1.0.0 import:orders
> node scripts/runOrderImport.js

[2026-05-18T05:08:19.871Z] OrderImport: found 0 file(s)
OrderImport: nothing to do.

> eform@1.0.0 import:orders
> node scripts/runOrderImport.js

[2026-05-18T05:08:50.627Z] OrderImport: found 0 file(s)
OrderImport: nothing to do.

> eform@1.0.0 import:orders
> node scripts/runOrderImport.js

[2026-05-18T05:09:21.356Z] OrderImport: found 0 file(s)
OrderImport: nothing to do.

> eform@1.0.0 import:orders
> node scripts/runOrderImport.js

[2026-05-18T05:09:52.052Z] OrderImport: found 0 file(s)
OrderImport: nothing to do.

> eform@1.0.0 import:orders
> node scripts/runOrderImport.js

[2026-05-18T05:10:22.796Z] OrderImport: found 0 file(s)
OrderImport: nothing to do.

> eform@1.0.0 import:orders
> node scripts/runOrderImport.js

[2026-05-18T05:10:53.523Z] OrderImport: found 0 file(s)
OrderImport: nothing to do.

> eform@1.0.0 import:orders
> node scripts/runOrderImport.js

[2026-05-18T05:11:24.260Z] OrderImport: found 0 file(s)
OrderImport: nothing to do.

> eform@1.0.0 import:orders
> node scripts/runOrderImport.js

[2026-05-18T05:11:54.950Z] OrderImport: found 0 file(s)
OrderImport: nothing to do.

> eform@1.0.0 import:orders
> node scripts/runOrderImport.js

[2026-05-18T05:12:25.629Z] OrderImport: found 0 file(s)
OrderImport: nothing to do.

> eform@1.0.0 import:orders
> node scripts/runOrderImport.js

[2026-05-18T05:12:56.306Z] OrderImport: found 0 file(s)
OrderImport: nothing to do.

> eform@1.0.0 import:orders
> node scripts/runOrderImport.js

[2026-05-18T05:13:27.050Z] OrderImport: found 0 file(s)
OrderImport: nothing to do.

> eform@1.0.0 import:orders
> node scripts/runOrderImport.js

[2026-05-18T05:13:57.749Z] OrderImport: found 0 file(s)
OrderImport: nothing to do.

> eform@1.0.0 import:orders
> node scripts/runOrderImport.js

[2026-05-18T05:14:28.428Z] OrderImport: found 0 file(s)
OrderImport: nothing to do.

> eform@1.0.0 import:orders
> node scripts/runOrderImport.js

[2026-05-18T05:14:59.120Z] OrderImport: found 0 file(s)
OrderImport: nothing to do.

> eform@1.0.0 import:orders
> node scripts/runOrderImport.js

[2026-05-18T05:15:29.807Z] OrderImport: found 0 file(s)
OrderImport: nothing to do.

> eform@1.0.0 import:orders
> node scripts/runOrderImport.js

[2026-05-18T05:16:00.566Z] OrderImport: found 0 file(s)
OrderImport: nothing to do.

> eform@1.0.0 import:orders
> node scripts/runOrderImport.js

[2026-05-18T05:16:31.236Z] OrderImport: found 0 file(s)
OrderImport: nothing to do.

> eform@1.0.0 import:orders
> node scripts/runOrderImport.js

[2026-05-18T05:17:01.973Z] OrderImport: found 0 file(s)
OrderImport: nothing to do.

> eform@1.0.0 import:orders
> node scripts/runOrderImport.js

[2026-05-18T05:17:32.679Z] OrderImport: found 0 file(s)
OrderImport: nothing to do.

> eform@1.0.0 import:orders
> node scripts/runOrderImport.js

[2026-05-18T05:18:03.432Z] OrderImport: found 0 file(s)
OrderImport: nothing to do.

> eform@1.0.0 import:orders
> node scripts/runOrderImport.js

[2026-05-18T05:18:34.139Z] OrderImport: found 0 file(s)
OrderImport: nothing to do.

> eform@1.0.0 import:orders
> node scripts/runOrderImport.js

[2026-05-18T05:19:04.936Z] OrderImport: found 0 file(s)
OrderImport: nothing to do.

> eform@1.0.0 import:orders
> node scripts/runOrderImport.js

[2026-05-18T05:19:35.593Z] OrderImport: found 0 file(s)
OrderImport: nothing to do.

> eform@1.0.0 import:orders
> node scripts/runOrderImport.js

[2026-05-18T05:20:06.314Z] OrderImport: found 0 file(s)
OrderImport: nothing to do.

> eform@1.0.0 import:orders
> node scripts/runOrderImport.js

[2026-05-18T05:20:37.082Z] OrderImport: found 0 file(s)
OrderImport: nothing to do.

> eform@1.0.0 import:orders
> node scripts/runOrderImport.js

[2026-05-18T05:21:07.863Z] OrderImport: found 0 file(s)
OrderImport: nothing to do.

> eform@1.0.0 import:orders
> node scripts/runOrderImport.js

[2026-05-18T05:21:38.615Z] OrderImport: found 0 file(s)
OrderImport: nothing to do.

> eform@1.0.0 import:orders
> node scripts/runOrderImport.js

[2026-05-18T05:22:09.355Z] OrderImport: found 0 file(s)
OrderImport: nothing to do.

> eform@1.0.0 import:orders
> node scripts/runOrderImport.js

[2026-05-18T05:22:40.041Z] OrderImport: found 0 file(s)
OrderImport: nothing to do.

> eform@1.0.0 import:orders
> node scripts/runOrderImport.js

[2026-05-18T05:23:10.762Z] OrderImport: found 0 file(s)
OrderImport: nothing to do.

> eform@1.0.0 import:orders
> node scripts/runOrderImport.js

[2026-05-18T05:23:41.440Z] OrderImport: found 0 file(s)
OrderImport: nothing to do.

> eform@1.0.0 import:orders
> node scripts/runOrderImport.js

[2026-05-18T05:24:12.146Z] OrderImport: found 0 file(s)
OrderImport: nothing to do.

> eform@1.0.0 import:orders
> node scripts/runOrderImport.js

[2026-05-18T05:24:42.955Z] OrderImport: found 0 file(s)
OrderImport: nothing to do.

> eform@1.0.0 import:orders
> node scripts/runOrderImport.js

[2026-05-18T05:25:13.644Z] OrderImport: found 0 file(s)
OrderImport: nothing to do.

> eform@1.0.0 import:orders
> node scripts/runOrderImport.js

[2026-05-18T05:25:44.333Z] OrderImport: found 0 file(s)
OrderImport: nothing to do.

> eform@1.0.0 import:orders
> node scripts/runOrderImport.js

[2026-05-18T05:26:15.015Z] OrderImport: found 0 file(s)
OrderImport: nothing to do.

> eform@1.0.0 import:orders
> node scripts/runOrderImport.js

[2026-05-18T05:26:45.717Z] OrderImport: found 0 file(s)
OrderImport: nothing to do.

> eform@1.0.0 import:orders
> node scripts/runOrderImport.js

[2026-05-18T05:27:16.398Z] OrderImport: found 0 file(s)
OrderImport: nothing to do.

> eform@1.0.0 import:orders
> node scripts/runOrderImport.js

[2026-05-18T05:27:47.067Z] OrderImport: found 0 file(s)
OrderImport: nothing to do.

> eform@1.0.0 import:orders
> node scripts/runOrderImport.js

[2026-05-18T05:28:17.795Z] OrderImport: found 0 file(s)
OrderImport: nothing to do.

> eform@1.0.0 import:orders
> node scripts/runOrderImport.js

[2026-05-18T05:28:48.472Z] OrderImport: found 0 file(s)
OrderImport: nothing to do.

> eform@1.0.0 import:orders
> node scripts/runOrderImport.js

[2026-05-18T05:29:19.194Z] OrderImport: found 0 file(s)
OrderImport: nothing to do.

> eform@1.0.0 import:orders
> node scripts/runOrderImport.js

[2026-05-18T05:29:49.918Z] OrderImport: found 0 file(s)
OrderImport: nothing to do.

> eform@1.0.0 import:orders
> node scripts/runOrderImport.js

[2026-05-18T05:30:20.608Z] OrderImport: found 0 file(s)
OrderImport: nothing to do.

> eform@1.0.0 import:orders
> node scripts/runOrderImport.js

[2026-05-18T05:30:51.312Z] OrderImport: found 0 file(s)
OrderImport: nothing to do.

> eform@1.0.0 import:orders
> node scripts/runOrderImport.js

[2026-05-18T05:31:22.037Z] OrderImport: found 0 file(s)
OrderImport: nothing to do.

> eform@1.0.0 import:orders
> node scripts/runOrderImport.js

[2026-05-18T05:31:52.823Z] OrderImport: found 0 file(s)
OrderImport: nothing to do.

> eform@1.0.0 import:orders
> node scripts/runOrderImport.js

[2026-05-18T05:32:23.510Z] OrderImport: found 0 file(s)
OrderImport: nothing to do.

> eform@1.0.0 import:orders
> node scripts/runOrderImport.js

[2026-05-18T05:32:54.201Z] OrderImport: found 0 file(s)
OrderImport: nothing to do.

> eform@1.0.0 import:orders
> node scripts/runOrderImport.js

[2026-05-18T05:33:24.902Z] OrderImport: found 0 file(s)
OrderImport: nothing to do.

> eform@1.0.0 import:orders
> node scripts/runOrderImport.js

[2026-05-18T05:33:55.635Z] OrderImport: found 0 file(s)
OrderImport: nothing to do.

> eform@1.0.0 import:orders
> node scripts/runOrderImport.js

[2026-05-18T05:34:26.359Z] OrderImport: found 0 file(s)
OrderImport: nothing to do.

> eform@1.0.0 import:orders
> node scripts/runOrderImport.js

[2026-05-18T05:34:57.106Z] OrderImport: found 0 file(s)
OrderImport: nothing to do.

> eform@1.0.0 import:orders
> node scripts/runOrderImport.js

[2026-05-18T05:35:27.784Z] OrderImport: found 0 file(s)
OrderImport: nothing to do.

> eform@1.0.0 import:orders
> node scripts/runOrderImport.js

[2026-05-18T05:35:58.462Z] OrderImport: found 0 file(s)
OrderImport: nothing to do.

> eform@1.0.0 import:orders
> node scripts/runOrderImport.js

[2026-05-18T05:36:29.204Z] OrderImport: found 0 file(s)
OrderImport: nothing to do.

> eform@1.0.0 import:orders
> node scripts/runOrderImport.js

[2026-05-18T05:36:59.932Z] OrderImport: found 0 file(s)
OrderImport: nothing to do.

> eform@1.0.0 import:orders
> node scripts/runOrderImport.js

[2026-05-18T05:37:30.643Z] OrderImport: found 0 file(s)
OrderImport: nothing to do.

> eform@1.0.0 import:orders
> node scripts/runOrderImport.js

[2026-05-18T05:38:01.346Z] OrderImport: found 0 file(s)
OrderImport: nothing to do.

> eform@1.0.0 import:orders
> node scripts/runOrderImport.js

[2026-05-18T05:38:32.087Z] OrderImport: found 0 file(s)
OrderImport: nothing to do.

> eform@1.0.0 import:orders
> node scripts/runOrderImport.js

[2026-05-18T05:39:02.764Z] OrderImport: found 0 file(s)
OrderImport: nothing to do.

> eform@1.0.0 import:orders
> node scripts/runOrderImport.js

[2026-05-18T05:39:33.443Z] OrderImport: found 0 file(s)
OrderImport: nothing to do.

> eform@1.0.0 import:orders
> node scripts/runOrderImport.js

[2026-05-18T05:40:04.163Z] OrderImport: found 0 file(s)
OrderImport: nothing to do.

> eform@1.0.0 import:orders
> node scripts/runOrderImport.js

[2026-05-18T05:40:34.842Z] OrderImport: found 0 file(s)
OrderImport: nothing to do.

> eform@1.0.0 import:orders
> node scripts/runOrderImport.js

[2026-05-18T05:41:05.523Z] OrderImport: found 0 file(s)
OrderImport: nothing to do.

> eform@1.0.0 import:orders
> node scripts/runOrderImport.js

[2026-05-18T05:41:36.235Z] OrderImport: found 0 file(s)
OrderImport: nothing to do.

> eform@1.0.0 import:orders
> node scripts/runOrderImport.js

[2026-05-18T05:42:06.941Z] OrderImport: found 0 file(s)
OrderImport: nothing to do.

> eform@1.0.0 import:orders
> node scripts/runOrderImport.js

[2026-05-18T05:42:37.652Z] OrderImport: found 0 file(s)
OrderImport: nothing to do.

> eform@1.0.0 import:orders
> node scripts/runOrderImport.js

[2026-05-18T05:43:08.357Z] OrderImport: found 0 file(s)
OrderImport: nothing to do.

> eform@1.0.0 import:orders
> node scripts/runOrderImport.js

[2026-05-18T05:43:39.062Z] OrderImport: found 0 file(s)
OrderImport: nothing to do.

> eform@1.0.0 import:orders
> node scripts/runOrderImport.js

[2026-05-18T05:44:09.760Z] OrderImport: found 0 file(s)
OrderImport: nothing to do.

> eform@1.0.0 import:orders
> node scripts/runOrderImport.js

[2026-05-18T05:44:40.471Z] OrderImport: found 0 file(s)
OrderImport: nothing to do.

> eform@1.0.0 import:orders
> node scripts/runOrderImport.js

[2026-05-18T05:45:11.175Z] OrderImport: found 0 file(s)
OrderImport: nothing to do.

> eform@1.0.0 import:orders
> node scripts/runOrderImport.js

[2026-05-18T05:45:41.923Z] OrderImport: found 0 file(s)
OrderImport: nothing to do.

> eform@1.0.0 import:orders
> node scripts/runOrderImport.js

[2026-05-18T05:46:12.617Z] OrderImport: found 0 file(s)
OrderImport: nothing to do.

> eform@1.0.0 import:orders
> node scripts/runOrderImport.js

[2026-05-18T05:46:43.340Z] OrderImport: found 0 file(s)
OrderImport: nothing to do.

> eform@1.0.0 import:orders
> node scripts/runOrderImport.js

[2026-05-18T05:47:14.080Z] OrderImport: found 0 file(s)
OrderImport: nothing to do.

> eform@1.0.0 import:orders
> node scripts/runOrderImport.js

[2026-05-18T05:47:44.828Z] OrderImport: found 0 file(s)
OrderImport: nothing to do.

> eform@1.0.0 import:orders
> node scripts/runOrderImport.js

[2026-05-18T05:48:15.538Z] OrderImport: found 0 file(s)
OrderImport: nothing to do.

> eform@1.0.0 import:orders
> node scripts/runOrderImport.js

[2026-05-18T05:48:46.225Z] OrderImport: found 0 file(s)
OrderImport: nothing to do.

> eform@1.0.0 import:orders
> node scripts/runOrderImport.js

[2026-05-18T05:49:16.982Z] OrderImport: found 0 file(s)
OrderImport: nothing to do.

> eform@1.0.0 import:orders
> node scripts/runOrderImport.js

[2026-05-18T05:49:47.674Z] OrderImport: found 0 file(s)
OrderImport: nothing to do.

> eform@1.0.0 import:orders
> node scripts/runOrderImport.js

[2026-05-18T05:50:18.384Z] OrderImport: found 0 file(s)
OrderImport: nothing to do.

> eform@1.0.0 import:orders
> node scripts/runOrderImport.js

[2026-05-18T05:50:49.121Z] OrderImport: found 0 file(s)
OrderImport: nothing to do.

> eform@1.0.0 import:orders
> node scripts/runOrderImport.js

[2026-05-18T05:51:19.840Z] OrderImport: found 0 file(s)
OrderImport: nothing to do.

> eform@1.0.0 import:orders
> node scripts/runOrderImport.js

[2026-05-18T05:51:50.520Z] OrderImport: found 0 file(s)
OrderImport: nothing to do.

> eform@1.0.0 import:orders
> node scripts/runOrderImport.js

[2026-05-18T05:52:21.247Z] OrderImport: found 0 file(s)
OrderImport: nothing to do.

> eform@1.0.0 import:orders
> node scripts/runOrderImport.js

[2026-05-18T05:52:51.979Z] OrderImport: found 0 file(s)
OrderImport: nothing to do.

> eform@1.0.0 import:orders
> node scripts/runOrderImport.js

[2026-05-18T05:53:22.653Z] OrderImport: found 0 file(s)
OrderImport: nothing to do.

> eform@1.0.0 import:orders
> node scripts/runOrderImport.js

[2026-05-18T05:53:53.348Z] OrderImport: found 0 file(s)
OrderImport: nothing to do.

> eform@1.0.0 import:orders
> node scripts/runOrderImport.js

[2026-05-18T05:54:24.056Z] OrderImport: found 0 file(s)
OrderImport: nothing to do.

> eform@1.0.0 import:orders
> node scripts/runOrderImport.js

[2026-05-18T05:54:54.741Z] OrderImport: found 0 file(s)
OrderImport: nothing to do.

> eform@1.0.0 import:orders
> node scripts/runOrderImport.js

[2026-05-18T05:55:25.416Z] OrderImport: found 0 file(s)
OrderImport: nothing to do.

> eform@1.0.0 import:orders
> node scripts/runOrderImport.js

[2026-05-18T05:55:56.156Z] OrderImport: found 0 file(s)
OrderImport: nothing to do.

> eform@1.0.0 import:orders
> node scripts/runOrderImport.js

[2026-05-18T05:56:26.845Z] OrderImport: found 0 file(s)
OrderImport: nothing to do.

> eform@1.0.0 import:orders
> node scripts/runOrderImport.js

[2026-05-18T05:56:57.541Z] OrderImport: found 0 file(s)
OrderImport: nothing to do.

> eform@1.0.0 import:orders
> node scripts/runOrderImport.js

[2026-05-18T05:57:28.207Z] OrderImport: found 0 file(s)
OrderImport: nothing to do.

> eform@1.0.0 import:orders
> node scripts/runOrderImport.js

[2026-05-18T05:57:58.969Z] OrderImport: found 0 file(s)
OrderImport: nothing to do.

> eform@1.0.0 import:orders
> node scripts/runOrderImport.js

[2026-05-18T05:58:29.697Z] OrderImport: found 0 file(s)
OrderImport: nothing to do.

> eform@1.0.0 import:orders
> node scripts/runOrderImport.js

[2026-05-18T05:59:00.410Z] OrderImport: found 0 file(s)
OrderImport: nothing to do.

> eform@1.0.0 import:orders
> node scripts/runOrderImport.js

[2026-05-18T05:59:31.110Z] OrderImport: found 0 file(s)
OrderImport: nothing to do.

> eform@1.0.0 import:orders
> node scripts/runOrderImport.js

[2026-05-18T06:00:02.054Z] OrderImport: found 0 file(s)
OrderImport: nothing to do.

> eform@1.0.0 import:orders
> node scripts/runOrderImport.js

[2026-05-18T06:00:32.749Z] OrderImport: found 0 file(s)
OrderImport: nothing to do.

> eform@1.0.0 import:orders
> node scripts/runOrderImport.js

[2026-05-18T06:01:03.434Z] OrderImport: found 0 file(s)
OrderImport: nothing to do.

> eform@1.0.0 import:orders
> node scripts/runOrderImport.js

[2026-05-18T06:01:34.161Z] OrderImport: found 0 file(s)
OrderImport: nothing to do.

> eform@1.0.0 import:orders
> node scripts/runOrderImport.js

[2026-05-18T06:02:04.896Z] OrderImport: found 0 file(s)
OrderImport: nothing to do.

> eform@1.0.0 import:orders
> node scripts/runOrderImport.js

[2026-05-18T06:02:35.595Z] OrderImport: found 0 file(s)
OrderImport: nothing to do.

> eform@1.0.0 import:orders
> node scripts/runOrderImport.js

[2026-05-18T06:03:06.329Z] OrderImport: found 0 file(s)
OrderImport: nothing to do.

> eform@1.0.0 import:orders
> node scripts/runOrderImport.js

[2026-05-18T06:03:37.017Z] OrderImport: found 0 file(s)
OrderImport: nothing to do.

> eform@1.0.0 import:orders
> node scripts/runOrderImport.js

[2026-05-18T06:04:07.792Z] OrderImport: found 0 file(s)
OrderImport: nothing to do.

> eform@1.0.0 import:orders
> node scripts/runOrderImport.js

[2026-05-18T06:04:38.481Z] OrderImport: found 0 file(s)
OrderImport: nothing to do.

> eform@1.0.0 import:orders
> node scripts/runOrderImport.js

[2026-05-18T06:05:09.181Z] OrderImport: found 0 file(s)
OrderImport: nothing to do.

> eform@1.0.0 import:orders
> node scripts/runOrderImport.js

[2026-05-18T06:05:39.949Z] OrderImport: found 0 file(s)
OrderImport: nothing to do.

> eform@1.0.0 import:orders
> node scripts/runOrderImport.js

[2026-05-18T06:06:10.670Z] OrderImport: found 0 file(s)
OrderImport: nothing to do.

> eform@1.0.0 import:orders
> node scripts/runOrderImport.js

[2026-05-18T06:06:41.347Z] OrderImport: found 0 file(s)
OrderImport: nothing to do.

> eform@1.0.0 import:orders
> node scripts/runOrderImport.js

[2026-05-18T06:07:12.089Z] OrderImport: found 0 file(s)
OrderImport: nothing to do.

> eform@1.0.0 import:orders
> node scripts/runOrderImport.js

[2026-05-18T06:07:42.761Z] OrderImport: found 0 file(s)
OrderImport: nothing to do.

> eform@1.0.0 import:orders
> node scripts/runOrderImport.js

[2026-05-18T06:08:13.574Z] OrderImport: found 0 file(s)
OrderImport: nothing to do.

> eform@1.0.0 import:orders
> node scripts/runOrderImport.js

[2026-05-18T06:08:44.256Z] OrderImport: found 0 file(s)
OrderImport: nothing to do.

> eform@1.0.0 import:orders
> node scripts/runOrderImport.js

[2026-05-18T06:09:14.979Z] OrderImport: found 0 file(s)
OrderImport: nothing to do.

> eform@1.0.0 import:orders
> node scripts/runOrderImport.js

[2026-05-18T06:09:45.669Z] OrderImport: found 0 file(s)
OrderImport: nothing to do.

> eform@1.0.0 import:orders
> node scripts/runOrderImport.js

[2026-05-18T06:10:16.386Z] OrderImport: found 0 file(s)
OrderImport: nothing to do.

> eform@1.0.0 import:orders
> node scripts/runOrderImport.js

[2026-05-18T06:10:47.163Z] OrderImport: found 0 file(s)
OrderImport: nothing to do.

> eform@1.0.0 import:orders
> node scripts/runOrderImport.js

[2026-05-18T06:11:17.846Z] OrderImport: found 0 file(s)
OrderImport: nothing to do.

> eform@1.0.0 import:orders
> node scripts/runOrderImport.js

[2026-05-18T06:11:48.551Z] OrderImport: found 0 file(s)
OrderImport: nothing to do.

> eform@1.0.0 import:orders
> node scripts/runOrderImport.js

[2026-05-18T06:12:19.235Z] OrderImport: found 0 file(s)
OrderImport: nothing to do.

> eform@1.0.0 import:orders
> node scripts/runOrderImport.js

[2026-05-18T06:12:49.960Z] OrderImport: found 0 file(s)
OrderImport: nothing to do.

> eform@1.0.0 import:orders
> node scripts/runOrderImport.js

[2026-05-18T06:13:20.729Z] OrderImport: found 0 file(s)
OrderImport: nothing to do.

> eform@1.0.0 import:orders
> node scripts/runOrderImport.js

[2026-05-18T06:13:51.422Z] OrderImport: found 0 file(s)
OrderImport: nothing to do.

> eform@1.0.0 import:orders
> node scripts/runOrderImport.js

[2026-05-18T06:14:22.182Z] OrderImport: found 0 file(s)
OrderImport: nothing to do.

> eform@1.0.0 import:orders
> node scripts/runOrderImport.js

[2026-05-18T06:14:52.904Z] OrderImport: found 0 file(s)
OrderImport: nothing to do.

> eform@1.0.0 import:orders
> node scripts/runOrderImport.js

[2026-05-18T06:15:23.608Z] OrderImport: found 0 file(s)
OrderImport: nothing to do.

> eform@1.0.0 import:orders
> node scripts/runOrderImport.js

[2026-05-18T06:15:54.290Z] OrderImport: found 0 file(s)
OrderImport: nothing to do.

> eform@1.0.0 import:orders
> node scripts/runOrderImport.js

[2026-05-18T06:16:25.009Z] OrderImport: found 0 file(s)
OrderImport: nothing to do.

> eform@1.0.0 import:orders
> node scripts/runOrderImport.js

[2026-05-18T06:16:55.725Z] OrderImport: found 0 file(s)
OrderImport: nothing to do.

> eform@1.0.0 import:orders
> node scripts/runOrderImport.js

[2026-05-18T06:17:26.516Z] OrderImport: found 0 file(s)
OrderImport: nothing to do.

> eform@1.0.0 import:orders
> node scripts/runOrderImport.js

[2026-05-18T06:17:57.211Z] OrderImport: found 0 file(s)
OrderImport: nothing to do.

> eform@1.0.0 import:orders
> node scripts/runOrderImport.js

[2026-05-18T06:18:27.900Z] OrderImport: found 0 file(s)
OrderImport: nothing to do.

> eform@1.0.0 import:orders
> node scripts/runOrderImport.js

[2026-05-18T06:18:58.600Z] OrderImport: found 0 file(s)
OrderImport: nothing to do.

> eform@1.0.0 import:orders
> node scripts/runOrderImport.js

[2026-05-18T06:19:29.308Z] OrderImport: found 0 file(s)
OrderImport: nothing to do.

> eform@1.0.0 import:orders
> node scripts/runOrderImport.js

[2026-05-18T06:20:00.027Z] OrderImport: found 0 file(s)
OrderImport: nothing to do.

> eform@1.0.0 import:orders
> node scripts/runOrderImport.js

[2026-05-18T06:20:30.756Z] OrderImport: found 0 file(s)
OrderImport: nothing to do.

> eform@1.0.0 import:orders
> node scripts/runOrderImport.js

[2026-05-18T06:21:01.440Z] OrderImport: found 0 file(s)
OrderImport: nothing to do.

> eform@1.0.0 import:orders
> node scripts/runOrderImport.js

[2026-05-18T06:21:32.156Z] OrderImport: found 0 file(s)
OrderImport: nothing to do.

> eform@1.0.0 import:orders
> node scripts/runOrderImport.js

[2026-05-18T06:22:02.940Z] OrderImport: found 0 file(s)
OrderImport: nothing to do.

> eform@1.0.0 import:orders
> node scripts/runOrderImport.js

[2026-05-18T06:22:33.653Z] OrderImport: found 0 file(s)
OrderImport: nothing to do.

> eform@1.0.0 import:orders
> node scripts/runOrderImport.js

[2026-05-18T06:23:04.374Z] OrderImport: found 0 file(s)
OrderImport: nothing to do.

> eform@1.0.0 import:orders
> node scripts/runOrderImport.js

[2026-05-18T06:23:35.078Z] OrderImport: found 0 file(s)
OrderImport: nothing to do.

> eform@1.0.0 import:orders
> node scripts/runOrderImport.js

[2026-05-18T06:24:05.769Z] OrderImport: found 0 file(s)
OrderImport: nothing to do.

> eform@1.0.0 import:orders
> node scripts/runOrderImport.js

[2026-05-18T06:24:36.482Z] OrderImport: found 0 file(s)
OrderImport: nothing to do.

> eform@1.0.0 import:orders
> node scripts/runOrderImport.js

[2026-05-18T06:25:07.209Z] OrderImport: found 0 file(s)
OrderImport: nothing to do.

> eform@1.0.0 import:orders
> node scripts/runOrderImport.js

[2026-05-18T06:25:37.921Z] OrderImport: found 0 file(s)
OrderImport: nothing to do.

> eform@1.0.0 import:orders
> node scripts/runOrderImport.js

[2026-05-18T06:26:08.642Z] OrderImport: found 0 file(s)
OrderImport: nothing to do.

> eform@1.0.0 import:orders
> node scripts/runOrderImport.js

[2026-05-18T06:26:39.348Z] OrderImport: found 0 file(s)
OrderImport: nothing to do.

> eform@1.0.0 import:orders
> node scripts/runOrderImport.js

[2026-05-18T06:27:10.036Z] OrderImport: found 0 file(s)
OrderImport: nothing to do.

> eform@1.0.0 import:orders
> node scripts/runOrderImport.js

[2026-05-18T06:27:40.717Z] OrderImport: found 0 file(s)
OrderImport: nothing to do.

> eform@1.0.0 import:orders
> node scripts/runOrderImport.js

[2026-05-18T06:28:11.399Z] OrderImport: found 0 file(s)
OrderImport: nothing to do.

> eform@1.0.0 import:orders
> node scripts/runOrderImport.js

[2026-05-18T06:28:42.088Z] OrderImport: found 0 file(s)
OrderImport: nothing to do.

> eform@1.0.0 import:orders
> node scripts/runOrderImport.js

[2026-05-18T06:29:12.807Z] OrderImport: found 0 file(s)
OrderImport: nothing to do.

> eform@1.0.0 import:orders
> node scripts/runOrderImport.js

[2026-05-18T06:29:43.495Z] OrderImport: found 0 file(s)
OrderImport: nothing to do.

> eform@1.0.0 import:orders
> node scripts/runOrderImport.js

[2026-05-18T06:30:14.207Z] OrderImport: found 0 file(s)
OrderImport: nothing to do.

> eform@1.0.0 import:orders
> node scripts/runOrderImport.js

[2026-05-18T06:30:44.963Z] OrderImport: found 0 file(s)
OrderImport: nothing to do.

> eform@1.0.0 import:orders
> node scripts/runOrderImport.js

[2026-05-18T06:31:15.648Z] OrderImport: found 0 file(s)
OrderImport: nothing to do.

> eform@1.0.0 import:orders
> node scripts/runOrderImport.js

[2026-05-18T06:31:46.348Z] OrderImport: found 0 file(s)
OrderImport: nothing to do.

> eform@1.0.0 import:orders
> node scripts/runOrderImport.js

[2026-05-18T06:32:17.076Z] OrderImport: found 0 file(s)
OrderImport: nothing to do.

> eform@1.0.0 import:orders
> node scripts/runOrderImport.js

[2026-05-18T06:32:47.795Z] OrderImport: found 0 file(s)
OrderImport: nothing to do.

> eform@1.0.0 import:orders
> node scripts/runOrderImport.js

[2026-05-18T06:33:18.504Z] OrderImport: found 0 file(s)
OrderImport: nothing to do.

> eform@1.0.0 import:orders
> node scripts/runOrderImport.js

[2026-05-18T06:33:49.210Z] OrderImport: found 0 file(s)
OrderImport: nothing to do.

> eform@1.0.0 import:orders
> node scripts/runOrderImport.js

[2026-05-18T06:34:19.931Z] OrderImport: found 0 file(s)
OrderImport: nothing to do.

> eform@1.0.0 import:orders
> node scripts/runOrderImport.js

[2026-05-18T06:34:50.692Z] OrderImport: found 0 file(s)
OrderImport: nothing to do.

> eform@1.0.0 import:orders
> node scripts/runOrderImport.js

[2026-05-18T06:35:21.412Z] OrderImport: found 0 file(s)
OrderImport: nothing to do.

> eform@1.0.0 import:orders
> node scripts/runOrderImport.js

[2026-05-18T06:35:52.138Z] OrderImport: found 0 file(s)
OrderImport: nothing to do.

> eform@1.0.0 import:orders
> node scripts/runOrderImport.js

[2026-05-18T06:36:22.835Z] OrderImport: found 0 file(s)
OrderImport: nothing to do.

> eform@1.0.0 import:orders
> node scripts/runOrderImport.js

[2026-05-18T06:36:53.528Z] OrderImport: found 0 file(s)
OrderImport: nothing to do.

> eform@1.0.0 import:orders
> node scripts/runOrderImport.js

[2026-05-18T06:37:24.207Z] OrderImport: found 0 file(s)
OrderImport: nothing to do.

> eform@1.0.0 import:orders
> node scripts/runOrderImport.js

[2026-05-18T06:37:54.906Z] OrderImport: found 0 file(s)
OrderImport: nothing to do.

> eform@1.0.0 import:orders
> node scripts/runOrderImport.js

[2026-05-18T06:38:25.638Z] OrderImport: found 0 file(s)
OrderImport: nothing to do.

> eform@1.0.0 import:orders
> node scripts/runOrderImport.js

[2026-05-18T06:38:56.323Z] OrderImport: found 0 file(s)
OrderImport: nothing to do.

> eform@1.0.0 import:orders
> node scripts/runOrderImport.js

[2026-05-18T06:39:27.022Z] OrderImport: found 0 file(s)
OrderImport: nothing to do.

> eform@1.0.0 import:orders
> node scripts/runOrderImport.js

[2026-05-18T06:39:57.758Z] OrderImport: found 0 file(s)
OrderImport: nothing to do.

> eform@1.0.0 import:orders
> node scripts/runOrderImport.js

[2026-05-18T06:40:28.515Z] OrderImport: found 0 file(s)
OrderImport: nothing to do.

> eform@1.0.0 import:orders
> node scripts/runOrderImport.js

[2026-05-18T06:40:59.206Z] OrderImport: found 0 file(s)
OrderImport: nothing to do.

> eform@1.0.0 import:orders
> node scripts/runOrderImport.js

[2026-05-18T06:41:29.930Z] OrderImport: found 0 file(s)
OrderImport: nothing to do.

> eform@1.0.0 import:orders
> node scripts/runOrderImport.js

[2026-05-18T06:42:00.676Z] OrderImport: found 0 file(s)
OrderImport: nothing to do.

> eform@1.0.0 import:orders
> node scripts/runOrderImport.js

[2026-05-18T06:42:31.348Z] OrderImport: found 0 file(s)
OrderImport: nothing to do.

> eform@1.0.0 import:orders
> node scripts/runOrderImport.js

[2026-05-18T06:43:02.035Z] OrderImport: found 0 file(s)
OrderImport: nothing to do.

> eform@1.0.0 import:orders
> node scripts/runOrderImport.js

[2026-05-18T06:43:32.723Z] OrderImport: found 0 file(s)
OrderImport: nothing to do.

> eform@1.0.0 import:orders
> node scripts/runOrderImport.js

[2026-05-18T06:44:03.487Z] OrderImport: found 0 file(s)
OrderImport: nothing to do.

> eform@1.0.0 import:orders
> node scripts/runOrderImport.js

[2026-05-18T06:44:34.187Z] OrderImport: found 0 file(s)
OrderImport: nothing to do.

> eform@1.0.0 import:orders
> node scripts/runOrderImport.js

[2026-05-18T06:45:04.986Z] OrderImport: found 0 file(s)
OrderImport: nothing to do.

> eform@1.0.0 import:orders
> node scripts/runOrderImport.js

[2026-05-18T06:45:35.697Z] OrderImport: found 0 file(s)
OrderImport: nothing to do.

> eform@1.0.0 import:orders
> node scripts/runOrderImport.js

[2026-05-18T06:46:06.387Z] OrderImport: found 0 file(s)
OrderImport: nothing to do.

> eform@1.0.0 import:orders
> node scripts/runOrderImport.js

[2026-05-18T06:46:37.099Z] OrderImport: found 0 file(s)
OrderImport: nothing to do.

> eform@1.0.0 import:orders
> node scripts/runOrderImport.js

[2026-05-18T06:47:07.861Z] OrderImport: found 0 file(s)
OrderImport: nothing to do.

> eform@1.0.0 import:orders
> node scripts/runOrderImport.js

[2026-05-18T06:47:38.577Z] OrderImport: found 0 file(s)
OrderImport: nothing to do.

> eform@1.0.0 import:orders
> node scripts/runOrderImport.js

[2026-05-18T06:48:09.259Z] OrderImport: found 0 file(s)
OrderImport: nothing to do.

> eform@1.0.0 import:orders
> node scripts/runOrderImport.js

[2026-05-18T06:48:39.969Z] OrderImport: found 0 file(s)
OrderImport: nothing to do.

> eform@1.0.0 import:orders
> node scripts/runOrderImport.js

[2026-05-18T06:49:10.643Z] OrderImport: found 0 file(s)
OrderImport: nothing to do.

> eform@1.0.0 import:orders
> node scripts/runOrderImport.js

[2026-05-18T06:49:41.384Z] OrderImport: found 0 file(s)
OrderImport: nothing to do.

> eform@1.0.0 import:orders
> node scripts/runOrderImport.js

[2026-05-18T06:50:12.202Z] OrderImport: found 0 file(s)
OrderImport: nothing to do.

> eform@1.0.0 import:orders
> node scripts/runOrderImport.js

[2026-05-18T06:50:42.898Z] OrderImport: found 0 file(s)
OrderImport: nothing to do.

> eform@1.0.0 import:orders
> node scripts/runOrderImport.js

[2026-05-18T06:51:13.552Z] OrderImport: found 0 file(s)
OrderImport: nothing to do.

> eform@1.0.0 import:orders
> node scripts/runOrderImport.js

[2026-05-18T06:51:44.217Z] OrderImport: found 0 file(s)
OrderImport: nothing to do.

> eform@1.0.0 import:orders
> node scripts/runOrderImport.js

[2026-05-18T06:52:14.886Z] OrderImport: found 0 file(s)
OrderImport: nothing to do.

> eform@1.0.0 import:orders
> node scripts/runOrderImport.js

[2026-05-18T06:52:45.619Z] OrderImport: found 0 file(s)
OrderImport: nothing to do.

> eform@1.0.0 import:orders
> node scripts/runOrderImport.js

[2026-05-18T06:53:16.305Z] OrderImport: found 0 file(s)
OrderImport: nothing to do.

> eform@1.0.0 import:orders
> node scripts/runOrderImport.js

[2026-05-18T06:53:46.961Z] OrderImport: found 0 file(s)
OrderImport: nothing to do.

> eform@1.0.0 import:orders
> node scripts/runOrderImport.js

[2026-05-18T06:54:17.661Z] OrderImport: found 0 file(s)
OrderImport: nothing to do.

> eform@1.0.0 import:orders
> node scripts/runOrderImport.js

[2026-05-18T06:54:48.341Z] OrderImport: found 0 file(s)
OrderImport: nothing to do.

> eform@1.0.0 import:orders
> node scripts/runOrderImport.js

[2026-05-18T06:55:19.085Z] OrderImport: found 0 file(s)
OrderImport: nothing to do.

> eform@1.0.0 import:orders
> node scripts/runOrderImport.js

[2026-05-18T06:55:49.776Z] OrderImport: found 0 file(s)
OrderImport: nothing to do.

> eform@1.0.0 import:orders
> node scripts/runOrderImport.js

[2026-05-18T06:56:20.448Z] OrderImport: found 0 file(s)
OrderImport: nothing to do.

> eform@1.0.0 import:orders
> node scripts/runOrderImport.js

[2026-05-18T06:56:51.102Z] OrderImport: found 0 file(s)
OrderImport: nothing to do.

> eform@1.0.0 import:orders
> node scripts/runOrderImport.js

[2026-05-18T06:57:21.772Z] OrderImport: found 0 file(s)
OrderImport: nothing to do.

> eform@1.0.0 import:orders
> node scripts/runOrderImport.js

[2026-05-18T06:57:52.475Z] OrderImport: found 0 file(s)
OrderImport: nothing to do.

> eform@1.0.0 import:orders
> node scripts/runOrderImport.js

[2026-05-18T06:58:23.147Z] OrderImport: found 0 file(s)
OrderImport: nothing to do.

> eform@1.0.0 import:orders
> node scripts/runOrderImport.js

[2026-05-18T06:58:53.841Z] OrderImport: found 0 file(s)
OrderImport: nothing to do.

> eform@1.0.0 import:orders
> node scripts/runOrderImport.js

[2026-05-18T06:59:24.546Z] OrderImport: found 0 file(s)
OrderImport: nothing to do.

> eform@1.0.0 import:orders
> node scripts/runOrderImport.js

[2026-05-18T06:59:55.237Z] OrderImport: found 0 file(s)
OrderImport: nothing to do.

> eform@1.0.0 import:orders
> node scripts/runOrderImport.js

[2026-05-18T07:00:25.887Z] OrderImport: found 0 file(s)
OrderImport: nothing to do.

> eform@1.0.0 import:orders
> node scripts/runOrderImport.js

[2026-05-18T07:00:56.534Z] OrderImport: found 0 file(s)
OrderImport: nothing to do.

> eform@1.0.0 import:orders
> node scripts/runOrderImport.js

[2026-05-18T07:01:27.226Z] OrderImport: found 0 file(s)
OrderImport: nothing to do.

> eform@1.0.0 import:orders
> node scripts/runOrderImport.js

[2026-05-18T07:01:57.920Z] OrderImport: found 0 file(s)
OrderImport: nothing to do.

> eform@1.0.0 import:orders
> node scripts/runOrderImport.js

[2026-05-18T07:02:28.590Z] OrderImport: found 0 file(s)
OrderImport: nothing to do.

> eform@1.0.0 import:orders
> node scripts/runOrderImport.js

[2026-05-18T07:02:59.272Z] OrderImport: found 0 file(s)
OrderImport: nothing to do.

> eform@1.0.0 import:orders
> node scripts/runOrderImport.js

[2026-05-18T07:03:29.963Z] OrderImport: found 0 file(s)
OrderImport: nothing to do.

> eform@1.0.0 import:orders
> node scripts/runOrderImport.js

[2026-05-18T07:04:00.697Z] OrderImport: found 0 file(s)
OrderImport: nothing to do.

> eform@1.0.0 import:orders
> node scripts/runOrderImport.js

[2026-05-18T07:04:31.400Z] OrderImport: found 0 file(s)
OrderImport: nothing to do.

> eform@1.0.0 import:orders
> node scripts/runOrderImport.js

[2026-05-18T07:05:02.131Z] OrderImport: found 0 file(s)
OrderImport: nothing to do.

> eform@1.0.0 import:orders
> node scripts/runOrderImport.js

[2026-05-18T07:05:32.888Z] OrderImport: found 0 file(s)
OrderImport: nothing to do.

> eform@1.0.0 import:orders
> node scripts/runOrderImport.js

[2026-05-18T07:06:03.563Z] OrderImport: found 0 file(s)
OrderImport: nothing to do.

> eform@1.0.0 import:orders
> node scripts/runOrderImport.js

[2026-05-18T07:06:34.283Z] OrderImport: found 0 file(s)
OrderImport: nothing to do.

> eform@1.0.0 import:orders
> node scripts/runOrderImport.js

[2026-05-18T07:07:04.959Z] OrderImport: found 0 file(s)
OrderImport: nothing to do.

> eform@1.0.0 import:orders
> node scripts/runOrderImport.js

[2026-05-18T07:07:35.682Z] OrderImport: found 0 file(s)
OrderImport: nothing to do.

> eform@1.0.0 import:orders
> node scripts/runOrderImport.js

[2026-05-18T07:08:06.417Z] OrderImport: found 0 file(s)
OrderImport: nothing to do.

> eform@1.0.0 import:orders
> node scripts/runOrderImport.js

[2026-05-18T07:08:37.106Z] OrderImport: found 0 file(s)
OrderImport: nothing to do.

> eform@1.0.0 import:orders
> node scripts/runOrderImport.js

[2026-05-18T07:09:07.784Z] OrderImport: found 0 file(s)
OrderImport: nothing to do.

> eform@1.0.0 import:orders
> node scripts/runOrderImport.js

[2026-05-18T07:09:38.486Z] OrderImport: found 0 file(s)
OrderImport: nothing to do.

> eform@1.0.0 import:orders
> node scripts/runOrderImport.js

[2026-05-18T07:10:09.171Z] OrderImport: found 0 file(s)
OrderImport: nothing to do.

> eform@1.0.0 import:orders
> node scripts/runOrderImport.js

[2026-05-18T07:10:39.856Z] OrderImport: found 0 file(s)
OrderImport: nothing to do.

> eform@1.0.0 import:orders
> node scripts/runOrderImport.js

[2026-05-18T07:11:10.568Z] OrderImport: found 0 file(s)
OrderImport: nothing to do.

> eform@1.0.0 import:orders
> node scripts/runOrderImport.js

[2026-05-18T07:11:41.280Z] OrderImport: found 0 file(s)
OrderImport: nothing to do.

> eform@1.0.0 import:orders
> node scripts/runOrderImport.js

[2026-05-18T07:12:11.965Z] OrderImport: found 0 file(s)
OrderImport: nothing to do.

> eform@1.0.0 import:orders
> node scripts/runOrderImport.js

[2026-05-18T07:12:42.664Z] OrderImport: found 0 file(s)
OrderImport: nothing to do.

> eform@1.0.0 import:orders
> node scripts/runOrderImport.js

[2026-05-18T07:13:13.355Z] OrderImport: found 0 file(s)
OrderImport: nothing to do.

> eform@1.0.0 import:orders
> node scripts/runOrderImport.js

[2026-05-18T07:13:44.040Z] OrderImport: found 0 file(s)
OrderImport: nothing to do.

> eform@1.0.0 import:orders
> node scripts/runOrderImport.js

[2026-05-18T07:14:14.693Z] OrderImport: found 0 file(s)
OrderImport: nothing to do.

> eform@1.0.0 import:orders
> node scripts/runOrderImport.js

[2026-05-18T07:14:45.385Z] OrderImport: found 0 file(s)
OrderImport: nothing to do.

> eform@1.0.0 import:orders
> node scripts/runOrderImport.js

[2026-05-18T07:15:16.107Z] OrderImport: found 0 file(s)
OrderImport: nothing to do.

> eform@1.0.0 import:orders
> node scripts/runOrderImport.js

[2026-05-18T07:15:46.770Z] OrderImport: found 0 file(s)
OrderImport: nothing to do.

> eform@1.0.0 import:orders
> node scripts/runOrderImport.js

[2026-05-18T07:16:17.454Z] OrderImport: found 0 file(s)
OrderImport: nothing to do.

> eform@1.0.0 import:orders
> node scripts/runOrderImport.js

[2026-05-18T07:16:48.107Z] OrderImport: found 0 file(s)
OrderImport: nothing to do.

> eform@1.0.0 import:orders
> node scripts/runOrderImport.js

[2026-05-18T07:17:18.773Z] OrderImport: found 0 file(s)
OrderImport: nothing to do.

> eform@1.0.0 import:orders
> node scripts/runOrderImport.js

[2026-05-18T07:17:49.443Z] OrderImport: found 0 file(s)
OrderImport: nothing to do.

> eform@1.0.0 import:orders
> node scripts/runOrderImport.js

[2026-05-18T07:18:20.131Z] OrderImport: found 0 file(s)
OrderImport: nothing to do.

> eform@1.0.0 import:orders
> node scripts/runOrderImport.js

[2026-05-18T07:18:50.807Z] OrderImport: found 0 file(s)
OrderImport: nothing to do.

> eform@1.0.0 import:orders
> node scripts/runOrderImport.js

[2026-05-18T07:19:21.497Z] OrderImport: found 0 file(s)
OrderImport: nothing to do.

> eform@1.0.0 import:orders
> node scripts/runOrderImport.js

[2026-05-18T07:19:52.207Z] OrderImport: found 0 file(s)
OrderImport: nothing to do.

> eform@1.0.0 import:orders
> node scripts/runOrderImport.js

[2026-05-18T07:20:22.935Z] OrderImport: found 0 file(s)
OrderImport: nothing to do.

> eform@1.0.0 import:orders
> node scripts/runOrderImport.js

[2026-05-18T07:20:53.603Z] OrderImport: found 0 file(s)
OrderImport: nothing to do.

> eform@1.0.0 import:orders
> node scripts/runOrderImport.js

[2026-05-18T07:21:24.312Z] OrderImport: found 0 file(s)
OrderImport: nothing to do.

> eform@1.0.0 import:orders
> node scripts/runOrderImport.js

[2026-05-18T07:21:55.000Z] OrderImport: found 0 file(s)
OrderImport: nothing to do.

> eform@1.0.0 import:orders
> node scripts/runOrderImport.js

[2026-05-18T07:22:25.709Z] OrderImport: found 0 file(s)
OrderImport: nothing to do.

> eform@1.0.0 import:orders
> node scripts/runOrderImport.js

[2026-05-18T07:22:56.383Z] OrderImport: found 0 file(s)
OrderImport: nothing to do.

> eform@1.0.0 import:orders
> node scripts/runOrderImport.js

[2026-05-18T07:23:27.057Z] OrderImport: found 0 file(s)
OrderImport: nothing to do.

> eform@1.0.0 import:orders
> node scripts/runOrderImport.js

[2026-05-18T07:23:57.733Z] OrderImport: found 0 file(s)
OrderImport: nothing to do.

> eform@1.0.0 import:orders
> node scripts/runOrderImport.js

[2026-05-18T07:24:28.437Z] OrderImport: found 0 file(s)
OrderImport: nothing to do.

> eform@1.0.0 import:orders
> node scripts/runOrderImport.js

[2026-05-18T07:24:59.122Z] OrderImport: found 0 file(s)
OrderImport: nothing to do.

> eform@1.0.0 import:orders
> node scripts/runOrderImport.js

[2026-05-18T07:25:29.825Z] OrderImport: found 0 file(s)
OrderImport: nothing to do.

> eform@1.0.0 import:orders
> node scripts/runOrderImport.js

[2026-05-18T07:26:00.508Z] OrderImport: found 0 file(s)
OrderImport: nothing to do.

> eform@1.0.0 import:orders
> node scripts/runOrderImport.js

[2026-05-18T07:26:31.186Z] OrderImport: found 0 file(s)
OrderImport: nothing to do.

> eform@1.0.0 import:orders
> node scripts/runOrderImport.js

[2026-05-18T07:27:01.883Z] OrderImport: found 0 file(s)
OrderImport: nothing to do.

> eform@1.0.0 import:orders
> node scripts/runOrderImport.js

[2026-05-18T07:27:32.568Z] OrderImport: found 0 file(s)
OrderImport: nothing to do.

> eform@1.0.0 import:orders
> node scripts/runOrderImport.js

[2026-05-18T07:28:03.264Z] OrderImport: found 0 file(s)
OrderImport: nothing to do.

> eform@1.0.0 import:orders
> node scripts/runOrderImport.js

[2026-05-18T07:28:33.954Z] OrderImport: found 0 file(s)
OrderImport: nothing to do.

> eform@1.0.0 import:orders
> node scripts/runOrderImport.js

[2026-05-18T07:29:04.636Z] OrderImport: found 0 file(s)
OrderImport: nothing to do.

> eform@1.0.0 import:orders
> node scripts/runOrderImport.js

[2026-05-18T07:29:35.332Z] OrderImport: found 0 file(s)
OrderImport: nothing to do.

> eform@1.0.0 import:orders
> node scripts/runOrderImport.js

[2026-05-18T07:30:06.128Z] OrderImport: found 0 file(s)
OrderImport: nothing to do.

> eform@1.0.0 import:orders
> node scripts/runOrderImport.js

[2026-05-18T07:30:36.836Z] OrderImport: found 0 file(s)
OrderImport: nothing to do.

> eform@1.0.0 import:orders
> node scripts/runOrderImport.js

[2026-05-18T07:31:07.647Z] OrderImport: found 0 file(s)
OrderImport: nothing to do.

> eform@1.0.0 import:orders
> node scripts/runOrderImport.js

[2026-05-18T07:31:38.355Z] OrderImport: found 0 file(s)
OrderImport: nothing to do.

> eform@1.0.0 import:orders
> node scripts/runOrderImport.js

[2026-05-18T07:32:09.007Z] OrderImport: found 0 file(s)
OrderImport: nothing to do.

> eform@1.0.0 import:orders
> node scripts/runOrderImport.js

[2026-05-18T07:32:39.684Z] OrderImport: found 0 file(s)
OrderImport: nothing to do.

> eform@1.0.0 import:orders
> node scripts/runOrderImport.js

[2026-05-18T07:33:10.386Z] OrderImport: found 0 file(s)
OrderImport: nothing to do.

> eform@1.0.0 import:orders
> node scripts/runOrderImport.js

[2026-05-18T07:33:41.072Z] OrderImport: found 0 file(s)
OrderImport: nothing to do.

> eform@1.0.0 import:orders
> node scripts/runOrderImport.js

[2026-05-18T07:34:11.744Z] OrderImport: found 0 file(s)
OrderImport: nothing to do.

> eform@1.0.0 import:orders
> node scripts/runOrderImport.js

[2026-05-18T07:34:42.422Z] OrderImport: found 0 file(s)
OrderImport: nothing to do.

> eform@1.0.0 import:orders
> node scripts/runOrderImport.js

[2026-05-18T07:35:13.087Z] OrderImport: found 0 file(s)
OrderImport: nothing to do.

> eform@1.0.0 import:orders
> node scripts/runOrderImport.js

[2026-05-18T07:35:43.751Z] OrderImport: found 0 file(s)
OrderImport: nothing to do.

> eform@1.0.0 import:orders
> node scripts/runOrderImport.js

[2026-05-18T07:36:14.438Z] OrderImport: found 0 file(s)
OrderImport: nothing to do.

> eform@1.0.0 import:orders
> node scripts/runOrderImport.js

[2026-05-18T07:36:45.143Z] OrderImport: found 0 file(s)
OrderImport: nothing to do.

> eform@1.0.0 import:orders
> node scripts/runOrderImport.js

[2026-05-18T07:37:15.813Z] OrderImport: found 0 file(s)
OrderImport: nothing to do.

> eform@1.0.0 import:orders
> node scripts/runOrderImport.js

[2026-05-18T07:37:46.482Z] OrderImport: found 0 file(s)
OrderImport: nothing to do.

> eform@1.0.0 import:orders
> node scripts/runOrderImport.js

[2026-05-18T07:38:17.140Z] OrderImport: found 0 file(s)
OrderImport: nothing to do.

> eform@1.0.0 import:orders
> node scripts/runOrderImport.js

[2026-05-18T07:38:47.839Z] OrderImport: found 0 file(s)
OrderImport: nothing to do.

> eform@1.0.0 import:orders
> node scripts/runOrderImport.js

[2026-05-18T07:39:18.510Z] OrderImport: found 0 file(s)
OrderImport: nothing to do.

> eform@1.0.0 import:orders
> node scripts/runOrderImport.js

[2026-05-18T07:39:49.286Z] OrderImport: found 0 file(s)
OrderImport: nothing to do.

> eform@1.0.0 import:orders
> node scripts/runOrderImport.js

[2026-05-18T07:40:19.984Z] OrderImport: found 0 file(s)
OrderImport: nothing to do.

> eform@1.0.0 import:orders
> node scripts/runOrderImport.js

[2026-05-18T07:40:50.649Z] OrderImport: found 0 file(s)
OrderImport: nothing to do.

> eform@1.0.0 import:orders
> node scripts/runOrderImport.js

[2026-05-18T07:41:21.335Z] OrderImport: found 0 file(s)
OrderImport: nothing to do.

> eform@1.0.0 import:orders
> node scripts/runOrderImport.js

[2026-05-18T07:41:52.025Z] OrderImport: found 0 file(s)
OrderImport: nothing to do.

> eform@1.0.0 import:orders
> node scripts/runOrderImport.js

[2026-05-18T07:42:22.700Z] OrderImport: found 0 file(s)
OrderImport: nothing to do.

> eform@1.0.0 import:orders
> node scripts/runOrderImport.js

[2026-05-18T07:42:53.405Z] OrderImport: found 0 file(s)
OrderImport: nothing to do.

> eform@1.0.0 import:orders
> node scripts/runOrderImport.js

[2026-05-18T07:43:24.088Z] OrderImport: found 0 file(s)
OrderImport: nothing to do.

> eform@1.0.0 import:orders
> node scripts/runOrderImport.js

[2026-05-18T07:43:54.755Z] OrderImport: found 0 file(s)
OrderImport: nothing to do.

> eform@1.0.0 import:orders
> node scripts/runOrderImport.js

[2026-05-18T07:44:25.431Z] OrderImport: found 0 file(s)
OrderImport: nothing to do.

> eform@1.0.0 import:orders
> node scripts/runOrderImport.js

[2026-05-18T07:44:56.096Z] OrderImport: found 0 file(s)
OrderImport: nothing to do.

> eform@1.0.0 import:orders
> node scripts/runOrderImport.js

[2026-05-18T07:45:26.797Z] OrderImport: found 0 file(s)
OrderImport: nothing to do.

> eform@1.0.0 import:orders
> node scripts/runOrderImport.js

[2026-05-18T07:45:57.483Z] OrderImport: found 0 file(s)
OrderImport: nothing to do.

> eform@1.0.0 import:orders
> node scripts/runOrderImport.js

[2026-05-18T07:46:28.178Z] OrderImport: found 0 file(s)
OrderImport: nothing to do.

> eform@1.0.0 import:orders
> node scripts/runOrderImport.js

[2026-05-18T07:46:58.869Z] OrderImport: found 0 file(s)
OrderImport: nothing to do.

> eform@1.0.0 import:orders
> node scripts/runOrderImport.js

[2026-05-18T07:47:29.535Z] OrderImport: found 0 file(s)
OrderImport: nothing to do.

> eform@1.0.0 import:orders
> node scripts/runOrderImport.js

[2026-05-18T07:48:00.253Z] OrderImport: found 0 file(s)
OrderImport: nothing to do.

> eform@1.0.0 import:orders
> node scripts/runOrderImport.js

[2026-05-18T07:48:30.964Z] OrderImport: found 0 file(s)
OrderImport: nothing to do.

> eform@1.0.0 import:orders
> node scripts/runOrderImport.js

[2026-05-18T07:49:01.635Z] OrderImport: found 0 file(s)
OrderImport: nothing to do.

> eform@1.0.0 import:orders
> node scripts/runOrderImport.js

[2026-05-18T07:49:32.292Z] OrderImport: found 0 file(s)
OrderImport: nothing to do.

> eform@1.0.0 import:orders
> node scripts/runOrderImport.js

[2026-05-18T07:50:03.130Z] OrderImport: found 0 file(s)
OrderImport: nothing to do.

> eform@1.0.0 import:orders
> node scripts/runOrderImport.js

[2026-05-18T07:50:33.857Z] OrderImport: found 0 file(s)
OrderImport: nothing to do.

> eform@1.0.0 import:orders
> node scripts/runOrderImport.js

[2026-05-18T07:51:04.518Z] OrderImport: found 0 file(s)
OrderImport: nothing to do.

> eform@1.0.0 import:orders
> node scripts/runOrderImport.js

[2026-05-18T07:51:35.201Z] OrderImport: found 0 file(s)
OrderImport: nothing to do.

> eform@1.0.0 import:orders
> node scripts/runOrderImport.js

[2026-05-18T07:52:05.856Z] OrderImport: found 0 file(s)
OrderImport: nothing to do.

> eform@1.0.0 import:orders
> node scripts/runOrderImport.js

[2026-05-18T07:52:36.526Z] OrderImport: found 0 file(s)
OrderImport: nothing to do.

> eform@1.0.0 import:orders
> node scripts/runOrderImport.js

[2026-05-18T07:53:07.216Z] OrderImport: found 0 file(s)
OrderImport: nothing to do.

> eform@1.0.0 import:orders
> node scripts/runOrderImport.js

[2026-05-18T07:53:37.876Z] OrderImport: found 0 file(s)
OrderImport: nothing to do.

> eform@1.0.0 import:orders
> node scripts/runOrderImport.js

[2026-05-18T07:54:08.568Z] OrderImport: found 0 file(s)
OrderImport: nothing to do.

> eform@1.0.0 import:orders
> node scripts/runOrderImport.js

[2026-05-18T07:54:39.268Z] OrderImport: found 0 file(s)
OrderImport: nothing to do.

> eform@1.0.0 import:orders
> node scripts/runOrderImport.js

[2026-05-18T07:55:09.959Z] OrderImport: found 0 file(s)
OrderImport: nothing to do.

> eform@1.0.0 import:orders
> node scripts/runOrderImport.js

[2026-05-18T07:55:40.654Z] OrderImport: found 0 file(s)
OrderImport: nothing to do.

> eform@1.0.0 import:orders
> node scripts/runOrderImport.js

[2026-05-18T07:56:11.342Z] OrderImport: found 0 file(s)
OrderImport: nothing to do.

> eform@1.0.0 import:orders
> node scripts/runOrderImport.js

[2026-05-18T07:56:42.040Z] OrderImport: found 0 file(s)
OrderImport: nothing to do.

> eform@1.0.0 import:orders
> node scripts/runOrderImport.js

[2026-05-18T07:57:12.741Z] OrderImport: found 0 file(s)
OrderImport: nothing to do.

> eform@1.0.0 import:orders
> node scripts/runOrderImport.js

[2026-05-18T07:57:43.387Z] OrderImport: found 0 file(s)
OrderImport: nothing to do.

> eform@1.0.0 import:orders
> node scripts/runOrderImport.js

[2026-05-18T07:58:14.102Z] OrderImport: found 0 file(s)
OrderImport: nothing to do.

> eform@1.0.0 import:orders
> node scripts/runOrderImport.js

[2026-05-18T07:58:44.788Z] OrderImport: found 0 file(s)
OrderImport: nothing to do.

> eform@1.0.0 import:orders
> node scripts/runOrderImport.js

[2026-05-18T07:59:15.493Z] OrderImport: found 0 file(s)
OrderImport: nothing to do.

> eform@1.0.0 import:orders
> node scripts/runOrderImport.js

[2026-05-18T07:59:46.145Z] OrderImport: found 0 file(s)
OrderImport: nothing to do.

> eform@1.0.0 import:orders
> node scripts/runOrderImport.js

[2026-05-18T08:00:16.834Z] OrderImport: found 0 file(s)
OrderImport: nothing to do.

> eform@1.0.0 import:orders
> node scripts/runOrderImport.js

[2026-05-18T08:00:47.532Z] OrderImport: found 0 file(s)
OrderImport: nothing to do.

> eform@1.0.0 import:orders
> node scripts/runOrderImport.js

[2026-05-18T08:01:18.224Z] OrderImport: found 0 file(s)
OrderImport: nothing to do.

> eform@1.0.0 import:orders
> node scripts/runOrderImport.js

[2026-05-18T08:01:48.879Z] OrderImport: found 0 file(s)
OrderImport: nothing to do.

> eform@1.0.0 import:orders
> node scripts/runOrderImport.js

[2026-05-18T08:02:19.541Z] OrderImport: found 0 file(s)
OrderImport: nothing to do.

> eform@1.0.0 import:orders
> node scripts/runOrderImport.js

[2026-05-18T08:02:50.226Z] OrderImport: found 0 file(s)
OrderImport: nothing to do.

> eform@1.0.0 import:orders
> node scripts/runOrderImport.js

[2026-05-18T08:03:20.909Z] OrderImport: found 0 file(s)
OrderImport: nothing to do.

> eform@1.0.0 import:orders
> node scripts/runOrderImport.js

[2026-05-18T08:03:51.623Z] OrderImport: found 0 file(s)
OrderImport: nothing to do.

> eform@1.0.0 import:orders
> node scripts/runOrderImport.js

[2026-05-18T08:04:22.318Z] OrderImport: found 0 file(s)
OrderImport: nothing to do.

> eform@1.0.0 import:orders
> node scripts/runOrderImport.js

[2026-05-18T08:04:52.993Z] OrderImport: found 0 file(s)
OrderImport: nothing to do.

> eform@1.0.0 import:orders
> node scripts/runOrderImport.js

[2026-05-18T08:05:23.723Z] OrderImport: found 0 file(s)
OrderImport: nothing to do.

> eform@1.0.0 import:orders
> node scripts/runOrderImport.js

[2026-05-18T08:05:54.397Z] OrderImport: found 0 file(s)
OrderImport: nothing to do.

> eform@1.0.0 import:orders
> node scripts/runOrderImport.js

[2026-05-18T08:06:25.095Z] OrderImport: found 0 file(s)
OrderImport: nothing to do.

> eform@1.0.0 import:orders
> node scripts/runOrderImport.js

[2026-05-18T08:06:55.839Z] OrderImport: found 0 file(s)
OrderImport: nothing to do.

> eform@1.0.0 import:orders
> node scripts/runOrderImport.js

[2026-05-18T08:07:26.537Z] OrderImport: found 0 file(s)
OrderImport: nothing to do.

> eform@1.0.0 import:orders
> node scripts/runOrderImport.js

[2026-05-18T08:07:57.206Z] OrderImport: found 0 file(s)
OrderImport: nothing to do.

> eform@1.0.0 import:orders
> node scripts/runOrderImport.js

[2026-05-18T08:08:27.881Z] OrderImport: found 0 file(s)
OrderImport: nothing to do.

> eform@1.0.0 import:orders
> node scripts/runOrderImport.js

[2026-05-18T08:08:58.569Z] OrderImport: found 0 file(s)
OrderImport: nothing to do.

> eform@1.0.0 import:orders
> node scripts/runOrderImport.js

[2026-05-18T08:09:29.257Z] OrderImport: found 0 file(s)
OrderImport: nothing to do.

> eform@1.0.0 import:orders
> node scripts/runOrderImport.js

[2026-05-18T08:09:59.952Z] OrderImport: found 0 file(s)
OrderImport: nothing to do.

> eform@1.0.0 import:orders
> node scripts/runOrderImport.js

[2026-05-18T08:10:30.622Z] OrderImport: found 0 file(s)
OrderImport: nothing to do.

> eform@1.0.0 import:orders
> node scripts/runOrderImport.js

[2026-05-18T08:11:01.316Z] OrderImport: found 0 file(s)
OrderImport: nothing to do.

> eform@1.0.0 import:orders
> node scripts/runOrderImport.js

[2026-05-18T08:11:31.982Z] OrderImport: found 0 file(s)
OrderImport: nothing to do.

> eform@1.0.0 import:orders
> node scripts/runOrderImport.js

[2026-05-18T08:12:02.669Z] OrderImport: found 0 file(s)
OrderImport: nothing to do.

> eform@1.0.0 import:orders
> node scripts/runOrderImport.js

[2026-05-18T08:12:33.344Z] OrderImport: found 0 file(s)
OrderImport: nothing to do.

> eform@1.0.0 import:orders
> node scripts/runOrderImport.js

[2026-05-18T08:13:04.018Z] OrderImport: found 0 file(s)
OrderImport: nothing to do.

> eform@1.0.0 import:orders
> node scripts/runOrderImport.js

[2026-05-18T08:13:34.726Z] OrderImport: found 0 file(s)
OrderImport: nothing to do.

> eform@1.0.0 import:orders
> node scripts/runOrderImport.js

[2026-05-18T08:14:05.428Z] OrderImport: found 0 file(s)
OrderImport: nothing to do.

> eform@1.0.0 import:orders
> node scripts/runOrderImport.js

[2026-05-18T08:14:36.092Z] OrderImport: found 0 file(s)
OrderImport: nothing to do.

> eform@1.0.0 import:orders
> node scripts/runOrderImport.js

[2026-05-18T08:15:06.827Z] OrderImport: found 0 file(s)
OrderImport: nothing to do.

> eform@1.0.0 import:orders
> node scripts/runOrderImport.js

[2026-05-18T08:15:37.529Z] OrderImport: found 0 file(s)
OrderImport: nothing to do.

> eform@1.0.0 import:orders
> node scripts/runOrderImport.js

[2026-05-18T08:16:08.193Z] OrderImport: found 0 file(s)
OrderImport: nothing to do.

> eform@1.0.0 import:orders
> node scripts/runOrderImport.js

[2026-05-18T08:16:38.872Z] OrderImport: found 0 file(s)
OrderImport: nothing to do.

> eform@1.0.0 import:orders
> node scripts/runOrderImport.js

[2026-05-18T08:17:09.567Z] OrderImport: found 0 file(s)
OrderImport: nothing to do.

> eform@1.0.0 import:orders
> node scripts/runOrderImport.js

[2026-05-18T08:17:40.260Z] OrderImport: found 0 file(s)
OrderImport: nothing to do.

> eform@1.0.0 import:orders
> node scripts/runOrderImport.js

[2026-05-18T08:18:10.951Z] OrderImport: found 0 file(s)
OrderImport: nothing to do.

> eform@1.0.0 import:orders
> node scripts/runOrderImport.js

[2026-05-18T08:18:41.658Z] OrderImport: found 0 file(s)
OrderImport: nothing to do.

> eform@1.0.0 import:orders
> node scripts/runOrderImport.js

[2026-05-18T08:19:12.367Z] OrderImport: found 0 file(s)
OrderImport: nothing to do.

> eform@1.0.0 import:orders
> node scripts/runOrderImport.js

[2026-05-18T08:19:43.045Z] OrderImport: found 0 file(s)
OrderImport: nothing to do.

> eform@1.0.0 import:orders
> node scripts/runOrderImport.js

[2026-05-18T08:20:13.744Z] OrderImport: found 0 file(s)
OrderImport: nothing to do.

> eform@1.0.0 import:orders
> node scripts/runOrderImport.js

[2026-05-18T08:20:44.442Z] OrderImport: found 0 file(s)
OrderImport: nothing to do.

> eform@1.0.0 import:orders
> node scripts/runOrderImport.js

[2026-05-18T08:21:15.167Z] OrderImport: found 0 file(s)
OrderImport: nothing to do.

> eform@1.0.0 import:orders
> node scripts/runOrderImport.js

[2026-05-18T08:21:45.888Z] OrderImport: found 0 file(s)
OrderImport: nothing to do.

> eform@1.0.0 import:orders
> node scripts/runOrderImport.js

[2026-05-18T08:22:16.534Z] OrderImport: found 0 file(s)
OrderImport: nothing to do.

> eform@1.0.0 import:orders
> node scripts/runOrderImport.js

[2026-05-18T08:22:47.250Z] OrderImport: found 0 file(s)
OrderImport: nothing to do.

> eform@1.0.0 import:orders
> node scripts/runOrderImport.js

[2026-05-18T08:23:17.960Z] OrderImport: found 0 file(s)
OrderImport: nothing to do.

> eform@1.0.0 import:orders
> node scripts/runOrderImport.js

[2026-05-18T08:23:48.665Z] OrderImport: found 0 file(s)
OrderImport: nothing to do.

> eform@1.0.0 import:orders
> node scripts/runOrderImport.js

[2026-05-18T08:24:19.351Z] OrderImport: found 0 file(s)
OrderImport: nothing to do.

> eform@1.0.0 import:orders
> node scripts/runOrderImport.js

[2026-05-18T08:24:50.036Z] OrderImport: found 0 file(s)
OrderImport: nothing to do.

> eform@1.0.0 import:orders
> node scripts/runOrderImport.js

[2026-05-18T08:25:20.709Z] OrderImport: found 0 file(s)
OrderImport: nothing to do.

> eform@1.0.0 import:orders
> node scripts/runOrderImport.js

[2026-05-18T08:25:51.381Z] OrderImport: found 0 file(s)
OrderImport: nothing to do.

> eform@1.0.0 import:orders
> node scripts/runOrderImport.js

[2026-05-18T08:26:22.049Z] OrderImport: found 0 file(s)
OrderImport: nothing to do.

> eform@1.0.0 import:orders
> node scripts/runOrderImport.js

[2026-05-18T08:26:52.710Z] OrderImport: found 0 file(s)
OrderImport: nothing to do.

> eform@1.0.0 import:orders
> node scripts/runOrderImport.js

[2026-05-18T08:27:23.447Z] OrderImport: found 0 file(s)
OrderImport: nothing to do.

> eform@1.0.0 import:orders
> node scripts/runOrderImport.js

[2026-05-18T08:27:54.127Z] OrderImport: found 0 file(s)
OrderImport: nothing to do.

> eform@1.0.0 import:orders
> node scripts/runOrderImport.js

[2026-05-18T08:28:24.804Z] OrderImport: found 0 file(s)
OrderImport: nothing to do.

> eform@1.0.0 import:orders
> node scripts/runOrderImport.js

[2026-05-18T08:28:55.460Z] OrderImport: found 0 file(s)
OrderImport: nothing to do.

> eform@1.0.0 import:orders
> node scripts/runOrderImport.js

[2026-05-18T08:29:26.159Z] OrderImport: found 0 file(s)
OrderImport: nothing to do.

> eform@1.0.0 import:orders
> node scripts/runOrderImport.js

[2026-05-18T08:29:56.844Z] OrderImport: found 0 file(s)
OrderImport: nothing to do.

> eform@1.0.0 import:orders
> node scripts/runOrderImport.js

[2026-05-18T08:30:27.507Z] OrderImport: found 0 file(s)
OrderImport: nothing to do.

> eform@1.0.0 import:orders
> node scripts/runOrderImport.js

[2026-05-18T08:30:58.189Z] OrderImport: found 0 file(s)
OrderImport: nothing to do.

> eform@1.0.0 import:orders
> node scripts/runOrderImport.js

[2026-05-18T08:31:28.876Z] OrderImport: found 0 file(s)
OrderImport: nothing to do.

> eform@1.0.0 import:orders
> node scripts/runOrderImport.js

[2026-05-18T08:31:59.559Z] OrderImport: found 0 file(s)
OrderImport: nothing to do.

> eform@1.0.0 import:orders
> node scripts/runOrderImport.js

[2026-05-18T08:32:30.265Z] OrderImport: found 0 file(s)
OrderImport: nothing to do.

> eform@1.0.0 import:orders
> node scripts/runOrderImport.js

[2026-05-18T08:33:00.978Z] OrderImport: found 0 file(s)
OrderImport: nothing to do.

> eform@1.0.0 import:orders
> node scripts/runOrderImport.js

[2026-05-18T08:33:31.662Z] OrderImport: found 0 file(s)
OrderImport: nothing to do.

> eform@1.0.0 import:orders
> node scripts/runOrderImport.js

[2026-05-18T08:34:02.379Z] OrderImport: found 0 file(s)
OrderImport: nothing to do.

> eform@1.0.0 import:orders
> node scripts/runOrderImport.js

[2026-05-18T08:34:33.103Z] OrderImport: found 0 file(s)
OrderImport: nothing to do.
